customer_id,customer_name,email,country,city,signup_date,customer_segment
C00001,Customer 00001,customer00001@example.com,UK,London,2025-10-31,New
C00002,Customer 00002,customer00002@example.com,Singapore,Singapore,2025-04-10,New
C00003,Customer 00003,customer00003@example.com,Australia,Brisbane,2025-10-12,New
C00004,Customer 00004,customer00004@example.com,USA,Austin,2024-08-08,Regular
C00005,Customer 00005,customer00005@example.com,India,Bengaluru,2024-09-29,Regular
C00006,Customer 00006,customer00006@example.com,India,Bengaluru,2024-06-02,Regular
C00007,Customer 00007,customer00007@example.com,India,Bengaluru,2024-09-05,New
C00008,Customer 00008,customer00008@example.com,France,Marseille,2024-10-05,Premium
C00009,Customer 00009,customer00009@example.com,USA,New York,2025-03-15,Premium
C00010,Customer 00010,customer00010@example.com,Canada,Montreal,2024-10-02,VIP
C00011,Customer 00011,customer00011@example.com,India,Pune,2025-05-28,Premium
C00012,Customer 00012,customer00012@example.com,Singapore,Singapore,2024-03-28,Premium
C00013,Customer 00013,customer00013@example.com,Germany,Hamburg,2025-10-03,Premium
C00014,Customer 00014,customer00014@example.com,India,Delhi,2025-05-19,Regular
C00015,Customer 00015,customer00015@example.com,India,Hyderabad,2025-08-12,New
C00016,Customer 00016,customer00016@example.com,India,Hyderabad,2024-08-28,Regular
C00017,Customer 00017,customer00017@example.com,India,Hyderabad,2025-10-14,New
C00018,Customer 00018,customer00018@example.com,USA,Chicago,2025-11-05,Premium
C00019,Customer 00019,customer00019@example.com,UK,Manchester,2024-08-23,Regular
C00020,Customer 00020,customer00020@example.com,India,Chennai,2024-05-07,Regular
C00021,Customer 00021,customer00021@example.com,USA,San Francisco,2025-05-17,New
C00022,Customer 00022,customer00022@example.com,India,Hyderabad,2024-07-18,Regular
C00023,Customer 00023,customer00023@example.com,India,Chennai,2025-06-26,Regular
C00024,Customer 00024,customer00024@example.com,UK,Manchester,2025-05-16,Regular
C00025,Customer 00025,customer00025@example.com,UK,Leeds,2025-10-11,Regular
C00026,Customer 00026,customer00026@example.com,Germany,Berlin,2025-05-06,New
C00027,Customer 00027,customer00027@example.com,India,Delhi,2024-01-21,Regular
C00028,Customer 00028,customer00028@example.com,USA,San Francisco,2024-08-21,Regular
C00029,Customer 00029,customer00029@example.com,USA,Austin,2025-12-14,Premium
C00030,Customer 00030,customer00030@example.com,India,Hyderabad,2025-10-04,Regular
C00031,Customer 00031,customer00031@example.com,USA,Chicago,2025-02-19,Regular
C00032,Customer 00032,customer00032@example.com,India,Pune,2024-05-27,VIP
C00033,Customer 00033,customer00033@example.com,India,Delhi,2024-01-29,Regular
C00034,Customer 00034,customer00034@example.com,UAE,Abu Dhabi,2024-12-26,Regular
C00035,Customer 00035,customer00035@example.com,Singapore,Singapore,2024-11-03,Regular
C00036,Customer 00036,customer00036@example.com,Germany,Berlin,2024-06-10,Premium
C00037,Customer 00037,customer00037@example.com,India,Bengaluru,2024-03-01,Regular
C00038,Customer 00038,customer00038@example.com,India,Mumbai,2024-05-04,Regular
C00039,Customer 00039,customer00039@example.com,Canada,Toronto,2025-03-31,Premium
C00040,Customer 00040,customer00040@example.com,UK,London,2024-03-11,New
C00041,Customer 00041,customer00041@example.com,India,Delhi,2025-04-10,Premium
C00042,Customer 00042,customer00042@example.com,UK,London,2024-08-30,Regular
C00043,Customer 00043,customer00043@example.com,India,Mumbai,2025-05-04,Regular
C00044,Customer 00044,customer00044@example.com,UAE,Abu Dhabi,2024-08-08,Premium
C00045,Customer 00045,customer00045@example.com,India,Chennai,2025-04-17,Regular
C00046,Customer 00046,customer00046@example.com,Canada,Vancouver,2025-06-16,Premium
C00047,Customer 00047,customer00047@example.com,India,Hyderabad,2025-05-08,VIP
C00048,Customer 00048,customer00048@example.com,USA,Seattle,2024-03-22,Regular
C00049,Customer 00049,customer00049@example.com,USA,San Francisco,2025-06-05,Premium
C00050,Customer 00050,customer00050@example.com,India,Hyderabad,2024-01-12,New
C00051,Customer 00051,customer00051@example.com,Singapore,Singapore,2024-09-19,Premium
C00052,Customer 00052,customer00052@example.com,Australia,Sydney,2025-10-18,Regular
C00053,Customer 00053,customer00053@example.com,UAE,Sharjah,2025-03-24,Regular
C00054,Customer 00054,customer00054@example.com,France,Lyon,2024-07-10,Regular
C00055,Customer 00055,customer00055@example.com,USA,San Francisco,2024-04-23,Regular
C00056,Customer 00056,customer00056@example.com,UAE,Abu Dhabi,2024-01-26,New
C00057,Customer 00057,customer00057@example.com,India,Chennai,2025-05-13,Premium
C00058,Customer 00058,customer00058@example.com,India,Bengaluru,2025-05-22,Premium
C00059,Customer 00059,customer00059@example.com,India,Pune,2025-06-28,New
C00060,Customer 00060,customer00060@example.com,India,Hyderabad,2024-03-02,New
C00061,Customer 00061,customer00061@example.com,UK,London,2024-08-16,Premium
C00062,Customer 00062,customer00062@example.com,India,Pune,2025-08-29,Regular
C00063,Customer 00063,customer00063@example.com,Germany,Berlin,2024-02-04,New
C00064,Customer 00064,customer00064@example.com,UK,Birmingham,2025-12-05,Regular
C00065,Customer 00065,customer00065@example.com,India,Hyderabad,2025-03-31,Regular
C00066,Customer 00066,customer00066@example.com,USA,Chicago,2025-08-10,New
C00067,Customer 00067,customer00067@example.com,India,Hyderabad,2025-05-16,Premium
C00068,Customer 00068,customer00068@example.com,Germany,Munich,2025-08-17,Regular
C00069,Customer 00069,customer00069@example.com,India,Mumbai,2024-01-25,New
C00070,Customer 00070,customer00070@example.com,Netherlands,Rotterdam,2025-07-22,Premium
C00071,Customer 00071,customer00071@example.com,Australia,Brisbane,2024-02-01,Regular
C00072,Customer 00072,customer00072@example.com,India,Mumbai,2024-01-12,Regular
C00073,Customer 00073,customer00073@example.com,India,Bengaluru,2024-11-14,New
C00074,Customer 00074,customer00074@example.com,Germany,Munich,2025-08-26,New
C00075,Customer 00075,customer00075@example.com,Canada,Vancouver,2024-01-01,Regular
C00076,Customer 00076,customer00076@example.com,Australia,Sydney,2025-03-10,New
C00077,Customer 00077,customer00077@example.com,Australia,Brisbane,2024-05-15,Regular
C00078,Customer 00078,customer00078@example.com,India,Mumbai,2024-07-14,New
C00079,Customer 00079,customer00079@example.com,UK,London,2024-05-12,Regular
C00080,Customer 00080,customer00080@example.com,India,Chennai,2024-03-26,Premium
C00081,Customer 00081,customer00081@example.com,France,Marseille,2025-04-20,Regular
C00082,Customer 00082,customer00082@example.com,USA,Chicago,2024-11-19,Regular
C00083,Customer 00083,customer00083@example.com,India,Chennai,2024-06-28,Premium
C00084,Customer 00084,customer00084@example.com,India,Pune,2025-05-30,Regular
C00085,Customer 00085,customer00085@example.com,India,Bengaluru,2025-09-29,Regular
C00086,Customer 00086,customer00086@example.com,India,Bengaluru,2024-06-23,Regular
C00087,Customer 00087,customer00087@example.com,Australia,Melbourne,2024-01-21,Premium
C00088,Customer 00088,customer00088@example.com,USA,Seattle,2024-04-14,New
C00089,Customer 00089,customer00089@example.com,France,Lyon,2025-07-31,Regular
C00090,Customer 00090,customer00090@example.com,UK,Manchester,2025-03-18,Regular
C00091,Customer 00091,customer00091@example.com,India,Pune,2024-02-18,Regular
C00092,Customer 00092,customer00092@example.com,Canada,Vancouver,2025-06-11,Premium
C00093,Customer 00093,customer00093@example.com,Australia,Sydney,2024-05-24,Regular
C00094,Customer 00094,customer00094@example.com,USA,Chicago,2024-12-05,New
C00095,Customer 00095,customer00095@example.com,Australia,Sydney,2024-12-19,VIP
C00096,Customer 00096,customer00096@example.com,UK,Birmingham,2024-03-15,New
C00097,Customer 00097,customer00097@example.com,USA,Seattle,2025-07-31,New
C00098,Customer 00098,customer00098@example.com,UK,Birmingham,2025-09-28,Regular
C00099,Customer 00099,customer00099@example.com,India,Hyderabad,2024-11-14,Premium
C00100,Customer 00100,customer00100@example.com,India,Bengaluru,2024-03-27,Premium
C00101,Customer 00101,customer00101@example.com,India,Chennai,2025-07-06,Premium
C00102,Customer 00102,customer00102@example.com,USA,Austin,2025-11-28,New
C00103,Customer 00103,customer00103@example.com,India,Bengaluru,2024-02-11,Regular
C00104,Customer 00104,customer00104@example.com,UK,Leeds,2024-04-02,Regular
C00105,Customer 00105,customer00105@example.com,UAE,Abu Dhabi,2025-11-27,Premium
C00106,Customer 00106,customer00106@example.com,India,Pune,2025-12-27,Regular
C00107,Customer 00107,customer00107@example.com,UK,Leeds,2025-05-21,New
C00108,Customer 00108,customer00108@example.com,Australia,Sydney,2025-06-12,Regular
C00109,Customer 00109,customer00109@example.com,India,Mumbai,2024-09-21,Regular
C00110,Customer 00110,customer00110@example.com,India,Bengaluru,2025-09-17,Regular
C00111,Customer 00111,customer00111@example.com,India,Bengaluru,2024-10-18,Premium
C00112,Customer 00112,customer00112@example.com,India,Pune,2025-04-08,Regular
C00113,Customer 00113,customer00113@example.com,UAE,Sharjah,2025-07-13,Regular
C00114,Customer 00114,customer00114@example.com,Germany,Hamburg,2024-04-06,Regular
C00115,Customer 00115,customer00115@example.com,USA,Austin,2024-04-04,Regular
C00116,Customer 00116,customer00116@example.com,France,Marseille,2024-11-21,New
C00117,Customer 00117,customer00117@example.com,Germany,Hamburg,2024-03-14,Regular
C00118,Customer 00118,customer00118@example.com,India,Delhi,2024-12-01,New
C00119,Customer 00119,customer00119@example.com,France,Marseille,2024-03-08,Premium
C00120,Customer 00120,customer00120@example.com,USA,Seattle,2024-03-17,New
C00121,Customer 00121,customer00121@example.com,Germany,Munich,2024-07-26,Regular
C00122,Customer 00122,customer00122@example.com,France,Paris,2024-08-08,Regular
C00123,Customer 00123,customer00123@example.com,India,Bengaluru,2024-09-18,Premium
C00124,Customer 00124,customer00124@example.com,India,Chennai,2025-02-13,Regular
C00125,Customer 00125,customer00125@example.com,India,Delhi,2024-11-26,Premium
C00126,Customer 00126,customer00126@example.com,UK,London,2024-12-09,Premium
C00127,Customer 00127,customer00127@example.com,Germany,Berlin,2024-03-14,Premium
C00128,Customer 00128,customer00128@example.com,France,Paris,2025-09-28,Premium
C00129,Customer 00129,customer00129@example.com,India,Bengaluru,2025-11-30,New
C00130,Customer 00130,customer00130@example.com,USA,Chicago,2024-09-10,Premium
C00131,Customer 00131,customer00131@example.com,UK,Leeds,2024-11-27,Premium
C00132,Customer 00132,customer00132@example.com,India,Chennai,2025-02-01,VIP
C00133,Customer 00133,customer00133@example.com,India,Hyderabad,2024-12-10,New
C00134,Customer 00134,customer00134@example.com,India,Delhi,2025-08-06,Regular
C00135,Customer 00135,customer00135@example.com,UAE,Abu Dhabi,2025-10-29,New
C00136,Customer 00136,customer00136@example.com,India,Chennai,2025-03-30,Regular
C00137,Customer 00137,customer00137@example.com,USA,Seattle,2024-04-24,Premium
C00138,Customer 00138,customer00138@example.com,Canada,Montreal,2024-11-08,VIP
C00139,Customer 00139,customer00139@example.com,UK,Birmingham,2024-08-15,Regular
C00140,Customer 00140,customer00140@example.com,Singapore,Singapore,2024-09-01,Premium
C00141,Customer 00141,customer00141@example.com,Singapore,Singapore,2025-06-09,New
C00142,Customer 00142,customer00142@example.com,India,Pune,2025-06-11,New
C00143,Customer 00143,customer00143@example.com,UK,Birmingham,2025-03-02,Regular
C00144,Customer 00144,customer00144@example.com,India,Pune,2024-02-11,Regular
C00145,Customer 00145,customer00145@example.com,India,Mumbai,2025-04-09,Premium
C00146,Customer 00146,customer00146@example.com,India,Hyderabad,2025-09-13,Regular
C00147,Customer 00147,customer00147@example.com,USA,Austin,2024-10-04,Regular
C00148,Customer 00148,customer00148@example.com,UK,Leeds,2024-01-19,Regular
C00149,Customer 00149,customer00149@example.com,India,Bengaluru,2024-03-06,Regular
C00150,Customer 00150,customer00150@example.com,India,Delhi,2024-06-15,Premium
C00151,Customer 00151,customer00151@example.com,UAE,Dubai,2025-08-07,Regular
C00152,Customer 00152,customer00152@example.com,India,Pune,2025-02-06,Regular
C00153,Customer 00153,customer00153@example.com,India,Pune,2025-02-12,Premium
C00154,Customer 00154,customer00154@example.com,UK,Birmingham,2024-04-21,Regular
C00155,Customer 00155,customer00155@example.com,Netherlands,Amsterdam,2024-09-30,Premium
C00156,Customer 00156,customer00156@example.com,India,Chennai,2025-02-10,New
C00157,Customer 00157,customer00157@example.com,Canada,Toronto,2025-01-07,New
C00158,Customer 00158,customer00158@example.com,Australia,Brisbane,2025-08-19,VIP
C00159,Customer 00159,customer00159@example.com,India,Mumbai,2025-10-12,Premium
C00160,Customer 00160,customer00160@example.com,Australia,Brisbane,2024-02-08,Regular
C00161,Customer 00161,customer00161@example.com,UK,Manchester,2024-04-14,Regular
C00162,Customer 00162,customer00162@example.com,USA,Chicago,2024-11-19,Premium
C00163,Customer 00163,customer00163@example.com,USA,Austin,2025-02-17,New
C00164,Customer 00164,customer00164@example.com,USA,Chicago,2025-03-04,New
C00165,Customer 00165,customer00165@example.com,India,Chennai,2025-09-26,Regular
C00166,Customer 00166,customer00166@example.com,Germany,Hamburg,2025-12-30,New
C00167,Customer 00167,customer00167@example.com,India,Hyderabad,2024-03-01,New
C00168,Customer 00168,customer00168@example.com,India,Chennai,2025-09-03,Premium
C00169,Customer 00169,customer00169@example.com,India,Mumbai,2024-11-02,New
C00170,Customer 00170,customer00170@example.com,USA,Seattle,2024-12-19,Premium
C00171,Customer 00171,customer00171@example.com,Canada,Toronto,2025-01-27,Regular
C00172,Customer 00172,customer00172@example.com,India,Hyderabad,2024-07-22,Regular
C00173,Customer 00173,customer00173@example.com,USA,Austin,2024-09-14,Regular
C00174,Customer 00174,customer00174@example.com,India,Mumbai,2025-04-30,Regular
C00175,Customer 00175,customer00175@example.com,USA,Chicago,2025-05-31,New
C00176,Customer 00176,customer00176@example.com,India,Hyderabad,2025-03-21,New
C00177,Customer 00177,customer00177@example.com,Canada,Toronto,2025-12-09,Premium
C00178,Customer 00178,customer00178@example.com,UK,London,2024-06-28,Regular
C00179,Customer 00179,customer00179@example.com,UAE,Dubai,2024-12-07,New
C00180,Customer 00180,customer00180@example.com,India,Pune,2024-05-12,VIP
C00181,Customer 00181,customer00181@example.com,India,Delhi,2025-03-18,VIP
C00182,Customer 00182,customer00182@example.com,India,Hyderabad,2024-09-09,Regular
C00183,Customer 00183,customer00183@example.com,UAE,Sharjah,2024-09-21,New
C00184,Customer 00184,customer00184@example.com,France,Paris,2024-04-02,Premium
C00185,Customer 00185,customer00185@example.com,India,Bengaluru,2025-10-23,Premium
C00186,Customer 00186,customer00186@example.com,Canada,Montreal,2025-02-14,New
C00187,Customer 00187,customer00187@example.com,Germany,Munich,2024-05-17,New
C00188,Customer 00188,customer00188@example.com,USA,San Francisco,2024-07-26,Premium
C00189,Customer 00189,customer00189@example.com,USA,Chicago,2025-09-28,Premium
C00190,Customer 00190,customer00190@example.com,India,Mumbai,2025-07-26,Premium
C00191,Customer 00191,customer00191@example.com,India,Chennai,2024-11-02,New
C00192,Customer 00192,customer00192@example.com,France,Marseille,2024-09-22,Regular
C00193,Customer 00193,customer00193@example.com,UAE,Abu Dhabi,2025-10-07,Regular
C00194,Customer 00194,customer00194@example.com,USA,Chicago,2024-11-13,New
C00195,Customer 00195,customer00195@example.com,India,Chennai,2024-04-22,New
C00196,Customer 00196,customer00196@example.com,India,Pune,2025-01-12,Regular
C00197,Customer 00197,customer00197@example.com,Australia,Brisbane,2025-03-29,Regular
C00198,Customer 00198,customer00198@example.com,France,Paris,2024-07-09,Regular
C00199,Customer 00199,customer00199@example.com,France,Marseille,2025-03-15,Premium
C00200,Customer 00200,customer00200@example.com,Australia,Melbourne,2024-07-05,Premium
C00201,Customer 00201,customer00201@example.com,USA,Seattle,2025-01-01,Premium
C00202,Customer 00202,customer00202@example.com,India,Pune,2024-03-29,Premium
C00203,Customer 00203,customer00203@example.com,India,Pune,2024-07-05,Regular
C00204,Customer 00204,customer00204@example.com,France,Lyon,2024-05-11,Regular
C00205,Customer 00205,customer00205@example.com,USA,Seattle,2025-09-26,Regular
C00206,Customer 00206,customer00206@example.com,India,Chennai,2025-07-13,New
C00207,Customer 00207,customer00207@example.com,India,Delhi,2025-01-10,Premium
C00208,Customer 00208,customer00208@example.com,Canada,Toronto,2025-11-21,New
C00209,Customer 00209,customer00209@example.com,India,Bengaluru,2025-11-22,Regular
C00210,Customer 00210,customer00210@example.com,India,Bengaluru,2024-04-08,Regular
C00211,Customer 00211,customer00211@example.com,USA,New York,2024-02-03,Regular
C00212,Customer 00212,customer00212@example.com,Canada,Vancouver,2025-08-04,Regular
C00213,Customer 00213,customer00213@example.com,Canada,Toronto,2024-06-19,Regular
C00214,Customer 00214,customer00214@example.com,India,Chennai,2024-12-31,Regular
C00215,Customer 00215,customer00215@example.com,Canada,Montreal,2024-02-28,New
C00216,Customer 00216,customer00216@example.com,India,Bengaluru,2024-06-29,Premium
C00217,Customer 00217,customer00217@example.com,India,Chennai,2024-01-19,Regular
C00218,Customer 00218,customer00218@example.com,Australia,Sydney,2024-08-13,Regular
C00219,Customer 00219,customer00219@example.com,USA,New York,2025-04-17,Regular
C00220,Customer 00220,customer00220@example.com,Germany,Berlin,2024-04-04,New
C00221,Customer 00221,customer00221@example.com,Canada,Montreal,2024-10-23,Regular
C00222,Customer 00222,customer00222@example.com,USA,New York,2025-08-15,Regular
C00223,Customer 00223,customer00223@example.com,India,Bengaluru,2024-06-23,Premium
C00224,Customer 00224,customer00224@example.com,UK,London,2024-08-09,Regular
C00225,Customer 00225,customer00225@example.com,India,Hyderabad,2025-09-06,New
C00226,Customer 00226,customer00226@example.com,India,Mumbai,2024-02-23,Regular
C00227,Customer 00227,customer00227@example.com,Singapore,Singapore,2025-11-25,New
C00228,Customer 00228,customer00228@example.com,UK,Manchester,2025-02-06,New
C00229,Customer 00229,customer00229@example.com,France,Lyon,2024-11-13,Regular
C00230,Customer 00230,customer00230@example.com,USA,Seattle,2024-12-14,Regular
C00231,Customer 00231,customer00231@example.com,Germany,Berlin,2025-03-18,Regular
C00232,Customer 00232,customer00232@example.com,UK,Manchester,2025-08-02,Premium
C00233,Customer 00233,customer00233@example.com,USA,San Francisco,2025-06-23,Premium
C00234,Customer 00234,customer00234@example.com,UK,Leeds,2024-10-08,Premium
C00235,Customer 00235,customer00235@example.com,India,Bengaluru,2024-12-25,New
C00236,Customer 00236,customer00236@example.com,Australia,Melbourne,2025-09-22,Regular
C00237,Customer 00237,customer00237@example.com,India,Delhi,2025-10-07,Regular
C00238,Customer 00238,customer00238@example.com,India,Bengaluru,2025-10-02,Regular
C00239,Customer 00239,customer00239@example.com,USA,New York,2024-01-08,New
C00240,Customer 00240,customer00240@example.com,India,Hyderabad,2025-07-16,New
C00241,Customer 00241,customer00241@example.com,UAE,Sharjah,2025-05-05,Regular
C00242,Customer 00242,customer00242@example.com,Singapore,Singapore,2024-12-06,Premium
C00243,Customer 00243,customer00243@example.com,UAE,Abu Dhabi,2025-04-16,Regular
C00244,Customer 00244,customer00244@example.com,UK,Leeds,2025-11-17,Regular
C00245,Customer 00245,customer00245@example.com,India,Delhi,2025-11-25,Regular
C00246,Customer 00246,customer00246@example.com,UAE,Abu Dhabi,2025-12-04,Regular
C00247,Customer 00247,customer00247@example.com,UK,London,2024-09-05,Regular
C00248,Customer 00248,customer00248@example.com,Singapore,Singapore,2024-08-22,New
C00249,Customer 00249,customer00249@example.com,Singapore,Singapore,2024-03-23,Regular
C00250,Customer 00250,customer00250@example.com,France,Lyon,2024-04-02,Regular
C00251,Customer 00251,customer00251@example.com,India,Pune,2025-01-28,New
C00252,Customer 00252,customer00252@example.com,UK,Birmingham,2024-09-24,New
C00253,Customer 00253,customer00253@example.com,France,Paris,2025-02-20,New
C00254,Customer 00254,customer00254@example.com,India,Bengaluru,2025-09-23,Regular
C00255,Customer 00255,customer00255@example.com,India,Bengaluru,2025-08-05,Premium
C00256,Customer 00256,customer00256@example.com,USA,Chicago,2025-06-12,Regular
C00257,Customer 00257,customer00257@example.com,UAE,Sharjah,2024-09-09,Regular
C00258,Customer 00258,customer00258@example.com,Canada,Vancouver,2024-05-01,Premium
C00259,Customer 00259,customer00259@example.com,USA,Chicago,2024-01-10,New
C00260,Customer 00260,customer00260@example.com,India,Delhi,2024-11-11,New
C00261,Customer 00261,customer00261@example.com,USA,Chicago,2024-09-29,Regular
C00262,Customer 00262,customer00262@example.com,Netherlands,Rotterdam,2024-11-01,Premium
C00263,Customer 00263,customer00263@example.com,India,Delhi,2024-07-28,Regular
C00264,Customer 00264,customer00264@example.com,USA,Chicago,2025-12-30,Regular
C00265,Customer 00265,customer00265@example.com,France,Paris,2025-04-08,VIP
C00266,Customer 00266,customer00266@example.com,Australia,Melbourne,2025-12-12,Premium
C00267,Customer 00267,customer00267@example.com,Canada,Montreal,2025-12-28,New
C00268,Customer 00268,customer00268@example.com,Canada,Toronto,2025-12-17,Premium
C00269,Customer 00269,customer00269@example.com,UK,London,2025-02-19,New
C00270,Customer 00270,customer00270@example.com,India,Pune,2024-08-03,Regular
C00271,Customer 00271,customer00271@example.com,Germany,Hamburg,2024-03-20,New
C00272,Customer 00272,customer00272@example.com,Germany,Berlin,2025-04-24,Regular
C00273,Customer 00273,customer00273@example.com,France,Paris,2025-06-30,Regular
C00274,Customer 00274,customer00274@example.com,UAE,Dubai,2024-01-18,Premium
C00275,Customer 00275,customer00275@example.com,USA,Chicago,2024-06-13,Regular
C00276,Customer 00276,customer00276@example.com,UK,Leeds,2025-06-08,Regular
C00277,Customer 00277,customer00277@example.com,Germany,Munich,2024-07-20,Regular
C00278,Customer 00278,customer00278@example.com,USA,Seattle,2024-12-11,Premium
C00279,Customer 00279,customer00279@example.com,Canada,Toronto,2024-12-31,Premium
C00280,Customer 00280,customer00280@example.com,Germany,Munich,2025-03-23,Regular
C00281,Customer 00281,customer00281@example.com,France,Paris,2025-05-27,Premium
C00282,Customer 00282,customer00282@example.com,India,Bengaluru,2024-11-14,Regular
C00283,Customer 00283,customer00283@example.com,UK,Leeds,2024-08-04,Regular
C00284,Customer 00284,customer00284@example.com,India,Hyderabad,2024-02-03,Premium
C00285,Customer 00285,customer00285@example.com,USA,Seattle,2024-09-22,New
C00286,Customer 00286,customer00286@example.com,India,Mumbai,2025-10-01,VIP
C00287,Customer 00287,customer00287@example.com,UK,Leeds,2025-12-24,Regular
C00288,Customer 00288,customer00288@example.com,USA,Austin,2024-03-20,New
C00289,Customer 00289,customer00289@example.com,India,Delhi,2025-11-07,Premium
C00290,Customer 00290,customer00290@example.com,USA,San Francisco,2025-02-16,Regular
C00291,Customer 00291,customer00291@example.com,India,Pune,2024-09-08,New
C00292,Customer 00292,customer00292@example.com,India,Pune,2024-01-12,New
C00293,Customer 00293,customer00293@example.com,Germany,Munich,2025-02-04,Regular
C00294,Customer 00294,customer00294@example.com,UK,Manchester,2025-12-24,New
C00295,Customer 00295,customer00295@example.com,India,Bengaluru,2024-10-08,Premium
C00296,Customer 00296,customer00296@example.com,USA,Austin,2024-04-21,Premium
C00297,Customer 00297,customer00297@example.com,Australia,Sydney,2025-12-23,Regular
C00298,Customer 00298,customer00298@example.com,India,Hyderabad,2025-01-12,Regular
C00299,Customer 00299,customer00299@example.com,USA,San Francisco,2024-09-24,Regular
C00300,Customer 00300,customer00300@example.com,India,Pune,2024-10-24,Regular
C00301,Customer 00301,customer00301@example.com,India,Chennai,2024-11-12,Premium
C00302,Customer 00302,customer00302@example.com,USA,New York,2025-07-23,VIP
C00303,Customer 00303,customer00303@example.com,USA,Austin,2025-05-23,Regular
C00304,Customer 00304,customer00304@example.com,USA,New York,2025-06-29,Regular
C00305,Customer 00305,customer00305@example.com,Australia,Sydney,2024-12-30,Regular
C00306,Customer 00306,customer00306@example.com,Singapore,Singapore,2025-06-30,Regular
C00307,Customer 00307,customer00307@example.com,USA,San Francisco,2024-09-27,Regular
C00308,Customer 00308,customer00308@example.com,India,Chennai,2025-04-18,Regular
C00309,Customer 00309,customer00309@example.com,Germany,Berlin,2025-06-20,New
C00310,Customer 00310,customer00310@example.com,India,Hyderabad,2024-08-21,Premium
C00311,Customer 00311,customer00311@example.com,UK,London,2024-02-28,Regular
C00312,Customer 00312,customer00312@example.com,India,Bengaluru,2024-09-07,Premium
C00313,Customer 00313,customer00313@example.com,India,Hyderabad,2024-03-26,Premium
C00314,Customer 00314,customer00314@example.com,Singapore,Singapore,2025-01-24,Regular
C00315,Customer 00315,customer00315@example.com,Germany,Hamburg,2024-06-28,Regular
C00316,Customer 00316,customer00316@example.com,Canada,Toronto,2025-12-19,Regular
C00317,Customer 00317,customer00317@example.com,UK,Leeds,2024-05-28,New
C00318,Customer 00318,customer00318@example.com,India,Hyderabad,2025-08-05,Premium
C00319,Customer 00319,customer00319@example.com,India,Chennai,2024-04-30,New
C00320,Customer 00320,customer00320@example.com,India,Bengaluru,2025-08-27,Regular
C00321,Customer 00321,customer00321@example.com,USA,San Francisco,2024-09-12,New
C00322,Customer 00322,customer00322@example.com,Canada,Montreal,2024-11-04,Premium
C00323,Customer 00323,customer00323@example.com,Canada,Toronto,2024-02-28,Regular
C00324,Customer 00324,customer00324@example.com,India,Chennai,2024-03-09,Regular
C00325,Customer 00325,customer00325@example.com,Singapore,Singapore,2025-03-21,Regular
C00326,Customer 00326,customer00326@example.com,Australia,Melbourne,2025-01-22,Premium
C00327,Customer 00327,customer00327@example.com,USA,San Francisco,2024-03-26,New
C00328,Customer 00328,customer00328@example.com,USA,San Francisco,2024-08-14,Regular
C00329,Customer 00329,customer00329@example.com,UK,Birmingham,2025-08-15,Regular
C00330,Customer 00330,customer00330@example.com,India,Mumbai,2025-09-17,New
C00331,Customer 00331,customer00331@example.com,UK,Manchester,2024-07-02,New
C00332,Customer 00332,customer00332@example.com,Australia,Brisbane,2024-11-17,Regular
C00333,Customer 00333,customer00333@example.com,India,Pune,2024-11-13,New
C00334,Customer 00334,customer00334@example.com,India,Mumbai,2025-07-19,Regular
C00335,Customer 00335,customer00335@example.com,India,Bengaluru,2025-02-02,New
C00336,Customer 00336,customer00336@example.com,India,Mumbai,2025-12-09,Regular
C00337,Customer 00337,customer00337@example.com,France,Lyon,2024-10-19,New
C00338,Customer 00338,customer00338@example.com,Canada,Toronto,2024-10-19,Regular
C00339,Customer 00339,customer00339@example.com,UK,Birmingham,2025-04-29,Premium
C00340,Customer 00340,customer00340@example.com,India,Delhi,2025-03-22,Regular
C00341,Customer 00341,customer00341@example.com,UK,Birmingham,2025-11-22,Regular
C00342,Customer 00342,customer00342@example.com,UK,London,2025-02-15,Regular
C00343,Customer 00343,customer00343@example.com,India,Hyderabad,2025-05-22,New
C00344,Customer 00344,customer00344@example.com,UK,Leeds,2024-08-31,New
C00345,Customer 00345,customer00345@example.com,UK,London,2025-02-23,New
C00346,Customer 00346,customer00346@example.com,USA,New York,2024-06-02,VIP
C00347,Customer 00347,customer00347@example.com,USA,San Francisco,2025-02-27,Premium
C00348,Customer 00348,customer00348@example.com,India,Bengaluru,2024-09-29,Premium
C00349,Customer 00349,customer00349@example.com,UK,Birmingham,2025-10-08,VIP
C00350,Customer 00350,customer00350@example.com,USA,Chicago,2025-06-03,Premium
C00351,Customer 00351,customer00351@example.com,UK,Birmingham,2024-05-07,Premium
C00352,Customer 00352,customer00352@example.com,France,Paris,2025-01-07,Regular
C00353,Customer 00353,customer00353@example.com,Canada,Toronto,2025-07-21,Regular
C00354,Customer 00354,customer00354@example.com,India,Mumbai,2025-09-29,New
C00355,Customer 00355,customer00355@example.com,India,Mumbai,2024-06-07,Regular
C00356,Customer 00356,customer00356@example.com,USA,Chicago,2025-07-24,Regular
C00357,Customer 00357,customer00357@example.com,India,Delhi,2025-07-23,VIP
C00358,Customer 00358,customer00358@example.com,USA,San Francisco,2025-10-13,Regular
C00359,Customer 00359,customer00359@example.com,UAE,Sharjah,2024-06-24,Regular
C00360,Customer 00360,customer00360@example.com,USA,Austin,2025-09-11,Regular
C00361,Customer 00361,customer00361@example.com,UK,London,2024-07-29,New
C00362,Customer 00362,customer00362@example.com,USA,San Francisco,2025-03-22,Regular
C00363,Customer 00363,customer00363@example.com,UK,Birmingham,2025-08-08,Regular
C00364,Customer 00364,customer00364@example.com,USA,New York,2024-06-15,Regular
C00365,Customer 00365,customer00365@example.com,UAE,Dubai,2025-04-04,Regular
C00366,Customer 00366,customer00366@example.com,UK,Birmingham,2024-12-22,New
C00367,Customer 00367,customer00367@example.com,Singapore,Singapore,2024-10-30,Regular
C00368,Customer 00368,customer00368@example.com,UAE,Dubai,2024-08-20,Regular
C00369,Customer 00369,customer00369@example.com,India,Pune,2024-11-22,Regular
C00370,Customer 00370,customer00370@example.com,India,Chennai,2024-06-30,Regular
C00371,Customer 00371,customer00371@example.com,India,Bengaluru,2025-09-25,New
C00372,Customer 00372,customer00372@example.com,India,Mumbai,2024-11-29,New
C00373,Customer 00373,customer00373@example.com,India,Mumbai,2025-12-15,Regular
C00374,Customer 00374,customer00374@example.com,Canada,Montreal,2024-01-29,Regular
C00375,Customer 00375,customer00375@example.com,India,Bengaluru,2025-12-14,Regular
C00376,Customer 00376,customer00376@example.com,India,Pune,2024-04-02,Premium
C00377,Customer 00377,customer00377@example.com,Germany,Munich,2025-11-18,New
C00378,Customer 00378,customer00378@example.com,India,Bengaluru,2024-11-25,New
C00379,Customer 00379,customer00379@example.com,Germany,Hamburg,2025-12-23,Regular
C00380,Customer 00380,customer00380@example.com,India,Pune,2024-07-02,Regular
C00381,Customer 00381,customer00381@example.com,India,Mumbai,2024-04-04,Regular
C00382,Customer 00382,customer00382@example.com,Canada,Montreal,2025-10-10,Premium
C00383,Customer 00383,customer00383@example.com,USA,Seattle,2024-12-18,Premium
C00384,Customer 00384,customer00384@example.com,France,Lyon,2024-09-21,New
C00385,Customer 00385,customer00385@example.com,Australia,Sydney,2025-10-08,Premium
C00386,Customer 00386,customer00386@example.com,Germany,Berlin,2025-10-17,New
C00387,Customer 00387,customer00387@example.com,India,Pune,2024-01-19,Regular
C00388,Customer 00388,customer00388@example.com,India,Delhi,2025-10-07,Regular
C00389,Customer 00389,customer00389@example.com,Australia,Melbourne,2025-09-17,Regular
C00390,Customer 00390,customer00390@example.com,Germany,Berlin,2025-05-13,Regular
C00391,Customer 00391,customer00391@example.com,Netherlands,Amsterdam,2024-05-18,Regular
C00392,Customer 00392,customer00392@example.com,UK,Birmingham,2025-09-28,Regular
C00393,Customer 00393,customer00393@example.com,UK,Manchester,2025-12-16,New
C00394,Customer 00394,customer00394@example.com,Australia,Brisbane,2025-07-26,New
C00395,Customer 00395,customer00395@example.com,India,Mumbai,2025-06-08,Regular
C00396,Customer 00396,customer00396@example.com,UAE,Dubai,2024-09-11,Regular
C00397,Customer 00397,customer00397@example.com,France,Marseille,2024-03-25,Regular
C00398,Customer 00398,customer00398@example.com,UK,Leeds,2025-04-02,New
C00399,Customer 00399,customer00399@example.com,Australia,Brisbane,2025-06-15,Premium
C00400,Customer 00400,customer00400@example.com,Australia,Brisbane,2025-07-15,New
C00401,Customer 00401,customer00401@example.com,India,Delhi,2025-11-06,Premium
C00402,Customer 00402,customer00402@example.com,UAE,Sharjah,2024-04-01,Regular
C00403,Customer 00403,customer00403@example.com,UK,London,2025-08-22,Regular
C00404,Customer 00404,customer00404@example.com,Germany,Berlin,2024-03-09,Premium
C00405,Customer 00405,customer00405@example.com,India,Hyderabad,2024-02-06,Regular
C00406,Customer 00406,customer00406@example.com,France,Marseille,2024-05-19,New
C00407,Customer 00407,customer00407@example.com,UK,Manchester,2025-11-10,Regular
C00408,Customer 00408,customer00408@example.com,India,Chennai,2025-07-19,Regular
C00409,Customer 00409,customer00409@example.com,UAE,Dubai,2024-06-26,Regular
C00410,Customer 00410,customer00410@example.com,India,Mumbai,2025-09-09,Regular
C00411,Customer 00411,customer00411@example.com,India,Chennai,2024-05-16,Premium
C00412,Customer 00412,customer00412@example.com,Singapore,Singapore,2024-07-08,Regular
C00413,Customer 00413,customer00413@example.com,Singapore,Singapore,2025-10-01,New
C00414,Customer 00414,customer00414@example.com,USA,Chicago,2024-12-07,Premium
C00415,Customer 00415,customer00415@example.com,USA,New York,2025-07-12,Regular
C00416,Customer 00416,customer00416@example.com,UK,Birmingham,2024-01-05,Regular
C00417,Customer 00417,customer00417@example.com,India,Mumbai,2024-09-13,Regular
C00418,Customer 00418,customer00418@example.com,India,Hyderabad,2025-10-23,Regular
C00419,Customer 00419,customer00419@example.com,Canada,Vancouver,2024-08-30,Regular
C00420,Customer 00420,customer00420@example.com,Australia,Sydney,2025-12-20,Regular
C00421,Customer 00421,customer00421@example.com,Germany,Hamburg,2025-02-18,New
C00422,Customer 00422,customer00422@example.com,Germany,Berlin,2025-09-18,VIP
C00423,Customer 00423,customer00423@example.com,India,Pune,2025-12-07,Premium
C00424,Customer 00424,customer00424@example.com,UK,London,2024-12-08,Regular
C00425,Customer 00425,customer00425@example.com,India,Mumbai,2025-11-12,Premium
C00426,Customer 00426,customer00426@example.com,USA,San Francisco,2025-01-13,Regular
C00427,Customer 00427,customer00427@example.com,UK,Leeds,2025-08-16,New
C00428,Customer 00428,customer00428@example.com,France,Marseille,2025-10-27,New
C00429,Customer 00429,customer00429@example.com,UK,Manchester,2025-10-14,New
C00430,Customer 00430,customer00430@example.com,India,Bengaluru,2024-05-25,Premium
C00431,Customer 00431,customer00431@example.com,India,Bengaluru,2024-11-18,Regular
C00432,Customer 00432,customer00432@example.com,Australia,Sydney,2024-05-01,Regular
C00433,Customer 00433,customer00433@example.com,USA,Seattle,2024-09-08,New
C00434,Customer 00434,customer00434@example.com,India,Hyderabad,2024-11-06,Regular
C00435,Customer 00435,customer00435@example.com,India,Bengaluru,2025-08-23,Regular
C00436,Customer 00436,customer00436@example.com,Canada,Montreal,2025-04-19,Regular
C00437,Customer 00437,customer00437@example.com,India,Mumbai,2025-07-23,VIP
C00438,Customer 00438,customer00438@example.com,Germany,Munich,2025-05-06,Regular
C00439,Customer 00439,customer00439@example.com,Canada,Montreal,2025-07-28,Regular
C00440,Customer 00440,customer00440@example.com,India,Pune,2024-12-12,Regular
C00441,Customer 00441,customer00441@example.com,India,Bengaluru,2025-05-01,Premium
C00442,Customer 00442,customer00442@example.com,Netherlands,Rotterdam,2025-04-17,New
C00443,Customer 00443,customer00443@example.com,UK,Manchester,2025-01-16,Regular
C00444,Customer 00444,customer00444@example.com,UK,London,2024-10-06,Premium
C00445,Customer 00445,customer00445@example.com,Germany,Munich,2024-03-12,New
C00446,Customer 00446,customer00446@example.com,UAE,Dubai,2025-06-04,Regular
C00447,Customer 00447,customer00447@example.com,Netherlands,Rotterdam,2024-12-31,Regular
C00448,Customer 00448,customer00448@example.com,Australia,Sydney,2024-04-03,New
C00449,Customer 00449,customer00449@example.com,UK,Manchester,2025-01-07,Regular
C00450,Customer 00450,customer00450@example.com,India,Delhi,2024-12-04,Regular
C00451,Customer 00451,customer00451@example.com,Australia,Melbourne,2025-03-12,Regular
C00452,Customer 00452,customer00452@example.com,USA,Austin,2024-12-01,New
C00453,Customer 00453,customer00453@example.com,UK,Manchester,2025-10-25,Premium
C00454,Customer 00454,customer00454@example.com,UAE,Dubai,2025-05-06,New
C00455,Customer 00455,customer00455@example.com,India,Hyderabad,2024-02-09,Premium
C00456,Customer 00456,customer00456@example.com,UK,Manchester,2024-12-24,New
C00457,Customer 00457,customer00457@example.com,India,Delhi,2025-07-27,Regular
C00458,Customer 00458,customer00458@example.com,UK,Birmingham,2024-09-10,New
C00459,Customer 00459,customer00459@example.com,India,Mumbai,2025-08-03,New
C00460,Customer 00460,customer00460@example.com,India,Hyderabad,2025-02-01,New
C00461,Customer 00461,customer00461@example.com,India,Mumbai,2024-06-18,Regular
C00462,Customer 00462,customer00462@example.com,USA,Austin,2025-11-20,Regular
C00463,Customer 00463,customer00463@example.com,Australia,Brisbane,2025-12-01,New
C00464,Customer 00464,customer00464@example.com,USA,San Francisco,2025-05-25,VIP
C00465,Customer 00465,customer00465@example.com,Singapore,Singapore,2024-09-16,Regular
C00466,Customer 00466,customer00466@example.com,UK,Birmingham,2025-08-06,Regular
C00467,Customer 00467,customer00467@example.com,India,Hyderabad,2025-04-03,New
C00468,Customer 00468,customer00468@example.com,France,Paris,2025-06-12,Regular
C00469,Customer 00469,customer00469@example.com,India,Mumbai,2024-12-06,Premium
C00470,Customer 00470,customer00470@example.com,Singapore,Singapore,2024-02-26,Regular
C00471,Customer 00471,customer00471@example.com,India,Chennai,2024-08-05,Regular
C00472,Customer 00472,customer00472@example.com,Singapore,Singapore,2025-09-10,Regular
C00473,Customer 00473,customer00473@example.com,India,Hyderabad,2025-11-15,Premium
C00474,Customer 00474,customer00474@example.com,France,Paris,2025-12-31,New
C00475,Customer 00475,customer00475@example.com,USA,San Francisco,2025-04-08,Regular
C00476,Customer 00476,customer00476@example.com,Netherlands,Rotterdam,2024-09-03,New
C00477,Customer 00477,customer00477@example.com,India,Mumbai,2025-12-30,Regular
C00478,Customer 00478,customer00478@example.com,USA,Austin,2025-01-07,New
C00479,Customer 00479,customer00479@example.com,Singapore,Singapore,2025-02-20,Premium
C00480,Customer 00480,customer00480@example.com,USA,San Francisco,2024-01-31,Premium
C00481,Customer 00481,customer00481@example.com,USA,San Francisco,2025-01-02,Regular
C00482,Customer 00482,customer00482@example.com,Canada,Toronto,2025-07-12,Regular
C00483,Customer 00483,customer00483@example.com,UK,Leeds,2025-10-07,Regular
C00484,Customer 00484,customer00484@example.com,USA,San Francisco,2024-04-17,Regular
C00485,Customer 00485,customer00485@example.com,USA,Chicago,2025-08-06,Regular
C00486,Customer 00486,customer00486@example.com,UAE,Abu Dhabi,2025-02-21,New
C00487,Customer 00487,customer00487@example.com,India,Hyderabad,2025-09-11,VIP
C00488,Customer 00488,customer00488@example.com,India,Pune,2025-02-01,Regular
C00489,Customer 00489,customer00489@example.com,Singapore,Singapore,2024-09-28,Premium
C00490,Customer 00490,customer00490@example.com,France,Paris,2025-11-13,New
C00491,Customer 00491,customer00491@example.com,UK,Manchester,2024-04-25,Regular
C00492,Customer 00492,customer00492@example.com,USA,Austin,2025-08-08,New
C00493,Customer 00493,customer00493@example.com,India,Delhi,2024-09-12,Premium
C00494,Customer 00494,customer00494@example.com,India,Hyderabad,2024-03-21,Regular
C00495,Customer 00495,customer00495@example.com,UK,Birmingham,2024-05-07,Premium
C00496,Customer 00496,customer00496@example.com,UK,Birmingham,2024-08-22,Premium
C00497,Customer 00497,customer00497@example.com,USA,New York,2025-07-06,Regular
C00498,Customer 00498,customer00498@example.com,India,Pune,2024-06-29,Regular
C00499,Customer 00499,customer00499@example.com,Singapore,Singapore,2024-06-05,Regular
C00500,Customer 00500,customer00500@example.com,Netherlands,Rotterdam,2025-03-29,Regular
C00501,Customer 00501,customer00501@example.com,Canada,Montreal,2025-07-24,Regular
C00502,Customer 00502,customer00502@example.com,USA,Seattle,2025-12-04,Regular
C00503,Customer 00503,customer00503@example.com,India,Mumbai,2024-01-24,Premium
C00504,Customer 00504,customer00504@example.com,Germany,Munich,2025-04-17,Regular
C00505,Customer 00505,customer00505@example.com,Canada,Montreal,2025-02-03,Premium
C00506,Customer 00506,customer00506@example.com,India,Mumbai,2025-08-14,New
C00507,Customer 00507,customer00507@example.com,UAE,Sharjah,2024-05-13,Regular
C00508,Customer 00508,customer00508@example.com,Germany,Berlin,2025-02-24,New
C00509,Customer 00509,customer00509@example.com,UAE,Dubai,2024-07-31,New
C00510,Customer 00510,customer00510@example.com,Australia,Melbourne,2025-04-26,Premium
C00511,Customer 00511,customer00511@example.com,USA,Seattle,2024-12-13,Premium
C00512,Customer 00512,customer00512@example.com,UK,Manchester,2024-06-14,Premium
C00513,Customer 00513,customer00513@example.com,UAE,Sharjah,2024-12-13,VIP
C00514,Customer 00514,customer00514@example.com,France,Marseille,2025-02-01,New
C00515,Customer 00515,customer00515@example.com,India,Mumbai,2025-08-05,New
C00516,Customer 00516,customer00516@example.com,India,Delhi,2025-12-26,Regular
C00517,Customer 00517,customer00517@example.com,UK,London,2025-03-10,Premium
C00518,Customer 00518,customer00518@example.com,Germany,Munich,2025-07-30,New
C00519,Customer 00519,customer00519@example.com,Netherlands,Rotterdam,2024-08-08,VIP
C00520,Customer 00520,customer00520@example.com,India,Bengaluru,2024-11-03,Regular
C00521,Customer 00521,customer00521@example.com,USA,Seattle,2025-11-27,VIP
C00522,Customer 00522,customer00522@example.com,UK,Birmingham,2025-12-19,Regular
C00523,Customer 00523,customer00523@example.com,Singapore,Singapore,2025-04-10,Regular
C00524,Customer 00524,customer00524@example.com,Germany,Munich,2024-04-08,Premium
C00525,Customer 00525,customer00525@example.com,Germany,Munich,2024-08-29,Premium
C00526,Customer 00526,customer00526@example.com,UK,Manchester,2024-06-06,Regular
C00527,Customer 00527,customer00527@example.com,UK,Leeds,2025-09-01,Premium
C00528,Customer 00528,customer00528@example.com,India,Pune,2025-07-07,Premium
C00529,Customer 00529,customer00529@example.com,India,Bengaluru,2025-10-12,New
C00530,Customer 00530,customer00530@example.com,France,Marseille,2024-08-14,New
C00531,Customer 00531,customer00531@example.com,Germany,Berlin,2025-02-26,Regular
C00532,Customer 00532,customer00532@example.com,Netherlands,Rotterdam,2024-03-12,Regular
C00533,Customer 00533,customer00533@example.com,Netherlands,Rotterdam,2024-08-30,Regular
C00534,Customer 00534,customer00534@example.com,USA,New York,2025-06-13,New
C00535,Customer 00535,customer00535@example.com,Australia,Sydney,2025-08-11,Regular
C00536,Customer 00536,customer00536@example.com,UAE,Sharjah,2024-02-14,Regular
C00537,Customer 00537,customer00537@example.com,Germany,Munich,2025-04-16,Regular
C00538,Customer 00538,customer00538@example.com,India,Bengaluru,2025-01-05,Regular
C00539,Customer 00539,customer00539@example.com,UK,Manchester,2025-10-13,Regular
C00540,Customer 00540,customer00540@example.com,India,Bengaluru,2025-11-19,New
C00541,Customer 00541,customer00541@example.com,Singapore,Singapore,2024-04-01,Regular
C00542,Customer 00542,customer00542@example.com,USA,New York,2024-01-22,VIP
C00543,Customer 00543,customer00543@example.com,India,Bengaluru,2024-06-20,Regular
C00544,Customer 00544,customer00544@example.com,Canada,Vancouver,2025-08-26,Regular
C00545,Customer 00545,customer00545@example.com,USA,San Francisco,2024-07-10,Regular
C00546,Customer 00546,customer00546@example.com,UK,London,2024-03-17,Regular
C00547,Customer 00547,customer00547@example.com,India,Delhi,2024-10-07,Regular
C00548,Customer 00548,customer00548@example.com,Canada,Vancouver,2024-12-29,Regular
C00549,Customer 00549,customer00549@example.com,USA,San Francisco,2024-06-27,New
C00550,Customer 00550,customer00550@example.com,Australia,Sydney,2024-08-25,VIP
C00551,Customer 00551,customer00551@example.com,USA,Seattle,2024-05-14,New
C00552,Customer 00552,customer00552@example.com,France,Lyon,2024-10-06,Premium
C00553,Customer 00553,customer00553@example.com,USA,Seattle,2024-01-19,Premium
C00554,Customer 00554,customer00554@example.com,USA,Chicago,2025-08-17,Regular
C00555,Customer 00555,customer00555@example.com,France,Paris,2025-01-05,New
C00556,Customer 00556,customer00556@example.com,UK,London,2024-04-21,Regular
C00557,Customer 00557,customer00557@example.com,India,Hyderabad,2025-11-06,Regular
C00558,Customer 00558,customer00558@example.com,India,Delhi,2025-11-10,Premium
C00559,Customer 00559,customer00559@example.com,Australia,Sydney,2024-08-08,Regular
C00560,Customer 00560,customer00560@example.com,USA,Chicago,2024-10-30,Regular
C00561,Customer 00561,customer00561@example.com,Canada,Montreal,2025-12-03,Premium
C00562,Customer 00562,customer00562@example.com,India,Chennai,2024-11-20,VIP
C00563,Customer 00563,customer00563@example.com,India,Delhi,2025-03-12,Regular
C00564,Customer 00564,customer00564@example.com,India,Hyderabad,2025-03-13,Premium
C00565,Customer 00565,customer00565@example.com,UK,Manchester,2024-06-18,Regular
C00566,Customer 00566,customer00566@example.com,USA,New York,2025-01-09,Regular
C00567,Customer 00567,customer00567@example.com,UK,Leeds,2025-07-10,Regular
C00568,Customer 00568,customer00568@example.com,UK,Manchester,2025-01-15,Regular
C00569,Customer 00569,customer00569@example.com,UAE,Abu Dhabi,2024-01-14,Regular
C00570,Customer 00570,customer00570@example.com,India,Pune,2025-10-30,Regular
C00571,Customer 00571,customer00571@example.com,USA,San Francisco,2025-05-14,Regular
C00572,Customer 00572,customer00572@example.com,Germany,Hamburg,2025-10-07,Regular
C00573,Customer 00573,customer00573@example.com,UK,Birmingham,2025-01-25,Regular
C00574,Customer 00574,customer00574@example.com,USA,Seattle,2025-07-02,Premium
C00575,Customer 00575,customer00575@example.com,France,Marseille,2025-07-18,Regular
C00576,Customer 00576,customer00576@example.com,UAE,Sharjah,2025-06-13,New
C00577,Customer 00577,customer00577@example.com,India,Chennai,2025-05-06,Premium
C00578,Customer 00578,customer00578@example.com,UAE,Abu Dhabi,2025-07-03,Premium
C00579,Customer 00579,customer00579@example.com,UK,Leeds,2025-11-29,Regular
C00580,Customer 00580,customer00580@example.com,India,Bengaluru,2025-01-19,New
C00581,Customer 00581,customer00581@example.com,UK,Leeds,2024-07-14,Premium
C00582,Customer 00582,customer00582@example.com,Netherlands,Rotterdam,2024-10-26,Premium
C00583,Customer 00583,customer00583@example.com,UK,Birmingham,2025-06-30,Regular
C00584,Customer 00584,customer00584@example.com,India,Bengaluru,2025-12-27,New
C00585,Customer 00585,customer00585@example.com,USA,Austin,2025-12-31,Regular
C00586,Customer 00586,customer00586@example.com,India,Chennai,2025-08-24,Regular
C00587,Customer 00587,customer00587@example.com,India,Delhi,2024-11-03,New
C00588,Customer 00588,customer00588@example.com,India,Pune,2024-09-08,Regular
C00589,Customer 00589,customer00589@example.com,India,Bengaluru,2024-01-08,Regular
C00590,Customer 00590,customer00590@example.com,India,Mumbai,2024-07-26,Premium
C00591,Customer 00591,customer00591@example.com,India,Delhi,2024-05-10,Regular
C00592,Customer 00592,customer00592@example.com,USA,New York,2025-12-09,Regular
C00593,Customer 00593,customer00593@example.com,India,Pune,2025-10-15,VIP
C00594,Customer 00594,customer00594@example.com,India,Mumbai,2025-08-30,Regular
C00595,Customer 00595,customer00595@example.com,France,Paris,2024-01-26,Regular
C00596,Customer 00596,customer00596@example.com,UK,Birmingham,2025-09-14,Premium
C00597,Customer 00597,customer00597@example.com,Canada,Vancouver,2025-03-29,Regular
C00598,Customer 00598,customer00598@example.com,India,Mumbai,2025-09-26,Premium
C00599,Customer 00599,customer00599@example.com,India,Chennai,2024-07-04,New
C00600,Customer 00600,customer00600@example.com,India,Hyderabad,2025-04-28,New
C00601,Customer 00601,customer00601@example.com,India,Bengaluru,2025-11-10,Premium
C00602,Customer 00602,customer00602@example.com,India,Bengaluru,2024-02-20,Regular
C00603,Customer 00603,customer00603@example.com,India,Bengaluru,2024-01-05,Regular
C00604,Customer 00604,customer00604@example.com,India,Delhi,2025-08-11,Regular
C00605,Customer 00605,customer00605@example.com,India,Pune,2024-06-08,New
C00606,Customer 00606,customer00606@example.com,UK,Manchester,2024-07-26,Premium
C00607,Customer 00607,customer00607@example.com,India,Pune,2024-09-13,Regular
C00608,Customer 00608,customer00608@example.com,UK,Manchester,2024-07-23,Regular
C00609,Customer 00609,customer00609@example.com,UK,London,2024-01-11,New
C00610,Customer 00610,customer00610@example.com,Canada,Vancouver,2024-01-08,Regular
C00611,Customer 00611,customer00611@example.com,India,Delhi,2025-02-12,Premium
C00612,Customer 00612,customer00612@example.com,Germany,Munich,2024-02-01,Premium
C00613,Customer 00613,customer00613@example.com,USA,San Francisco,2025-06-23,Regular
C00614,Customer 00614,customer00614@example.com,India,Delhi,2025-12-18,Regular
C00615,Customer 00615,customer00615@example.com,France,Lyon,2025-01-21,Regular
C00616,Customer 00616,customer00616@example.com,UAE,Dubai,2024-08-15,Regular
C00617,Customer 00617,customer00617@example.com,India,Bengaluru,2025-10-01,Premium
C00618,Customer 00618,customer00618@example.com,India,Delhi,2025-04-19,Regular
C00619,Customer 00619,customer00619@example.com,Germany,Munich,2025-12-24,Regular
C00620,Customer 00620,customer00620@example.com,Australia,Brisbane,2024-07-25,Premium
C00621,Customer 00621,customer00621@example.com,India,Pune,2024-11-13,New
C00622,Customer 00622,customer00622@example.com,India,Hyderabad,2025-07-10,New
C00623,Customer 00623,customer00623@example.com,UK,Leeds,2025-09-08,Regular
C00624,Customer 00624,customer00624@example.com,UK,Leeds,2024-12-13,Premium
C00625,Customer 00625,customer00625@example.com,USA,New York,2024-08-21,Regular
C00626,Customer 00626,customer00626@example.com,UK,Birmingham,2025-12-01,Regular
C00627,Customer 00627,customer00627@example.com,UK,Birmingham,2024-02-13,VIP
C00628,Customer 00628,customer00628@example.com,Australia,Melbourne,2024-05-21,Regular
C00629,Customer 00629,customer00629@example.com,India,Delhi,2025-10-09,Premium
C00630,Customer 00630,customer00630@example.com,India,Chennai,2024-06-24,New
C00631,Customer 00631,customer00631@example.com,Canada,Montreal,2025-10-15,Regular
C00632,Customer 00632,customer00632@example.com,France,Marseille,2025-03-24,Regular
C00633,Customer 00633,customer00633@example.com,USA,San Francisco,2025-08-14,New
C00634,Customer 00634,customer00634@example.com,USA,San Francisco,2024-03-22,New
C00635,Customer 00635,customer00635@example.com,India,Bengaluru,2024-05-14,Regular
C00636,Customer 00636,customer00636@example.com,UK,Leeds,2025-12-19,Regular
C00637,Customer 00637,customer00637@example.com,USA,Chicago,2024-06-25,Regular
C00638,Customer 00638,customer00638@example.com,India,Mumbai,2025-01-17,Premium
C00639,Customer 00639,customer00639@example.com,India,Delhi,2024-08-30,New
C00640,Customer 00640,customer00640@example.com,UK,Leeds,2025-07-20,Regular
C00641,Customer 00641,customer00641@example.com,India,Hyderabad,2024-05-20,New
C00642,Customer 00642,customer00642@example.com,India,Delhi,2025-04-01,Regular
C00643,Customer 00643,customer00643@example.com,India,Mumbai,2025-03-15,Regular
C00644,Customer 00644,customer00644@example.com,India,Pune,2024-02-25,Regular
C00645,Customer 00645,customer00645@example.com,India,Pune,2025-06-10,Premium
C00646,Customer 00646,customer00646@example.com,France,Lyon,2025-11-27,Premium
C00647,Customer 00647,customer00647@example.com,USA,Chicago,2025-02-22,Regular
C00648,Customer 00648,customer00648@example.com,Canada,Vancouver,2024-03-28,Premium
C00649,Customer 00649,customer00649@example.com,Germany,Berlin,2025-08-31,Regular
C00650,Customer 00650,customer00650@example.com,UK,London,2025-10-17,Premium
C00651,Customer 00651,customer00651@example.com,India,Delhi,2024-01-08,Regular
C00652,Customer 00652,customer00652@example.com,USA,San Francisco,2025-04-21,Regular
C00653,Customer 00653,customer00653@example.com,USA,San Francisco,2024-08-02,Premium
C00654,Customer 00654,customer00654@example.com,Australia,Brisbane,2025-11-15,New
C00655,Customer 00655,customer00655@example.com,UK,London,2025-07-05,Regular
C00656,Customer 00656,customer00656@example.com,India,Hyderabad,2025-05-11,Premium
C00657,Customer 00657,customer00657@example.com,India,Pune,2025-11-24,Regular
C00658,Customer 00658,customer00658@example.com,UK,Leeds,2025-05-17,New
C00659,Customer 00659,customer00659@example.com,USA,Chicago,2025-11-29,Regular
C00660,Customer 00660,customer00660@example.com,USA,Seattle,2024-09-01,Premium
C00661,Customer 00661,customer00661@example.com,UK,Manchester,2025-04-22,VIP
C00662,Customer 00662,customer00662@example.com,Netherlands,Amsterdam,2024-11-04,Regular
C00663,Customer 00663,customer00663@example.com,USA,Austin,2024-08-18,Premium
C00664,Customer 00664,customer00664@example.com,India,Delhi,2025-01-17,Premium
C00665,Customer 00665,customer00665@example.com,India,Mumbai,2024-06-03,New
C00666,Customer 00666,customer00666@example.com,India,Bengaluru,2024-06-23,Premium
C00667,Customer 00667,customer00667@example.com,India,Delhi,2024-04-24,Regular
C00668,Customer 00668,customer00668@example.com,India,Mumbai,2025-01-24,Regular
C00669,Customer 00669,customer00669@example.com,India,Mumbai,2024-11-06,Regular
C00670,Customer 00670,customer00670@example.com,India,Delhi,2024-10-26,Regular
C00671,Customer 00671,customer00671@example.com,India,Mumbai,2024-01-18,Premium
C00672,Customer 00672,customer00672@example.com,France,Lyon,2024-01-12,Regular
C00673,Customer 00673,customer00673@example.com,India,Mumbai,2025-02-07,Premium
C00674,Customer 00674,customer00674@example.com,USA,New York,2025-12-04,Premium
C00675,Customer 00675,customer00675@example.com,UK,Leeds,2024-08-19,Premium
C00676,Customer 00676,customer00676@example.com,Netherlands,Amsterdam,2025-08-27,Regular
C00677,Customer 00677,customer00677@example.com,India,Pune,2025-12-30,New
C00678,Customer 00678,customer00678@example.com,UK,London,2024-10-04,Regular
C00679,Customer 00679,customer00679@example.com,Singapore,Singapore,2024-12-18,Premium
C00680,Customer 00680,customer00680@example.com,France,Paris,2024-10-29,New
C00681,Customer 00681,customer00681@example.com,Germany,Hamburg,2025-06-24,VIP
C00682,Customer 00682,customer00682@example.com,India,Hyderabad,2025-04-14,Premium
C00683,Customer 00683,customer00683@example.com,India,Pune,2024-03-17,Regular
C00684,Customer 00684,customer00684@example.com,Canada,Toronto,2025-06-04,Regular
C00685,Customer 00685,customer00685@example.com,UAE,Dubai,2024-01-24,Regular
C00686,Customer 00686,customer00686@example.com,USA,Chicago,2024-01-15,Premium
C00687,Customer 00687,customer00687@example.com,USA,Chicago,2025-11-06,Regular
C00688,Customer 00688,customer00688@example.com,India,Hyderabad,2025-06-08,Premium
C00689,Customer 00689,customer00689@example.com,Australia,Brisbane,2024-12-12,Regular
C00690,Customer 00690,customer00690@example.com,India,Bengaluru,2024-06-20,Premium
C00691,Customer 00691,customer00691@example.com,India,Bengaluru,2024-11-22,Premium
C00692,Customer 00692,customer00692@example.com,UK,Manchester,2025-12-12,New
C00693,Customer 00693,customer00693@example.com,UK,Leeds,2025-04-29,New
C00694,Customer 00694,customer00694@example.com,India,Pune,2025-05-03,Premium
C00695,Customer 00695,customer00695@example.com,India,Hyderabad,2025-04-06,Regular
C00696,Customer 00696,customer00696@example.com,USA,San Francisco,2025-01-12,Regular
C00697,Customer 00697,customer00697@example.com,India,Bengaluru,2025-08-10,Regular
C00698,Customer 00698,customer00698@example.com,USA,Seattle,2024-06-12,New
C00699,Customer 00699,customer00699@example.com,India,Pune,2025-01-06,New
C00700,Customer 00700,customer00700@example.com,UK,Birmingham,2025-07-26,Premium
C00701,Customer 00701,customer00701@example.com,USA,Austin,2025-02-27,Regular
C00702,Customer 00702,customer00702@example.com,India,Bengaluru,2025-04-21,Regular
C00703,Customer 00703,customer00703@example.com,India,Chennai,2025-01-16,Premium
C00704,Customer 00704,customer00704@example.com,India,Chennai,2024-06-03,New
C00705,Customer 00705,customer00705@example.com,India,Pune,2024-09-13,Regular
C00706,Customer 00706,customer00706@example.com,Netherlands,Amsterdam,2025-11-04,Premium
C00707,Customer 00707,customer00707@example.com,India,Bengaluru,2024-03-08,Premium
C00708,Customer 00708,customer00708@example.com,Germany,Munich,2024-12-09,Regular
C00709,Customer 00709,customer00709@example.com,India,Hyderabad,2024-10-03,VIP
C00710,Customer 00710,customer00710@example.com,Canada,Montreal,2025-11-03,Premium
C00711,Customer 00711,customer00711@example.com,Australia,Sydney,2025-01-25,New
C00712,Customer 00712,customer00712@example.com,USA,Austin,2025-03-24,New
C00713,Customer 00713,customer00713@example.com,UK,Leeds,2024-09-15,Premium
C00714,Customer 00714,customer00714@example.com,UK,Leeds,2024-11-02,Regular
C00715,Customer 00715,customer00715@example.com,India,Pune,2024-04-04,New
C00716,Customer 00716,customer00716@example.com,UAE,Dubai,2025-04-08,Premium
C00717,Customer 00717,customer00717@example.com,Germany,Berlin,2024-09-02,Regular
C00718,Customer 00718,customer00718@example.com,Singapore,Singapore,2025-09-26,Regular
C00719,Customer 00719,customer00719@example.com,India,Hyderabad,2024-07-05,New
C00720,Customer 00720,customer00720@example.com,Australia,Brisbane,2025-01-07,Regular
C00721,Customer 00721,customer00721@example.com,UAE,Abu Dhabi,2025-07-25,Regular
C00722,Customer 00722,customer00722@example.com,India,Pune,2025-02-09,New
C00723,Customer 00723,customer00723@example.com,India,Chennai,2025-02-11,Regular
C00724,Customer 00724,customer00724@example.com,Australia,Sydney,2024-05-04,Regular
C00725,Customer 00725,customer00725@example.com,USA,San Francisco,2024-12-02,Premium
C00726,Customer 00726,customer00726@example.com,Germany,Berlin,2024-12-06,Premium
C00727,Customer 00727,customer00727@example.com,India,Mumbai,2025-07-16,Regular
C00728,Customer 00728,customer00728@example.com,Germany,Hamburg,2024-06-26,Premium
C00729,Customer 00729,customer00729@example.com,India,Delhi,2025-10-12,Premium
C00730,Customer 00730,customer00730@example.com,India,Pune,2024-06-18,Premium
C00731,Customer 00731,customer00731@example.com,India,Mumbai,2024-02-08,Regular
C00732,Customer 00732,customer00732@example.com,Germany,Berlin,2024-03-09,New
C00733,Customer 00733,customer00733@example.com,Canada,Montreal,2024-08-23,Premium
C00734,Customer 00734,customer00734@example.com,USA,Austin,2025-07-13,New
C00735,Customer 00735,customer00735@example.com,UK,London,2025-01-15,New
C00736,Customer 00736,customer00736@example.com,France,Lyon,2024-02-26,Regular
C00737,Customer 00737,customer00737@example.com,UK,Leeds,2024-10-03,VIP
C00738,Customer 00738,customer00738@example.com,Germany,Berlin,2024-04-08,Regular
C00739,Customer 00739,customer00739@example.com,UK,Leeds,2025-06-10,Regular
C00740,Customer 00740,customer00740@example.com,UK,Birmingham,2024-11-20,Regular
C00741,Customer 00741,customer00741@example.com,UK,Leeds,2025-04-05,Premium
C00742,Customer 00742,customer00742@example.com,India,Pune,2024-06-27,Regular
C00743,Customer 00743,customer00743@example.com,Australia,Sydney,2025-07-27,New
C00744,Customer 00744,customer00744@example.com,UK,Leeds,2024-04-28,Regular
C00745,Customer 00745,customer00745@example.com,India,Bengaluru,2025-04-13,Regular
C00746,Customer 00746,customer00746@example.com,France,Marseille,2025-07-02,New
C00747,Customer 00747,customer00747@example.com,UK,Birmingham,2025-10-07,New
C00748,Customer 00748,customer00748@example.com,USA,San Francisco,2025-03-30,Regular
C00749,Customer 00749,customer00749@example.com,UAE,Sharjah,2024-01-26,Regular
C00750,Customer 00750,customer00750@example.com,USA,Seattle,2025-05-04,Premium
C00751,Customer 00751,customer00751@example.com,India,Delhi,2024-01-08,New
C00752,Customer 00752,customer00752@example.com,UAE,Abu Dhabi,2025-05-30,Regular
C00753,Customer 00753,customer00753@example.com,USA,San Francisco,2025-06-16,Regular
C00754,Customer 00754,customer00754@example.com,India,Mumbai,2024-05-28,New
C00755,Customer 00755,customer00755@example.com,India,Mumbai,2025-05-02,Regular
C00756,Customer 00756,customer00756@example.com,Germany,Berlin,2024-01-25,New
C00757,Customer 00757,customer00757@example.com,USA,New York,2025-10-16,Premium
C00758,Customer 00758,customer00758@example.com,USA,Austin,2025-07-08,Regular
C00759,Customer 00759,customer00759@example.com,France,Lyon,2025-02-28,Regular
C00760,Customer 00760,customer00760@example.com,Germany,Berlin,2024-10-19,New
C00761,Customer 00761,customer00761@example.com,India,Delhi,2024-07-03,Regular
C00762,Customer 00762,customer00762@example.com,India,Chennai,2025-07-07,Regular
C00763,Customer 00763,customer00763@example.com,India,Chennai,2025-03-06,Regular
C00764,Customer 00764,customer00764@example.com,Australia,Brisbane,2025-08-26,New
C00765,Customer 00765,customer00765@example.com,India,Delhi,2024-11-12,New
C00766,Customer 00766,customer00766@example.com,USA,Austin,2025-02-01,Regular
C00767,Customer 00767,customer00767@example.com,Australia,Sydney,2024-11-19,Regular
C00768,Customer 00768,customer00768@example.com,France,Lyon,2025-07-18,New
C00769,Customer 00769,customer00769@example.com,India,Mumbai,2025-08-18,Regular
C00770,Customer 00770,customer00770@example.com,Germany,Berlin,2025-06-29,Regular
C00771,Customer 00771,customer00771@example.com,India,Delhi,2024-03-16,Regular
C00772,Customer 00772,customer00772@example.com,Germany,Berlin,2025-12-09,Regular
C00773,Customer 00773,customer00773@example.com,India,Mumbai,2025-04-30,Regular
C00774,Customer 00774,customer00774@example.com,UK,Birmingham,2024-03-28,New
C00775,Customer 00775,customer00775@example.com,Germany,Munich,2024-08-19,New
C00776,Customer 00776,customer00776@example.com,India,Mumbai,2024-01-07,Regular
C00777,Customer 00777,customer00777@example.com,India,Chennai,2025-07-03,Regular
C00778,Customer 00778,customer00778@example.com,Australia,Brisbane,2024-02-21,Regular
C00779,Customer 00779,customer00779@example.com,Australia,Melbourne,2025-10-16,Premium
C00780,Customer 00780,customer00780@example.com,USA,San Francisco,2025-01-30,Premium
C00781,Customer 00781,customer00781@example.com,Canada,Toronto,2024-08-08,Regular
C00782,Customer 00782,customer00782@example.com,USA,San Francisco,2025-03-03,Premium
C00783,Customer 00783,customer00783@example.com,India,Bengaluru,2024-05-22,Regular
C00784,Customer 00784,customer00784@example.com,India,Hyderabad,2024-12-28,Regular
C00785,Customer 00785,customer00785@example.com,India,Bengaluru,2025-01-16,VIP
C00786,Customer 00786,customer00786@example.com,UAE,Sharjah,2025-07-14,Premium
C00787,Customer 00787,customer00787@example.com,USA,Seattle,2024-10-03,VIP
C00788,Customer 00788,customer00788@example.com,UK,Leeds,2024-09-27,New
C00789,Customer 00789,customer00789@example.com,UK,Manchester,2024-01-14,New
C00790,Customer 00790,customer00790@example.com,UAE,Sharjah,2024-10-24,Regular
C00791,Customer 00791,customer00791@example.com,India,Delhi,2025-04-08,Regular
C00792,Customer 00792,customer00792@example.com,USA,Seattle,2025-06-10,New
C00793,Customer 00793,customer00793@example.com,UK,Leeds,2024-08-21,Premium
C00794,Customer 00794,customer00794@example.com,USA,New York,2025-07-28,Regular
C00795,Customer 00795,customer00795@example.com,India,Hyderabad,2025-12-08,Regular
C00796,Customer 00796,customer00796@example.com,France,Lyon,2024-01-27,Regular
C00797,Customer 00797,customer00797@example.com,UAE,Dubai,2025-04-15,Regular
C00798,Customer 00798,customer00798@example.com,USA,Seattle,2024-04-02,New
C00799,Customer 00799,customer00799@example.com,Canada,Montreal,2025-09-08,VIP
C00800,Customer 00800,customer00800@example.com,UAE,Dubai,2024-11-04,Regular
C00801,Customer 00801,customer00801@example.com,Canada,Vancouver,2024-02-21,New
C00802,Customer 00802,customer00802@example.com,India,Pune,2024-11-14,Premium
C00803,Customer 00803,customer00803@example.com,USA,San Francisco,2024-06-29,VIP
C00804,Customer 00804,customer00804@example.com,USA,Austin,2025-07-22,Premium
C00805,Customer 00805,customer00805@example.com,UK,Leeds,2024-04-29,Premium
C00806,Customer 00806,customer00806@example.com,Australia,Brisbane,2024-02-12,Regular
C00807,Customer 00807,customer00807@example.com,UAE,Sharjah,2025-10-08,Premium
C00808,Customer 00808,customer00808@example.com,UAE,Abu Dhabi,2024-09-16,New
C00809,Customer 00809,customer00809@example.com,UK,Leeds,2024-07-15,Premium
C00810,Customer 00810,customer00810@example.com,India,Pune,2025-10-06,Regular
C00811,Customer 00811,customer00811@example.com,Netherlands,Rotterdam,2024-09-11,New
C00812,Customer 00812,customer00812@example.com,Germany,Munich,2024-12-01,Regular
C00813,Customer 00813,customer00813@example.com,India,Pune,2025-07-06,Regular
C00814,Customer 00814,customer00814@example.com,UAE,Abu Dhabi,2025-05-16,Regular
C00815,Customer 00815,customer00815@example.com,France,Lyon,2024-09-11,New
C00816,Customer 00816,customer00816@example.com,USA,Austin,2025-05-28,Premium
C00817,Customer 00817,customer00817@example.com,USA,Austin,2025-12-07,New
C00818,Customer 00818,customer00818@example.com,UK,Manchester,2024-08-29,Regular
C00819,Customer 00819,customer00819@example.com,India,Hyderabad,2024-05-28,Premium
C00820,Customer 00820,customer00820@example.com,India,Pune,2025-12-10,Regular
C00821,Customer 00821,customer00821@example.com,Germany,Berlin,2024-10-25,Regular
C00822,Customer 00822,customer00822@example.com,India,Mumbai,2025-09-11,New
C00823,Customer 00823,customer00823@example.com,India,Hyderabad,2025-03-28,Regular
C00824,Customer 00824,customer00824@example.com,UK,Manchester,2025-01-27,VIP
C00825,Customer 00825,customer00825@example.com,USA,Chicago,2024-07-30,Premium
C00826,Customer 00826,customer00826@example.com,UAE,Dubai,2025-10-29,Regular
C00827,Customer 00827,customer00827@example.com,India,Pune,2025-06-21,New
C00828,Customer 00828,customer00828@example.com,India,Delhi,2025-08-16,Regular
C00829,Customer 00829,customer00829@example.com,Australia,Melbourne,2025-08-17,New
C00830,Customer 00830,customer00830@example.com,UK,Birmingham,2024-05-10,Regular
C00831,Customer 00831,customer00831@example.com,India,Hyderabad,2024-11-24,Regular
C00832,Customer 00832,customer00832@example.com,UK,Manchester,2025-09-03,Regular
C00833,Customer 00833,customer00833@example.com,India,Mumbai,2024-09-12,Regular
C00834,Customer 00834,customer00834@example.com,India,Bengaluru,2025-04-23,Regular
C00835,Customer 00835,customer00835@example.com,UK,Birmingham,2025-07-14,Regular
C00836,Customer 00836,customer00836@example.com,UK,Manchester,2024-03-03,Premium
C00837,Customer 00837,customer00837@example.com,UAE,Abu Dhabi,2024-11-06,Regular
C00838,Customer 00838,customer00838@example.com,UK,London,2025-02-10,Premium
C00839,Customer 00839,customer00839@example.com,USA,San Francisco,2024-04-14,Premium
C00840,Customer 00840,customer00840@example.com,USA,Chicago,2025-09-08,Regular
C00841,Customer 00841,customer00841@example.com,India,Mumbai,2024-01-15,New
C00842,Customer 00842,customer00842@example.com,Canada,Toronto,2025-11-17,New
C00843,Customer 00843,customer00843@example.com,India,Hyderabad,2024-09-15,Regular
C00844,Customer 00844,customer00844@example.com,Singapore,Singapore,2025-12-23,Regular
C00845,Customer 00845,customer00845@example.com,India,Pune,2025-02-15,Premium
C00846,Customer 00846,customer00846@example.com,UK,Manchester,2024-09-15,VIP
C00847,Customer 00847,customer00847@example.com,India,Pune,2025-09-05,New
C00848,Customer 00848,customer00848@example.com,Netherlands,Rotterdam,2024-09-16,VIP
C00849,Customer 00849,customer00849@example.com,UK,London,2025-11-01,Regular
C00850,Customer 00850,customer00850@example.com,USA,New York,2024-02-14,Premium
C00851,Customer 00851,customer00851@example.com,India,Chennai,2024-11-26,New
C00852,Customer 00852,customer00852@example.com,Australia,Melbourne,2024-06-13,New
C00853,Customer 00853,customer00853@example.com,India,Delhi,2024-07-11,Regular
C00854,Customer 00854,customer00854@example.com,France,Lyon,2025-06-04,Premium
C00855,Customer 00855,customer00855@example.com,India,Delhi,2025-02-04,Regular
C00856,Customer 00856,customer00856@example.com,India,Mumbai,2025-01-08,New
C00857,Customer 00857,customer00857@example.com,India,Bengaluru,2024-03-05,Premium
C00858,Customer 00858,customer00858@example.com,UK,London,2025-01-21,Premium
C00859,Customer 00859,customer00859@example.com,USA,Austin,2025-05-09,New
C00860,Customer 00860,customer00860@example.com,India,Delhi,2025-11-23,Premium
C00861,Customer 00861,customer00861@example.com,Australia,Sydney,2025-02-18,Regular
C00862,Customer 00862,customer00862@example.com,UK,London,2024-01-30,Regular
C00863,Customer 00863,customer00863@example.com,USA,Seattle,2024-09-22,Regular
C00864,Customer 00864,customer00864@example.com,UK,Leeds,2024-11-23,Regular
C00865,Customer 00865,customer00865@example.com,UK,London,2025-05-06,Regular
C00866,Customer 00866,customer00866@example.com,USA,San Francisco,2024-08-04,Regular
C00867,Customer 00867,customer00867@example.com,India,Pune,2024-11-15,Regular
C00868,Customer 00868,customer00868@example.com,India,Pune,2025-02-02,Regular
C00869,Customer 00869,customer00869@example.com,France,Paris,2024-04-14,Regular
C00870,Customer 00870,customer00870@example.com,UAE,Dubai,2025-11-26,Regular
C00871,Customer 00871,customer00871@example.com,UK,Manchester,2024-11-25,New
C00872,Customer 00872,customer00872@example.com,India,Chennai,2025-10-21,Regular
C00873,Customer 00873,customer00873@example.com,USA,Austin,2025-09-08,Premium
C00874,Customer 00874,customer00874@example.com,UK,London,2024-02-16,Regular
C00875,Customer 00875,customer00875@example.com,India,Bengaluru,2025-08-21,Regular
C00876,Customer 00876,customer00876@example.com,India,Hyderabad,2025-10-02,Regular
C00877,Customer 00877,customer00877@example.com,Canada,Montreal,2024-11-09,Regular
C00878,Customer 00878,customer00878@example.com,Canada,Vancouver,2024-05-26,Regular
C00879,Customer 00879,customer00879@example.com,India,Chennai,2025-04-06,Premium
C00880,Customer 00880,customer00880@example.com,India,Chennai,2025-08-06,Regular
C00881,Customer 00881,customer00881@example.com,India,Chennai,2025-04-30,Regular
C00882,Customer 00882,customer00882@example.com,Canada,Toronto,2025-10-13,Regular
C00883,Customer 00883,customer00883@example.com,India,Chennai,2025-02-13,Premium
C00884,Customer 00884,customer00884@example.com,India,Delhi,2024-01-27,Regular
C00885,Customer 00885,customer00885@example.com,Germany,Munich,2024-01-29,Regular
C00886,Customer 00886,customer00886@example.com,India,Delhi,2024-09-27,Regular
C00887,Customer 00887,customer00887@example.com,Canada,Vancouver,2025-11-16,Premium
C00888,Customer 00888,customer00888@example.com,India,Chennai,2025-05-15,New
C00889,Customer 00889,customer00889@example.com,India,Delhi,2024-09-09,Regular
C00890,Customer 00890,customer00890@example.com,India,Mumbai,2025-01-19,Premium
C00891,Customer 00891,customer00891@example.com,Australia,Brisbane,2024-02-29,VIP
C00892,Customer 00892,customer00892@example.com,France,Marseille,2024-04-16,Regular
C00893,Customer 00893,customer00893@example.com,Germany,Berlin,2024-08-07,VIP
C00894,Customer 00894,customer00894@example.com,UK,London,2025-03-16,Regular
C00895,Customer 00895,customer00895@example.com,Canada,Toronto,2025-10-19,Regular
C00896,Customer 00896,customer00896@example.com,India,Pune,2025-07-17,Regular
C00897,Customer 00897,customer00897@example.com,India,Bengaluru,2025-07-25,New
C00898,Customer 00898,customer00898@example.com,France,Lyon,2025-06-29,Regular
C00899,Customer 00899,customer00899@example.com,India,Pune,2024-04-05,Regular
C00900,Customer 00900,customer00900@example.com,India,Hyderabad,2024-03-29,Premium
C00901,Customer 00901,customer00901@example.com,India,Bengaluru,2024-08-18,Premium
C00902,Customer 00902,customer00902@example.com,India,Bengaluru,2024-10-01,Regular
C00903,Customer 00903,customer00903@example.com,India,Bengaluru,2024-09-02,Regular
C00904,Customer 00904,customer00904@example.com,USA,San Francisco,2024-04-20,New
C00905,Customer 00905,customer00905@example.com,UK,London,2024-08-21,Regular
C00906,Customer 00906,customer00906@example.com,France,Paris,2024-10-04,Regular
C00907,Customer 00907,customer00907@example.com,Germany,Berlin,2025-04-21,Regular
C00908,Customer 00908,customer00908@example.com,India,Delhi,2025-02-20,Regular
C00909,Customer 00909,customer00909@example.com,India,Delhi,2025-11-08,Regular
C00910,Customer 00910,customer00910@example.com,UK,Leeds,2024-05-07,Premium
C00911,Customer 00911,customer00911@example.com,USA,Austin,2024-08-24,Premium
C00912,Customer 00912,customer00912@example.com,India,Hyderabad,2025-09-10,Regular
C00913,Customer 00913,customer00913@example.com,USA,Chicago,2024-05-07,Regular
C00914,Customer 00914,customer00914@example.com,UK,Birmingham,2025-12-07,Regular
C00915,Customer 00915,customer00915@example.com,USA,Austin,2025-01-28,New
C00916,Customer 00916,customer00916@example.com,UK,Leeds,2025-04-19,New
C00917,Customer 00917,customer00917@example.com,India,Hyderabad,2025-10-16,New
C00918,Customer 00918,customer00918@example.com,UAE,Sharjah,2025-01-29,New
C00919,Customer 00919,customer00919@example.com,Australia,Sydney,2024-04-20,New
C00920,Customer 00920,customer00920@example.com,India,Mumbai,2024-03-30,New
C00921,Customer 00921,customer00921@example.com,France,Marseille,2024-10-06,New
C00922,Customer 00922,customer00922@example.com,UK,Manchester,2024-11-28,Regular
C00923,Customer 00923,customer00923@example.com,France,Lyon,2024-08-11,VIP
C00924,Customer 00924,customer00924@example.com,Germany,Berlin,2024-04-10,Premium
C00925,Customer 00925,customer00925@example.com,UK,Manchester,2024-05-11,New
C00926,Customer 00926,customer00926@example.com,India,Pune,2024-01-13,Regular
C00927,Customer 00927,customer00927@example.com,India,Bengaluru,2025-04-01,Premium
C00928,Customer 00928,customer00928@example.com,USA,Austin,2025-03-16,New
C00929,Customer 00929,customer00929@example.com,USA,Chicago,2024-04-07,Premium
C00930,Customer 00930,customer00930@example.com,India,Hyderabad,2024-04-29,Regular
C00931,Customer 00931,customer00931@example.com,India,Hyderabad,2024-10-19,Premium
C00932,Customer 00932,customer00932@example.com,Germany,Berlin,2025-12-11,Premium
C00933,Customer 00933,customer00933@example.com,Netherlands,Rotterdam,2024-01-01,Regular
C00934,Customer 00934,customer00934@example.com,USA,San Francisco,2025-07-25,Regular
C00935,Customer 00935,customer00935@example.com,India,Pune,2024-09-06,New
C00936,Customer 00936,customer00936@example.com,India,Chennai,2025-10-13,New
C00937,Customer 00937,customer00937@example.com,India,Mumbai,2024-05-28,Regular
C00938,Customer 00938,customer00938@example.com,UAE,Abu Dhabi,2025-01-29,New
C00939,Customer 00939,customer00939@example.com,India,Hyderabad,2024-02-13,New
C00940,Customer 00940,customer00940@example.com,USA,Seattle,2025-11-28,Regular
C00941,Customer 00941,customer00941@example.com,India,Pune,2025-09-11,Premium
C00942,Customer 00942,customer00942@example.com,USA,Austin,2024-02-13,New
C00943,Customer 00943,customer00943@example.com,Canada,Montreal,2024-03-18,Regular
C00944,Customer 00944,customer00944@example.com,Germany,Munich,2024-08-13,Regular
C00945,Customer 00945,customer00945@example.com,India,Mumbai,2024-06-10,Regular
C00946,Customer 00946,customer00946@example.com,India,Chennai,2024-09-09,New
C00947,Customer 00947,customer00947@example.com,India,Chennai,2024-05-11,VIP
C00948,Customer 00948,customer00948@example.com,UAE,Abu Dhabi,2025-03-23,Regular
C00949,Customer 00949,customer00949@example.com,France,Lyon,2025-04-18,Regular
C00950,Customer 00950,customer00950@example.com,USA,New York,2025-10-17,New
C00951,Customer 00951,customer00951@example.com,USA,San Francisco,2024-04-18,Regular
C00952,Customer 00952,customer00952@example.com,Canada,Toronto,2025-12-06,Premium
C00953,Customer 00953,customer00953@example.com,India,Delhi,2024-02-04,New
C00954,Customer 00954,customer00954@example.com,UAE,Sharjah,2025-04-11,Regular
C00955,Customer 00955,customer00955@example.com,UK,Birmingham,2024-10-01,New
C00956,Customer 00956,customer00956@example.com,UK,Birmingham,2024-07-05,VIP
C00957,Customer 00957,customer00957@example.com,USA,New York,2024-08-30,New
C00958,Customer 00958,customer00958@example.com,India,Hyderabad,2024-09-20,Premium
C00959,Customer 00959,customer00959@example.com,India,Bengaluru,2025-06-05,Regular
C00960,Customer 00960,customer00960@example.com,Australia,Brisbane,2025-11-08,Regular
C00961,Customer 00961,customer00961@example.com,India,Chennai,2025-06-24,Regular
C00962,Customer 00962,customer00962@example.com,USA,San Francisco,2024-03-27,New
C00963,Customer 00963,customer00963@example.com,India,Hyderabad,2025-06-18,Regular
C00964,Customer 00964,customer00964@example.com,UK,Birmingham,2024-07-28,Regular
C00965,Customer 00965,customer00965@example.com,India,Chennai,2024-02-15,New
C00966,Customer 00966,customer00966@example.com,UK,London,2025-04-11,Premium
C00967,Customer 00967,customer00967@example.com,Canada,Toronto,2025-06-23,New
C00968,Customer 00968,customer00968@example.com,India,Delhi,2024-01-26,Regular
C00969,Customer 00969,customer00969@example.com,USA,San Francisco,2024-09-22,Regular
C00970,Customer 00970,customer00970@example.com,UK,Leeds,2024-06-23,New
C00971,Customer 00971,customer00971@example.com,Canada,Vancouver,2025-05-30,Regular
C00972,Customer 00972,customer00972@example.com,UAE,Dubai,2024-11-06,Regular
C00973,Customer 00973,customer00973@example.com,Australia,Brisbane,2024-11-17,Regular
C00974,Customer 00974,customer00974@example.com,India,Delhi,2025-08-01,Regular
C00975,Customer 00975,customer00975@example.com,India,Pune,2024-05-14,Regular
C00976,Customer 00976,customer00976@example.com,India,Delhi,2024-02-24,Premium
C00977,Customer 00977,customer00977@example.com,USA,New York,2025-06-26,Regular
C00978,Customer 00978,customer00978@example.com,India,Delhi,2025-08-08,Regular
C00979,Customer 00979,customer00979@example.com,UK,Birmingham,2025-06-14,Premium
C00980,Customer 00980,customer00980@example.com,USA,Seattle,2024-06-04,New
C00981,Customer 00981,customer00981@example.com,India,Mumbai,2025-10-29,Regular
C00982,Customer 00982,customer00982@example.com,Australia,Melbourne,2024-05-26,Regular
C00983,Customer 00983,customer00983@example.com,India,Pune,2025-04-29,Premium
C00984,Customer 00984,customer00984@example.com,India,Hyderabad,2025-08-21,VIP
C00985,Customer 00985,customer00985@example.com,Australia,Sydney,2024-01-20,Regular
C00986,Customer 00986,customer00986@example.com,UK,Birmingham,2024-09-25,Regular
C00987,Customer 00987,customer00987@example.com,Canada,Vancouver,2024-11-28,Regular
C00988,Customer 00988,customer00988@example.com,UK,Leeds,2025-07-08,Regular
C00989,Customer 00989,customer00989@example.com,India,Mumbai,2025-02-04,Regular
C00990,Customer 00990,customer00990@example.com,Germany,Hamburg,2024-11-01,VIP
C00991,Customer 00991,customer00991@example.com,Germany,Munich,2024-01-28,New
C00992,Customer 00992,customer00992@example.com,Canada,Montreal,2025-04-11,Regular
C00993,Customer 00993,customer00993@example.com,India,Hyderabad,2024-09-16,Premium
C00994,Customer 00994,customer00994@example.com,USA,Seattle,2025-06-17,Premium
C00995,Customer 00995,customer00995@example.com,UK,London,2024-04-10,New
C00996,Customer 00996,customer00996@example.com,India,Mumbai,2025-07-04,New
C00997,Customer 00997,customer00997@example.com,UAE,Abu Dhabi,2024-12-18,Regular
C00998,Customer 00998,customer00998@example.com,India,Mumbai,2024-10-26,Regular
C00999,Customer 00999,customer00999@example.com,Singapore,Singapore,2025-11-12,Regular
C01000,Customer 01000,customer01000@example.com,UK,Leeds,2024-10-22,Regular
C01001,Customer 01001,customer01001@example.com,India,Chennai,2024-12-18,VIP
C01002,Customer 01002,customer01002@example.com,USA,New York,2024-05-09,Regular
C01003,Customer 01003,customer01003@example.com,France,Marseille,2024-06-04,Regular
C01004,Customer 01004,customer01004@example.com,Australia,Brisbane,2024-03-14,Regular
C01005,Customer 01005,customer01005@example.com,Germany,Munich,2024-12-07,New
C01006,Customer 01006,customer01006@example.com,Canada,Vancouver,2025-04-09,New
C01007,Customer 01007,customer01007@example.com,Canada,Toronto,2024-03-30,Premium
C01008,Customer 01008,customer01008@example.com,Germany,Berlin,2025-08-01,Premium
C01009,Customer 01009,customer01009@example.com,India,Chennai,2025-03-30,New
C01010,Customer 01010,customer01010@example.com,UK,Birmingham,2025-12-12,Premium
C01011,Customer 01011,customer01011@example.com,India,Chennai,2024-11-27,New
C01012,Customer 01012,customer01012@example.com,Netherlands,Rotterdam,2024-12-13,Regular
C01013,Customer 01013,customer01013@example.com,UAE,Sharjah,2024-08-20,New
C01014,Customer 01014,customer01014@example.com,India,Delhi,2025-08-20,Premium
C01015,Customer 01015,customer01015@example.com,Canada,Toronto,2024-04-11,New
C01016,Customer 01016,customer01016@example.com,UAE,Dubai,2025-04-25,Regular
C01017,Customer 01017,customer01017@example.com,India,Mumbai,2024-08-01,Premium
C01018,Customer 01018,customer01018@example.com,USA,San Francisco,2024-04-17,New
C01019,Customer 01019,customer01019@example.com,UAE,Dubai,2024-06-13,Regular
C01020,Customer 01020,customer01020@example.com,India,Mumbai,2025-08-25,New
C01021,Customer 01021,customer01021@example.com,Canada,Vancouver,2025-12-04,Regular
C01022,Customer 01022,customer01022@example.com,India,Pune,2024-11-30,Regular
C01023,Customer 01023,customer01023@example.com,UAE,Abu Dhabi,2024-03-26,Regular
C01024,Customer 01024,customer01024@example.com,Singapore,Singapore,2025-02-27,Premium
C01025,Customer 01025,customer01025@example.com,UAE,Dubai,2025-09-04,Regular
C01026,Customer 01026,customer01026@example.com,UK,Manchester,2024-12-29,New
C01027,Customer 01027,customer01027@example.com,France,Marseille,2024-02-29,Regular
C01028,Customer 01028,customer01028@example.com,Germany,Berlin,2025-04-26,Premium
C01029,Customer 01029,customer01029@example.com,India,Mumbai,2024-09-06,VIP
C01030,Customer 01030,customer01030@example.com,Germany,Hamburg,2025-07-13,New
C01031,Customer 01031,customer01031@example.com,India,Hyderabad,2024-04-26,Regular
C01032,Customer 01032,customer01032@example.com,USA,San Francisco,2025-06-28,Premium
C01033,Customer 01033,customer01033@example.com,India,Delhi,2024-02-13,Premium
C01034,Customer 01034,customer01034@example.com,India,Hyderabad,2025-05-23,Regular
C01035,Customer 01035,customer01035@example.com,India,Bengaluru,2024-06-13,Regular
C01036,Customer 01036,customer01036@example.com,Canada,Toronto,2025-01-02,Regular
C01037,Customer 01037,customer01037@example.com,India,Delhi,2024-10-18,New
C01038,Customer 01038,customer01038@example.com,Australia,Sydney,2024-10-12,Premium
C01039,Customer 01039,customer01039@example.com,India,Pune,2024-07-22,New
C01040,Customer 01040,customer01040@example.com,India,Bengaluru,2025-11-14,Regular
C01041,Customer 01041,customer01041@example.com,USA,Seattle,2025-06-07,Regular
C01042,Customer 01042,customer01042@example.com,Germany,Hamburg,2024-04-30,Regular
C01043,Customer 01043,customer01043@example.com,India,Mumbai,2025-10-25,Regular
C01044,Customer 01044,customer01044@example.com,USA,San Francisco,2025-10-25,Regular
C01045,Customer 01045,customer01045@example.com,France,Marseille,2024-07-06,Regular
C01046,Customer 01046,customer01046@example.com,USA,Austin,2024-01-13,Regular
C01047,Customer 01047,customer01047@example.com,India,Delhi,2025-08-25,Regular
C01048,Customer 01048,customer01048@example.com,India,Delhi,2024-07-18,Premium
C01049,Customer 01049,customer01049@example.com,France,Lyon,2025-08-08,VIP
C01050,Customer 01050,customer01050@example.com,India,Bengaluru,2025-03-31,Regular
C01051,Customer 01051,customer01051@example.com,France,Lyon,2025-03-23,Premium
C01052,Customer 01052,customer01052@example.com,USA,San Francisco,2024-03-11,Regular
C01053,Customer 01053,customer01053@example.com,UAE,Dubai,2025-08-12,Regular
C01054,Customer 01054,customer01054@example.com,Germany,Munich,2024-05-09,VIP
C01055,Customer 01055,customer01055@example.com,Netherlands,Amsterdam,2024-02-12,Regular
C01056,Customer 01056,customer01056@example.com,UK,Manchester,2025-06-03,New
C01057,Customer 01057,customer01057@example.com,Australia,Sydney,2024-01-13,VIP
C01058,Customer 01058,customer01058@example.com,UK,Birmingham,2025-12-25,Premium
C01059,Customer 01059,customer01059@example.com,UK,Leeds,2025-09-14,Regular
C01060,Customer 01060,customer01060@example.com,USA,Austin,2025-06-18,VIP
C01061,Customer 01061,customer01061@example.com,France,Marseille,2024-10-28,Regular
C01062,Customer 01062,customer01062@example.com,Netherlands,Rotterdam,2025-06-10,Regular
C01063,Customer 01063,customer01063@example.com,Australia,Sydney,2025-10-03,Regular
C01064,Customer 01064,customer01064@example.com,UK,Birmingham,2025-07-26,Regular
C01065,Customer 01065,customer01065@example.com,UK,Birmingham,2024-04-24,Regular
C01066,Customer 01066,customer01066@example.com,Australia,Brisbane,2025-04-04,New
C01067,Customer 01067,customer01067@example.com,India,Chennai,2025-05-19,New
C01068,Customer 01068,customer01068@example.com,India,Pune,2024-11-03,Regular
C01069,Customer 01069,customer01069@example.com,UK,Leeds,2024-11-20,Regular
C01070,Customer 01070,customer01070@example.com,India,Bengaluru,2025-08-01,New
C01071,Customer 01071,customer01071@example.com,India,Delhi,2024-06-23,VIP
C01072,Customer 01072,customer01072@example.com,India,Chennai,2025-05-28,Regular
C01073,Customer 01073,customer01073@example.com,India,Delhi,2024-06-20,New
C01074,Customer 01074,customer01074@example.com,India,Mumbai,2025-05-16,Regular
C01075,Customer 01075,customer01075@example.com,Netherlands,Rotterdam,2024-11-29,Premium
C01076,Customer 01076,customer01076@example.com,UK,Leeds,2024-10-10,Regular
C01077,Customer 01077,customer01077@example.com,UK,Leeds,2025-04-19,New
C01078,Customer 01078,customer01078@example.com,Canada,Vancouver,2024-02-23,New
C01079,Customer 01079,customer01079@example.com,India,Bengaluru,2025-04-02,Regular
C01080,Customer 01080,customer01080@example.com,UAE,Sharjah,2025-08-01,Regular
C01081,Customer 01081,customer01081@example.com,Germany,Berlin,2025-02-23,Regular
C01082,Customer 01082,customer01082@example.com,India,Chennai,2025-09-05,Premium
C01083,Customer 01083,customer01083@example.com,UK,Leeds,2025-09-23,Regular
C01084,Customer 01084,customer01084@example.com,France,Paris,2025-12-03,Premium
C01085,Customer 01085,customer01085@example.com,UAE,Abu Dhabi,2025-02-12,Premium
C01086,Customer 01086,customer01086@example.com,UK,London,2024-10-30,Premium
C01087,Customer 01087,customer01087@example.com,USA,Austin,2025-07-12,VIP
C01088,Customer 01088,customer01088@example.com,India,Pune,2024-08-09,Premium
C01089,Customer 01089,customer01089@example.com,Netherlands,Rotterdam,2025-06-16,Regular
C01090,Customer 01090,customer01090@example.com,India,Pune,2024-06-06,Regular
C01091,Customer 01091,customer01091@example.com,UAE,Abu Dhabi,2024-12-13,Regular
C01092,Customer 01092,customer01092@example.com,USA,Seattle,2024-06-07,Premium
C01093,Customer 01093,customer01093@example.com,USA,Chicago,2024-08-22,Regular
C01094,Customer 01094,customer01094@example.com,USA,Seattle,2025-10-23,New
C01095,Customer 01095,customer01095@example.com,India,Hyderabad,2025-02-08,New
C01096,Customer 01096,customer01096@example.com,India,Bengaluru,2024-09-13,Premium
C01097,Customer 01097,customer01097@example.com,India,Chennai,2025-11-07,Premium
C01098,Customer 01098,customer01098@example.com,India,Chennai,2025-08-11,Regular
C01099,Customer 01099,customer01099@example.com,Australia,Melbourne,2025-08-19,Regular
C01100,Customer 01100,customer01100@example.com,UK,London,2025-07-11,Regular
C01101,Customer 01101,customer01101@example.com,India,Delhi,2024-02-16,New
C01102,Customer 01102,customer01102@example.com,Singapore,Singapore,2024-07-31,Regular
C01103,Customer 01103,customer01103@example.com,France,Marseille,2025-04-23,Regular
C01104,Customer 01104,customer01104@example.com,UAE,Abu Dhabi,2025-05-01,VIP
C01105,Customer 01105,customer01105@example.com,Netherlands,Amsterdam,2025-07-24,Regular
C01106,Customer 01106,customer01106@example.com,India,Pune,2025-07-19,Regular
C01107,Customer 01107,customer01107@example.com,UK,Manchester,2024-12-07,Regular
C01108,Customer 01108,customer01108@example.com,Australia,Melbourne,2025-06-07,Regular
C01109,Customer 01109,customer01109@example.com,Canada,Montreal,2025-12-04,Regular
C01110,Customer 01110,customer01110@example.com,India,Bengaluru,2025-05-17,Regular
C01111,Customer 01111,customer01111@example.com,Germany,Berlin,2024-01-06,Premium
C01112,Customer 01112,customer01112@example.com,India,Delhi,2024-05-23,Regular
C01113,Customer 01113,customer01113@example.com,India,Mumbai,2024-09-17,Regular
C01114,Customer 01114,customer01114@example.com,USA,Austin,2025-08-07,VIP
C01115,Customer 01115,customer01115@example.com,USA,San Francisco,2025-11-16,Premium
C01116,Customer 01116,customer01116@example.com,USA,Seattle,2024-08-19,Regular
C01117,Customer 01117,customer01117@example.com,India,Pune,2024-09-26,Premium
C01118,Customer 01118,customer01118@example.com,France,Paris,2025-03-22,Premium
C01119,Customer 01119,customer01119@example.com,India,Mumbai,2024-08-09,VIP
C01120,Customer 01120,customer01120@example.com,India,Pune,2024-02-21,VIP
C01121,Customer 01121,customer01121@example.com,France,Marseille,2024-04-25,Regular
C01122,Customer 01122,customer01122@example.com,Singapore,Singapore,2025-06-21,Regular
C01123,Customer 01123,customer01123@example.com,France,Lyon,2025-07-18,New
C01124,Customer 01124,customer01124@example.com,Germany,Hamburg,2025-06-24,Regular
C01125,Customer 01125,customer01125@example.com,Canada,Montreal,2024-01-19,Premium
C01126,Customer 01126,customer01126@example.com,USA,Seattle,2025-01-26,Premium
C01127,Customer 01127,customer01127@example.com,India,Chennai,2025-09-20,Regular
C01128,Customer 01128,customer01128@example.com,UK,London,2025-09-09,Regular
C01129,Customer 01129,customer01129@example.com,UK,London,2025-02-22,Regular
C01130,Customer 01130,customer01130@example.com,India,Bengaluru,2024-11-04,Regular
C01131,Customer 01131,customer01131@example.com,Australia,Brisbane,2024-07-04,Regular
C01132,Customer 01132,customer01132@example.com,UK,Birmingham,2024-09-17,Regular
C01133,Customer 01133,customer01133@example.com,India,Bengaluru,2025-06-11,New
C01134,Customer 01134,customer01134@example.com,India,Pune,2024-09-29,Regular
C01135,Customer 01135,customer01135@example.com,Canada,Toronto,2024-06-08,Regular
C01136,Customer 01136,customer01136@example.com,India,Delhi,2024-08-11,VIP
C01137,Customer 01137,customer01137@example.com,France,Paris,2024-09-12,Regular
C01138,Customer 01138,customer01138@example.com,UK,London,2024-06-28,Premium
C01139,Customer 01139,customer01139@example.com,UK,Leeds,2024-01-20,Regular
C01140,Customer 01140,customer01140@example.com,USA,Chicago,2025-09-15,New
C01141,Customer 01141,customer01141@example.com,Germany,Hamburg,2025-09-23,Regular
C01142,Customer 01142,customer01142@example.com,India,Mumbai,2025-12-06,Premium
C01143,Customer 01143,customer01143@example.com,Canada,Toronto,2025-04-12,Regular
C01144,Customer 01144,customer01144@example.com,USA,New York,2025-09-14,Regular
C01145,Customer 01145,customer01145@example.com,India,Mumbai,2024-07-28,New
C01146,Customer 01146,customer01146@example.com,France,Paris,2025-05-27,Regular
C01147,Customer 01147,customer01147@example.com,Germany,Munich,2024-02-27,New
C01148,Customer 01148,customer01148@example.com,Canada,Vancouver,2024-04-02,Regular
C01149,Customer 01149,customer01149@example.com,France,Lyon,2024-08-08,Regular
C01150,Customer 01150,customer01150@example.com,France,Lyon,2025-12-23,New
C01151,Customer 01151,customer01151@example.com,Canada,Toronto,2024-08-19,New
C01152,Customer 01152,customer01152@example.com,Germany,Berlin,2024-12-29,New
C01153,Customer 01153,customer01153@example.com,Canada,Montreal,2025-09-06,VIP
C01154,Customer 01154,customer01154@example.com,Canada,Vancouver,2025-07-15,Regular
C01155,Customer 01155,customer01155@example.com,USA,San Francisco,2025-01-08,Premium
C01156,Customer 01156,customer01156@example.com,Australia,Brisbane,2025-09-13,Regular
C01157,Customer 01157,customer01157@example.com,India,Bengaluru,2025-03-31,Premium
C01158,Customer 01158,customer01158@example.com,France,Paris,2024-03-28,New
C01159,Customer 01159,customer01159@example.com,France,Paris,2024-01-20,Regular
C01160,Customer 01160,customer01160@example.com,India,Hyderabad,2024-01-14,Premium
C01161,Customer 01161,customer01161@example.com,Germany,Hamburg,2024-05-12,Premium
C01162,Customer 01162,customer01162@example.com,India,Delhi,2024-02-03,Premium
C01163,Customer 01163,customer01163@example.com,India,Chennai,2024-07-26,Premium
C01164,Customer 01164,customer01164@example.com,Australia,Brisbane,2024-07-17,New
C01165,Customer 01165,customer01165@example.com,India,Bengaluru,2025-08-14,Regular
C01166,Customer 01166,customer01166@example.com,Germany,Munich,2025-08-05,Regular
C01167,Customer 01167,customer01167@example.com,Germany,Hamburg,2024-06-03,Premium
C01168,Customer 01168,customer01168@example.com,UK,Manchester,2025-08-12,Regular
C01169,Customer 01169,customer01169@example.com,India,Bengaluru,2024-03-18,Premium
C01170,Customer 01170,customer01170@example.com,India,Delhi,2024-06-20,Regular
C01171,Customer 01171,customer01171@example.com,USA,Austin,2024-10-15,Regular
C01172,Customer 01172,customer01172@example.com,Netherlands,Rotterdam,2025-06-28,Regular
C01173,Customer 01173,customer01173@example.com,USA,Austin,2025-02-23,Regular
C01174,Customer 01174,customer01174@example.com,India,Pune,2024-01-07,Regular
C01175,Customer 01175,customer01175@example.com,USA,New York,2024-06-08,Regular
C01176,Customer 01176,customer01176@example.com,USA,Seattle,2024-08-27,Premium
C01177,Customer 01177,customer01177@example.com,Australia,Melbourne,2025-02-26,Premium
C01178,Customer 01178,customer01178@example.com,India,Pune,2025-06-19,Regular
C01179,Customer 01179,customer01179@example.com,Australia,Brisbane,2025-12-26,Premium
C01180,Customer 01180,customer01180@example.com,USA,Chicago,2024-03-10,Regular
C01181,Customer 01181,customer01181@example.com,Singapore,Singapore,2024-08-03,Regular
C01182,Customer 01182,customer01182@example.com,India,Delhi,2024-04-13,Regular
C01183,Customer 01183,customer01183@example.com,USA,Austin,2025-12-27,Regular
C01184,Customer 01184,customer01184@example.com,UAE,Sharjah,2024-02-23,Regular
C01185,Customer 01185,customer01185@example.com,India,Mumbai,2024-11-25,Premium
C01186,Customer 01186,customer01186@example.com,UAE,Sharjah,2024-07-21,Regular
C01187,Customer 01187,customer01187@example.com,Canada,Vancouver,2024-10-14,New
C01188,Customer 01188,customer01188@example.com,India,Pune,2024-02-14,Regular
C01189,Customer 01189,customer01189@example.com,India,Mumbai,2024-07-16,New
C01190,Customer 01190,customer01190@example.com,Canada,Vancouver,2024-08-03,Regular
C01191,Customer 01191,customer01191@example.com,India,Mumbai,2025-04-25,Regular
C01192,Customer 01192,customer01192@example.com,USA,Chicago,2024-11-04,Regular
C01193,Customer 01193,customer01193@example.com,India,Delhi,2025-03-10,Premium
C01194,Customer 01194,customer01194@example.com,USA,Seattle,2024-11-27,Regular
C01195,Customer 01195,customer01195@example.com,India,Hyderabad,2025-11-26,Regular
C01196,Customer 01196,customer01196@example.com,France,Paris,2024-01-27,New
C01197,Customer 01197,customer01197@example.com,Singapore,Singapore,2024-06-14,Regular
C01198,Customer 01198,customer01198@example.com,Singapore,Singapore,2024-11-13,Premium
C01199,Customer 01199,customer01199@example.com,Australia,Brisbane,2024-09-30,New
C01200,Customer 01200,customer01200@example.com,India,Mumbai,2025-01-17,Regular
C01201,Customer 01201,customer01201@example.com,Australia,Brisbane,2024-12-30,Regular
C01202,Customer 01202,customer01202@example.com,India,Mumbai,2024-04-12,New
C01203,Customer 01203,customer01203@example.com,India,Hyderabad,2025-05-17,Regular
C01204,Customer 01204,customer01204@example.com,India,Pune,2025-01-07,Regular
C01205,Customer 01205,customer01205@example.com,UK,Leeds,2025-09-07,Premium
C01206,Customer 01206,customer01206@example.com,Australia,Melbourne,2024-09-01,Premium
C01207,Customer 01207,customer01207@example.com,Canada,Toronto,2024-06-17,Regular
C01208,Customer 01208,customer01208@example.com,UK,London,2025-09-19,Premium
C01209,Customer 01209,customer01209@example.com,India,Chennai,2025-10-14,New
C01210,Customer 01210,customer01210@example.com,Netherlands,Rotterdam,2025-02-21,Regular
C01211,Customer 01211,customer01211@example.com,UK,Birmingham,2024-12-21,Regular
C01212,Customer 01212,customer01212@example.com,UK,Manchester,2025-04-22,New
C01213,Customer 01213,customer01213@example.com,India,Chennai,2024-05-04,Premium
C01214,Customer 01214,customer01214@example.com,Germany,Munich,2025-06-20,New
C01215,Customer 01215,customer01215@example.com,Canada,Toronto,2025-12-06,Premium
C01216,Customer 01216,customer01216@example.com,India,Pune,2025-09-03,Regular
C01217,Customer 01217,customer01217@example.com,India,Bengaluru,2025-02-05,New
C01218,Customer 01218,customer01218@example.com,Canada,Montreal,2025-05-31,Premium
C01219,Customer 01219,customer01219@example.com,Canada,Vancouver,2025-06-14,Regular
C01220,Customer 01220,customer01220@example.com,India,Pune,2025-11-12,Regular
C01221,Customer 01221,customer01221@example.com,Singapore,Singapore,2024-09-10,Regular
C01222,Customer 01222,customer01222@example.com,India,Pune,2024-04-30,New
C01223,Customer 01223,customer01223@example.com,UK,London,2024-02-01,Premium
C01224,Customer 01224,customer01224@example.com,UAE,Sharjah,2025-10-22,Regular
C01225,Customer 01225,customer01225@example.com,UK,London,2024-02-06,New
C01226,Customer 01226,customer01226@example.com,USA,Austin,2025-11-19,Premium
C01227,Customer 01227,customer01227@example.com,UK,Leeds,2024-12-07,Regular
C01228,Customer 01228,customer01228@example.com,India,Hyderabad,2024-01-13,New
C01229,Customer 01229,customer01229@example.com,Netherlands,Rotterdam,2024-07-01,Regular
C01230,Customer 01230,customer01230@example.com,UK,Manchester,2025-10-18,Regular
C01231,Customer 01231,customer01231@example.com,France,Paris,2024-09-21,New
C01232,Customer 01232,customer01232@example.com,India,Mumbai,2024-03-28,Regular
C01233,Customer 01233,customer01233@example.com,India,Mumbai,2025-04-06,Premium
C01234,Customer 01234,customer01234@example.com,India,Pune,2024-02-15,New
C01235,Customer 01235,customer01235@example.com,Canada,Vancouver,2025-01-26,Regular
C01236,Customer 01236,customer01236@example.com,UK,Manchester,2024-04-28,Regular
C01237,Customer 01237,customer01237@example.com,France,Paris,2025-06-14,Regular
C01238,Customer 01238,customer01238@example.com,UK,Manchester,2025-03-22,Premium
C01239,Customer 01239,customer01239@example.com,Singapore,Singapore,2025-08-28,Regular
C01240,Customer 01240,customer01240@example.com,India,Chennai,2024-02-15,New
C01241,Customer 01241,customer01241@example.com,France,Marseille,2025-05-22,Regular
C01242,Customer 01242,customer01242@example.com,Australia,Melbourne,2025-07-11,New
C01243,Customer 01243,customer01243@example.com,Australia,Sydney,2025-06-09,Regular
C01244,Customer 01244,customer01244@example.com,Germany,Munich,2025-08-19,New
C01245,Customer 01245,customer01245@example.com,Australia,Melbourne,2024-01-03,Regular
C01246,Customer 01246,customer01246@example.com,USA,Austin,2024-01-28,Regular
C01247,Customer 01247,customer01247@example.com,India,Pune,2025-01-15,Regular
C01248,Customer 01248,customer01248@example.com,India,Mumbai,2024-06-05,Regular
C01249,Customer 01249,customer01249@example.com,UAE,Dubai,2025-05-25,New
C01250,Customer 01250,customer01250@example.com,USA,Seattle,2024-11-28,Premium
C01251,Customer 01251,customer01251@example.com,Germany,Berlin,2025-11-17,Regular
C01252,Customer 01252,customer01252@example.com,UK,Manchester,2024-04-23,Premium
C01253,Customer 01253,customer01253@example.com,India,Bengaluru,2025-01-23,Regular
C01254,Customer 01254,customer01254@example.com,India,Pune,2025-05-01,Premium
C01255,Customer 01255,customer01255@example.com,Canada,Montreal,2024-09-06,Regular
C01256,Customer 01256,customer01256@example.com,UK,Leeds,2025-07-24,Regular
C01257,Customer 01257,customer01257@example.com,India,Chennai,2025-12-15,Regular
C01258,Customer 01258,customer01258@example.com,UK,Birmingham,2024-11-10,Regular
C01259,Customer 01259,customer01259@example.com,India,Hyderabad,2024-08-26,Regular
C01260,Customer 01260,customer01260@example.com,USA,Seattle,2024-08-21,Regular
C01261,Customer 01261,customer01261@example.com,India,Hyderabad,2024-10-29,Regular
C01262,Customer 01262,customer01262@example.com,Germany,Munich,2025-08-29,New
C01263,Customer 01263,customer01263@example.com,India,Chennai,2025-10-14,Regular
C01264,Customer 01264,customer01264@example.com,UK,London,2024-11-29,Regular
C01265,Customer 01265,customer01265@example.com,India,Delhi,2024-04-22,New
C01266,Customer 01266,customer01266@example.com,India,Mumbai,2025-09-12,Regular
C01267,Customer 01267,customer01267@example.com,UK,Birmingham,2024-12-27,Regular
C01268,Customer 01268,customer01268@example.com,UK,Leeds,2024-04-06,Regular
C01269,Customer 01269,customer01269@example.com,USA,Austin,2024-01-16,Regular
C01270,Customer 01270,customer01270@example.com,India,Hyderabad,2025-07-09,Regular
C01271,Customer 01271,customer01271@example.com,Canada,Montreal,2025-01-10,Premium
C01272,Customer 01272,customer01272@example.com,France,Paris,2025-01-24,Regular
C01273,Customer 01273,customer01273@example.com,Australia,Melbourne,2025-09-11,Premium
C01274,Customer 01274,customer01274@example.com,India,Hyderabad,2024-08-04,Regular
C01275,Customer 01275,customer01275@example.com,UK,Birmingham,2025-02-02,Premium
C01276,Customer 01276,customer01276@example.com,India,Chennai,2024-09-16,Premium
C01277,Customer 01277,customer01277@example.com,India,Bengaluru,2024-11-15,Regular
C01278,Customer 01278,customer01278@example.com,Netherlands,Amsterdam,2024-07-14,Regular
C01279,Customer 01279,customer01279@example.com,India,Pune,2025-04-22,Regular
C01280,Customer 01280,customer01280@example.com,UK,Leeds,2025-02-21,Regular
C01281,Customer 01281,customer01281@example.com,USA,Austin,2025-04-19,VIP
C01282,Customer 01282,customer01282@example.com,Canada,Montreal,2025-08-29,VIP
C01283,Customer 01283,customer01283@example.com,USA,Seattle,2025-07-21,Premium
C01284,Customer 01284,customer01284@example.com,India,Hyderabad,2025-06-27,Premium
C01285,Customer 01285,customer01285@example.com,India,Bengaluru,2024-08-18,Premium
C01286,Customer 01286,customer01286@example.com,USA,New York,2025-06-04,Regular
C01287,Customer 01287,customer01287@example.com,India,Hyderabad,2025-12-03,Regular
C01288,Customer 01288,customer01288@example.com,UK,Birmingham,2024-07-18,Regular
C01289,Customer 01289,customer01289@example.com,India,Delhi,2025-11-03,Regular
C01290,Customer 01290,customer01290@example.com,India,Hyderabad,2025-08-21,New
C01291,Customer 01291,customer01291@example.com,UK,London,2024-01-21,Regular
C01292,Customer 01292,customer01292@example.com,India,Bengaluru,2024-11-06,Regular
C01293,Customer 01293,customer01293@example.com,USA,San Francisco,2025-08-10,Regular
C01294,Customer 01294,customer01294@example.com,Canada,Toronto,2025-10-14,Premium
C01295,Customer 01295,customer01295@example.com,Germany,Munich,2025-09-29,Regular
C01296,Customer 01296,customer01296@example.com,India,Delhi,2025-08-18,New
C01297,Customer 01297,customer01297@example.com,India,Mumbai,2025-03-09,Premium
C01298,Customer 01298,customer01298@example.com,India,Pune,2025-01-05,Regular
C01299,Customer 01299,customer01299@example.com,USA,San Francisco,2025-07-13,Regular
C01300,Customer 01300,customer01300@example.com,Canada,Vancouver,2024-03-18,Regular
C01301,Customer 01301,customer01301@example.com,India,Chennai,2025-06-25,Regular
C01302,Customer 01302,customer01302@example.com,UAE,Sharjah,2024-10-11,Premium
C01303,Customer 01303,customer01303@example.com,India,Pune,2025-10-09,Regular
C01304,Customer 01304,customer01304@example.com,USA,Chicago,2024-05-19,New
C01305,Customer 01305,customer01305@example.com,Canada,Vancouver,2025-07-06,Regular
C01306,Customer 01306,customer01306@example.com,France,Marseille,2024-10-08,Premium
C01307,Customer 01307,customer01307@example.com,Canada,Toronto,2025-07-15,Regular
C01308,Customer 01308,customer01308@example.com,Germany,Munich,2024-09-14,Premium
C01309,Customer 01309,customer01309@example.com,India,Chennai,2024-12-25,Regular
C01310,Customer 01310,customer01310@example.com,Germany,Munich,2025-03-15,Premium
C01311,Customer 01311,customer01311@example.com,India,Mumbai,2024-09-26,Premium
C01312,Customer 01312,customer01312@example.com,France,Paris,2024-05-13,Premium
C01313,Customer 01313,customer01313@example.com,USA,Austin,2025-10-01,Regular
C01314,Customer 01314,customer01314@example.com,Germany,Berlin,2024-04-13,Premium
C01315,Customer 01315,customer01315@example.com,UK,Leeds,2024-04-04,Regular
C01316,Customer 01316,customer01316@example.com,USA,Seattle,2025-12-29,Premium
C01317,Customer 01317,customer01317@example.com,USA,Chicago,2025-07-26,Regular
C01318,Customer 01318,customer01318@example.com,Australia,Melbourne,2025-04-24,New
C01319,Customer 01319,customer01319@example.com,India,Hyderabad,2024-08-28,Regular
C01320,Customer 01320,customer01320@example.com,India,Pune,2024-01-13,Regular
C01321,Customer 01321,customer01321@example.com,India,Mumbai,2024-05-26,Regular
C01322,Customer 01322,customer01322@example.com,India,Chennai,2025-08-23,Regular
C01323,Customer 01323,customer01323@example.com,France,Marseille,2024-04-04,Regular
C01324,Customer 01324,customer01324@example.com,India,Mumbai,2024-10-19,Premium
C01325,Customer 01325,customer01325@example.com,Singapore,Singapore,2024-01-25,New
C01326,Customer 01326,customer01326@example.com,India,Delhi,2024-09-28,Regular
C01327,Customer 01327,customer01327@example.com,India,Mumbai,2025-05-19,Premium
C01328,Customer 01328,customer01328@example.com,Germany,Berlin,2024-06-14,Regular
C01329,Customer 01329,customer01329@example.com,Canada,Toronto,2024-03-27,Regular
C01330,Customer 01330,customer01330@example.com,UK,Leeds,2025-10-15,Regular
C01331,Customer 01331,customer01331@example.com,USA,New York,2025-10-07,Regular
C01332,Customer 01332,customer01332@example.com,Canada,Montreal,2025-09-29,New
C01333,Customer 01333,customer01333@example.com,India,Bengaluru,2025-05-05,Regular
C01334,Customer 01334,customer01334@example.com,Netherlands,Amsterdam,2024-05-20,VIP
C01335,Customer 01335,customer01335@example.com,Singapore,Singapore,2024-04-12,Regular
C01336,Customer 01336,customer01336@example.com,Canada,Vancouver,2024-08-13,New
C01337,Customer 01337,customer01337@example.com,India,Bengaluru,2025-07-28,Premium
C01338,Customer 01338,customer01338@example.com,Canada,Toronto,2024-10-20,Regular
C01339,Customer 01339,customer01339@example.com,India,Chennai,2024-11-01,New
C01340,Customer 01340,customer01340@example.com,India,Bengaluru,2024-09-10,Premium
C01341,Customer 01341,customer01341@example.com,India,Hyderabad,2024-06-28,New
C01342,Customer 01342,customer01342@example.com,UK,Manchester,2024-02-09,Premium
C01343,Customer 01343,customer01343@example.com,France,Marseille,2025-12-01,Regular
C01344,Customer 01344,customer01344@example.com,Australia,Sydney,2025-06-03,Premium
C01345,Customer 01345,customer01345@example.com,Australia,Sydney,2025-09-07,Regular
C01346,Customer 01346,customer01346@example.com,UK,Birmingham,2025-06-29,Regular
C01347,Customer 01347,customer01347@example.com,India,Bengaluru,2024-08-23,Regular
C01348,Customer 01348,customer01348@example.com,UK,London,2025-04-07,VIP
C01349,Customer 01349,customer01349@example.com,Netherlands,Rotterdam,2024-08-15,Premium
C01350,Customer 01350,customer01350@example.com,India,Bengaluru,2025-11-30,Regular
C01351,Customer 01351,customer01351@example.com,France,Paris,2025-04-27,VIP
C01352,Customer 01352,customer01352@example.com,USA,San Francisco,2025-03-05,Regular
C01353,Customer 01353,customer01353@example.com,UK,Birmingham,2024-01-22,New
C01354,Customer 01354,customer01354@example.com,Australia,Sydney,2024-12-08,New
C01355,Customer 01355,customer01355@example.com,UK,London,2024-02-09,Regular
C01356,Customer 01356,customer01356@example.com,France,Marseille,2024-06-21,Premium
C01357,Customer 01357,customer01357@example.com,UAE,Dubai,2025-03-14,Regular
C01358,Customer 01358,customer01358@example.com,UK,Manchester,2024-06-27,Premium
C01359,Customer 01359,customer01359@example.com,India,Hyderabad,2025-08-20,Regular
C01360,Customer 01360,customer01360@example.com,USA,Austin,2024-05-12,Regular
C01361,Customer 01361,customer01361@example.com,UAE,Dubai,2024-12-16,New
C01362,Customer 01362,customer01362@example.com,India,Chennai,2025-06-08,Premium
C01363,Customer 01363,customer01363@example.com,USA,Austin,2025-06-23,New
C01364,Customer 01364,customer01364@example.com,USA,New York,2025-05-20,Regular
C01365,Customer 01365,customer01365@example.com,Australia,Sydney,2024-03-24,Regular
C01366,Customer 01366,customer01366@example.com,India,Mumbai,2025-04-08,Regular
C01367,Customer 01367,customer01367@example.com,Canada,Toronto,2024-12-08,Regular
C01368,Customer 01368,customer01368@example.com,UAE,Dubai,2024-10-06,Regular
C01369,Customer 01369,customer01369@example.com,India,Pune,2024-09-19,Premium
C01370,Customer 01370,customer01370@example.com,India,Delhi,2024-06-14,Regular
C01371,Customer 01371,customer01371@example.com,Singapore,Singapore,2024-10-19,Regular
C01372,Customer 01372,customer01372@example.com,India,Pune,2025-05-23,Premium
C01373,Customer 01373,customer01373@example.com,France,Paris,2025-08-02,Regular
C01374,Customer 01374,customer01374@example.com,UK,Leeds,2024-08-13,Premium
C01375,Customer 01375,customer01375@example.com,India,Delhi,2024-06-18,Regular
C01376,Customer 01376,customer01376@example.com,France,Lyon,2025-08-20,New
C01377,Customer 01377,customer01377@example.com,UK,London,2025-10-06,New
C01378,Customer 01378,customer01378@example.com,USA,Seattle,2025-03-23,Premium
C01379,Customer 01379,customer01379@example.com,UK,Manchester,2025-11-20,VIP
C01380,Customer 01380,customer01380@example.com,USA,San Francisco,2025-05-16,Regular
C01381,Customer 01381,customer01381@example.com,India,Hyderabad,2025-06-10,Regular
C01382,Customer 01382,customer01382@example.com,UK,Birmingham,2025-01-13,New
C01383,Customer 01383,customer01383@example.com,Singapore,Singapore,2024-07-19,New
C01384,Customer 01384,customer01384@example.com,India,Pune,2025-09-10,Regular
C01385,Customer 01385,customer01385@example.com,Canada,Toronto,2024-09-06,New
C01386,Customer 01386,customer01386@example.com,India,Hyderabad,2025-02-12,Regular
C01387,Customer 01387,customer01387@example.com,Australia,Melbourne,2025-08-23,Regular
C01388,Customer 01388,customer01388@example.com,India,Delhi,2024-05-04,Premium
C01389,Customer 01389,customer01389@example.com,Singapore,Singapore,2024-04-22,Regular
C01390,Customer 01390,customer01390@example.com,UK,London,2024-05-16,Regular
C01391,Customer 01391,customer01391@example.com,India,Delhi,2025-05-10,Regular
C01392,Customer 01392,customer01392@example.com,India,Pune,2025-11-08,New
C01393,Customer 01393,customer01393@example.com,India,Delhi,2024-05-29,Premium
C01394,Customer 01394,customer01394@example.com,USA,New York,2024-12-08,New
C01395,Customer 01395,customer01395@example.com,India,Hyderabad,2025-08-02,New
C01396,Customer 01396,customer01396@example.com,Germany,Munich,2024-11-16,Regular
C01397,Customer 01397,customer01397@example.com,UK,Manchester,2025-06-15,Premium
C01398,Customer 01398,customer01398@example.com,India,Hyderabad,2024-10-15,New
C01399,Customer 01399,customer01399@example.com,USA,Chicago,2025-05-03,New
C01400,Customer 01400,customer01400@example.com,Canada,Vancouver,2025-05-06,New
C01401,Customer 01401,customer01401@example.com,India,Chennai,2025-09-03,Regular
C01402,Customer 01402,customer01402@example.com,India,Pune,2024-09-08,Regular
C01403,Customer 01403,customer01403@example.com,India,Chennai,2024-03-17,New
C01404,Customer 01404,customer01404@example.com,Australia,Brisbane,2025-10-08,Premium
C01405,Customer 01405,customer01405@example.com,Canada,Montreal,2025-01-26,Premium
C01406,Customer 01406,customer01406@example.com,UK,Birmingham,2025-02-15,Regular
C01407,Customer 01407,customer01407@example.com,Germany,Munich,2024-06-21,Regular
C01408,Customer 01408,customer01408@example.com,Germany,Hamburg,2024-07-19,Regular
C01409,Customer 01409,customer01409@example.com,USA,San Francisco,2024-08-04,Regular
C01410,Customer 01410,customer01410@example.com,France,Lyon,2025-01-10,Regular
C01411,Customer 01411,customer01411@example.com,India,Delhi,2025-12-20,New
C01412,Customer 01412,customer01412@example.com,India,Chennai,2025-08-08,Regular
C01413,Customer 01413,customer01413@example.com,India,Chennai,2024-01-11,Regular
C01414,Customer 01414,customer01414@example.com,India,Delhi,2024-01-12,Regular
C01415,Customer 01415,customer01415@example.com,USA,New York,2025-08-12,Regular
C01416,Customer 01416,customer01416@example.com,UAE,Sharjah,2025-03-10,New
C01417,Customer 01417,customer01417@example.com,India,Hyderabad,2025-11-14,Premium
C01418,Customer 01418,customer01418@example.com,India,Pune,2025-08-30,New
C01419,Customer 01419,customer01419@example.com,UK,Manchester,2025-01-07,Premium
C01420,Customer 01420,customer01420@example.com,UAE,Abu Dhabi,2024-09-29,Regular
C01421,Customer 01421,customer01421@example.com,India,Delhi,2025-11-21,Premium
C01422,Customer 01422,customer01422@example.com,UK,Manchester,2025-07-29,Regular
C01423,Customer 01423,customer01423@example.com,India,Delhi,2025-05-23,Premium
C01424,Customer 01424,customer01424@example.com,India,Mumbai,2024-05-11,New
C01425,Customer 01425,customer01425@example.com,Netherlands,Rotterdam,2024-11-14,Regular
C01426,Customer 01426,customer01426@example.com,Singapore,Singapore,2025-09-12,New
C01427,Customer 01427,customer01427@example.com,India,Delhi,2024-06-16,Regular
C01428,Customer 01428,customer01428@example.com,Singapore,Singapore,2025-01-31,Regular
C01429,Customer 01429,customer01429@example.com,USA,Austin,2024-06-28,Regular
C01430,Customer 01430,customer01430@example.com,France,Lyon,2024-02-27,Regular
C01431,Customer 01431,customer01431@example.com,UK,Birmingham,2025-04-24,New
C01432,Customer 01432,customer01432@example.com,USA,Austin,2025-08-13,Regular
C01433,Customer 01433,customer01433@example.com,UK,Birmingham,2025-04-04,Regular
C01434,Customer 01434,customer01434@example.com,Canada,Toronto,2024-03-01,New
C01435,Customer 01435,customer01435@example.com,India,Pune,2025-01-03,Premium
C01436,Customer 01436,customer01436@example.com,India,Delhi,2024-04-30,VIP
C01437,Customer 01437,customer01437@example.com,India,Hyderabad,2025-12-19,Premium
C01438,Customer 01438,customer01438@example.com,Canada,Toronto,2025-06-29,Premium
C01439,Customer 01439,customer01439@example.com,India,Hyderabad,2025-08-04,New
C01440,Customer 01440,customer01440@example.com,Canada,Toronto,2024-01-17,VIP
C01441,Customer 01441,customer01441@example.com,Singapore,Singapore,2025-05-10,Regular
C01442,Customer 01442,customer01442@example.com,India,Hyderabad,2025-05-11,New
C01443,Customer 01443,customer01443@example.com,Canada,Montreal,2025-05-19,Premium
C01444,Customer 01444,customer01444@example.com,UK,Birmingham,2025-06-15,Regular
C01445,Customer 01445,customer01445@example.com,France,Paris,2024-11-10,Regular
C01446,Customer 01446,customer01446@example.com,India,Chennai,2024-03-09,New
C01447,Customer 01447,customer01447@example.com,Canada,Toronto,2025-12-27,Regular
C01448,Customer 01448,customer01448@example.com,Germany,Hamburg,2024-06-09,Regular
C01449,Customer 01449,customer01449@example.com,UAE,Sharjah,2025-09-05,Regular
C01450,Customer 01450,customer01450@example.com,Canada,Montreal,2025-12-18,New
C01451,Customer 01451,customer01451@example.com,UK,Birmingham,2024-05-24,Regular
C01452,Customer 01452,customer01452@example.com,USA,New York,2025-07-22,Regular
C01453,Customer 01453,customer01453@example.com,France,Lyon,2025-08-17,Regular
C01454,Customer 01454,customer01454@example.com,USA,Austin,2025-01-19,Premium
C01455,Customer 01455,customer01455@example.com,India,Pune,2024-09-25,Regular
C01456,Customer 01456,customer01456@example.com,UAE,Abu Dhabi,2025-03-29,Premium
C01457,Customer 01457,customer01457@example.com,Canada,Montreal,2025-11-29,New
C01458,Customer 01458,customer01458@example.com,Canada,Toronto,2025-06-01,Regular
C01459,Customer 01459,customer01459@example.com,India,Mumbai,2024-12-15,New
C01460,Customer 01460,customer01460@example.com,Canada,Montreal,2024-04-19,Regular
C01461,Customer 01461,customer01461@example.com,UK,Birmingham,2025-04-27,New
C01462,Customer 01462,customer01462@example.com,Canada,Vancouver,2025-02-10,Regular
C01463,Customer 01463,customer01463@example.com,India,Hyderabad,2025-10-11,Regular
C01464,Customer 01464,customer01464@example.com,Canada,Montreal,2024-02-20,Regular
C01465,Customer 01465,customer01465@example.com,Netherlands,Amsterdam,2025-02-06,Regular
C01466,Customer 01466,customer01466@example.com,India,Bengaluru,2025-07-16,VIP
C01467,Customer 01467,customer01467@example.com,Singapore,Singapore,2025-04-20,New
C01468,Customer 01468,customer01468@example.com,UK,Manchester,2024-03-27,Regular
C01469,Customer 01469,customer01469@example.com,France,Paris,2024-03-08,Premium
C01470,Customer 01470,customer01470@example.com,Germany,Munich,2025-08-18,Regular
C01471,Customer 01471,customer01471@example.com,USA,San Francisco,2024-02-11,Premium
C01472,Customer 01472,customer01472@example.com,Australia,Melbourne,2025-12-31,VIP
C01473,Customer 01473,customer01473@example.com,France,Paris,2024-02-26,Regular
C01474,Customer 01474,customer01474@example.com,UK,Birmingham,2024-07-14,Regular
C01475,Customer 01475,customer01475@example.com,India,Chennai,2025-11-08,Regular
C01476,Customer 01476,customer01476@example.com,Canada,Toronto,2024-03-02,Regular
C01477,Customer 01477,customer01477@example.com,Germany,Munich,2024-09-19,Regular
C01478,Customer 01478,customer01478@example.com,Australia,Brisbane,2024-04-21,Premium
C01479,Customer 01479,customer01479@example.com,Germany,Hamburg,2025-12-11,Premium
C01480,Customer 01480,customer01480@example.com,UK,London,2024-06-26,New
C01481,Customer 01481,customer01481@example.com,Germany,Hamburg,2024-01-26,New
C01482,Customer 01482,customer01482@example.com,India,Pune,2025-02-13,Premium
C01483,Customer 01483,customer01483@example.com,USA,Austin,2025-06-14,New
C01484,Customer 01484,customer01484@example.com,India,Hyderabad,2024-11-12,Regular
C01485,Customer 01485,customer01485@example.com,India,Bengaluru,2025-06-15,Regular
C01486,Customer 01486,customer01486@example.com,UK,Birmingham,2024-04-15,New
C01487,Customer 01487,customer01487@example.com,UK,Birmingham,2025-04-08,New
C01488,Customer 01488,customer01488@example.com,Canada,Vancouver,2024-09-02,Regular
C01489,Customer 01489,customer01489@example.com,UK,Birmingham,2024-03-21,New
C01490,Customer 01490,customer01490@example.com,UK,London,2025-10-23,Regular
C01491,Customer 01491,customer01491@example.com,India,Bengaluru,2025-01-30,Regular
C01492,Customer 01492,customer01492@example.com,UK,Manchester,2025-06-05,Regular
C01493,Customer 01493,customer01493@example.com,India,Chennai,2024-09-20,Premium
C01494,Customer 01494,customer01494@example.com,India,Pune,2025-10-22,Regular
C01495,Customer 01495,customer01495@example.com,USA,Seattle,2024-09-30,Regular
C01496,Customer 01496,customer01496@example.com,Canada,Toronto,2025-12-06,Regular
C01497,Customer 01497,customer01497@example.com,USA,Chicago,2024-06-20,Regular
C01498,Customer 01498,customer01498@example.com,UK,London,2024-09-21,VIP
C01499,Customer 01499,customer01499@example.com,UK,London,2024-01-26,Regular
C01500,Customer 01500,customer01500@example.com,France,Marseille,2025-04-13,Regular
C01501,Customer 01501,customer01501@example.com,USA,San Francisco,2025-04-20,Premium
C01502,Customer 01502,customer01502@example.com,UK,Manchester,2024-12-21,Regular
C01503,Customer 01503,customer01503@example.com,India,Delhi,2024-01-26,New
C01504,Customer 01504,customer01504@example.com,India,Delhi,2024-02-03,Regular
C01505,Customer 01505,customer01505@example.com,UK,Leeds,2024-09-20,Premium
C01506,Customer 01506,customer01506@example.com,UK,Birmingham,2024-05-17,Regular
C01507,Customer 01507,customer01507@example.com,USA,Chicago,2025-11-25,Premium
C01508,Customer 01508,customer01508@example.com,USA,Austin,2025-07-19,Regular
C01509,Customer 01509,customer01509@example.com,USA,Austin,2025-04-06,Regular
C01510,Customer 01510,customer01510@example.com,Australia,Brisbane,2024-06-16,VIP
C01511,Customer 01511,customer01511@example.com,Germany,Munich,2025-09-22,Regular
C01512,Customer 01512,customer01512@example.com,Canada,Montreal,2025-10-16,Premium
C01513,Customer 01513,customer01513@example.com,Singapore,Singapore,2024-03-21,Premium
C01514,Customer 01514,customer01514@example.com,India,Hyderabad,2025-02-10,Premium
C01515,Customer 01515,customer01515@example.com,India,Bengaluru,2025-07-27,New
C01516,Customer 01516,customer01516@example.com,India,Bengaluru,2024-02-15,Regular
C01517,Customer 01517,customer01517@example.com,USA,San Francisco,2025-08-21,Premium
C01518,Customer 01518,customer01518@example.com,France,Paris,2025-09-02,Regular
C01519,Customer 01519,customer01519@example.com,India,Pune,2024-02-22,Regular
C01520,Customer 01520,customer01520@example.com,UAE,Dubai,2025-12-04,New
C01521,Customer 01521,customer01521@example.com,India,Mumbai,2025-04-20,Regular
C01522,Customer 01522,customer01522@example.com,UAE,Abu Dhabi,2025-08-14,Regular
C01523,Customer 01523,customer01523@example.com,UK,Leeds,2024-01-16,Regular
C01524,Customer 01524,customer01524@example.com,India,Delhi,2024-12-25,New
C01525,Customer 01525,customer01525@example.com,UK,Leeds,2025-05-01,New
C01526,Customer 01526,customer01526@example.com,India,Delhi,2025-12-06,New
C01527,Customer 01527,customer01527@example.com,India,Mumbai,2025-05-16,Premium
C01528,Customer 01528,customer01528@example.com,India,Bengaluru,2024-05-20,Regular
C01529,Customer 01529,customer01529@example.com,Germany,Hamburg,2025-09-11,New
C01530,Customer 01530,customer01530@example.com,USA,New York,2025-03-22,New
C01531,Customer 01531,customer01531@example.com,India,Mumbai,2024-10-16,Regular
C01532,Customer 01532,customer01532@example.com,USA,Seattle,2024-07-27,Regular
C01533,Customer 01533,customer01533@example.com,Canada,Toronto,2025-04-19,Premium
C01534,Customer 01534,customer01534@example.com,India,Mumbai,2025-02-16,Premium
C01535,Customer 01535,customer01535@example.com,UK,Leeds,2025-11-07,Premium
C01536,Customer 01536,customer01536@example.com,India,Chennai,2025-03-02,Regular
C01537,Customer 01537,customer01537@example.com,India,Pune,2025-01-05,Regular
C01538,Customer 01538,customer01538@example.com,Canada,Vancouver,2025-10-25,Regular
C01539,Customer 01539,customer01539@example.com,India,Hyderabad,2024-10-16,New
C01540,Customer 01540,customer01540@example.com,USA,Chicago,2025-03-07,New
C01541,Customer 01541,customer01541@example.com,Canada,Vancouver,2024-09-24,New
C01542,Customer 01542,customer01542@example.com,India,Chennai,2024-05-30,Regular
C01543,Customer 01543,customer01543@example.com,USA,New York,2025-12-19,Regular
C01544,Customer 01544,customer01544@example.com,India,Hyderabad,2024-09-11,New
C01545,Customer 01545,customer01545@example.com,Singapore,Singapore,2024-12-18,Regular
C01546,Customer 01546,customer01546@example.com,UK,Birmingham,2025-01-11,VIP
C01547,Customer 01547,customer01547@example.com,Germany,Berlin,2025-10-14,New
C01548,Customer 01548,customer01548@example.com,USA,Chicago,2024-12-23,Regular
C01549,Customer 01549,customer01549@example.com,India,Mumbai,2025-08-30,New
C01550,Customer 01550,customer01550@example.com,USA,Austin,2025-01-04,Premium
C01551,Customer 01551,customer01551@example.com,Singapore,Singapore,2024-08-14,Regular
C01552,Customer 01552,customer01552@example.com,USA,New York,2025-12-05,Premium
C01553,Customer 01553,customer01553@example.com,Germany,Berlin,2024-10-29,Regular
C01554,Customer 01554,customer01554@example.com,France,Lyon,2025-01-23,Premium
C01555,Customer 01555,customer01555@example.com,India,Pune,2025-01-11,New
C01556,Customer 01556,customer01556@example.com,India,Delhi,2024-04-27,Regular
C01557,Customer 01557,customer01557@example.com,USA,Chicago,2024-01-05,New
C01558,Customer 01558,customer01558@example.com,UK,Manchester,2025-03-19,Regular
C01559,Customer 01559,customer01559@example.com,Germany,Munich,2024-12-17,Premium
C01560,Customer 01560,customer01560@example.com,UAE,Sharjah,2025-06-16,Regular
C01561,Customer 01561,customer01561@example.com,UK,Manchester,2025-10-25,Regular
C01562,Customer 01562,customer01562@example.com,India,Chennai,2025-10-01,VIP
C01563,Customer 01563,customer01563@example.com,Germany,Hamburg,2024-05-03,Regular
C01564,Customer 01564,customer01564@example.com,India,Pune,2025-10-19,VIP
C01565,Customer 01565,customer01565@example.com,Germany,Munich,2024-10-03,New
C01566,Customer 01566,customer01566@example.com,UK,London,2025-01-28,Premium
C01567,Customer 01567,customer01567@example.com,Canada,Vancouver,2025-10-25,New
C01568,Customer 01568,customer01568@example.com,India,Pune,2024-12-25,Regular
C01569,Customer 01569,customer01569@example.com,USA,New York,2025-09-14,Regular
C01570,Customer 01570,customer01570@example.com,UK,Leeds,2025-04-13,Regular
C01571,Customer 01571,customer01571@example.com,USA,New York,2025-09-19,Regular
C01572,Customer 01572,customer01572@example.com,India,Delhi,2025-11-30,Regular
C01573,Customer 01573,customer01573@example.com,Australia,Sydney,2024-02-26,VIP
C01574,Customer 01574,customer01574@example.com,France,Lyon,2024-09-07,VIP
C01575,Customer 01575,customer01575@example.com,India,Chennai,2024-05-29,VIP
C01576,Customer 01576,customer01576@example.com,India,Delhi,2025-03-27,VIP
C01577,Customer 01577,customer01577@example.com,India,Chennai,2024-06-10,Premium
C01578,Customer 01578,customer01578@example.com,USA,Seattle,2024-04-29,VIP
C01579,Customer 01579,customer01579@example.com,USA,Seattle,2025-08-04,Premium
C01580,Customer 01580,customer01580@example.com,USA,Austin,2024-12-16,Regular
C01581,Customer 01581,customer01581@example.com,India,Hyderabad,2024-04-08,Premium
C01582,Customer 01582,customer01582@example.com,UK,Leeds,2024-06-15,Premium
C01583,Customer 01583,customer01583@example.com,USA,New York,2025-10-24,Regular
C01584,Customer 01584,customer01584@example.com,UK,Birmingham,2025-05-28,Regular
C01585,Customer 01585,customer01585@example.com,Netherlands,Amsterdam,2025-10-25,New
C01586,Customer 01586,customer01586@example.com,India,Chennai,2025-02-04,Premium
C01587,Customer 01587,customer01587@example.com,Canada,Vancouver,2024-12-30,VIP
C01588,Customer 01588,customer01588@example.com,UK,Birmingham,2025-07-30,Regular
C01589,Customer 01589,customer01589@example.com,UK,London,2024-11-21,New
C01590,Customer 01590,customer01590@example.com,Canada,Vancouver,2025-08-03,Regular
C01591,Customer 01591,customer01591@example.com,Canada,Toronto,2025-09-24,Regular
C01592,Customer 01592,customer01592@example.com,Netherlands,Amsterdam,2025-09-12,Regular
C01593,Customer 01593,customer01593@example.com,India,Delhi,2024-09-03,Regular
C01594,Customer 01594,customer01594@example.com,India,Chennai,2025-03-09,VIP
C01595,Customer 01595,customer01595@example.com,Australia,Melbourne,2024-04-02,Regular
C01596,Customer 01596,customer01596@example.com,USA,San Francisco,2024-09-24,Regular
C01597,Customer 01597,customer01597@example.com,India,Hyderabad,2025-09-06,Premium
C01598,Customer 01598,customer01598@example.com,India,Delhi,2025-09-15,Regular
C01599,Customer 01599,customer01599@example.com,India,Mumbai,2024-11-16,New
C01600,Customer 01600,customer01600@example.com,France,Marseille,2024-03-02,Regular
C01601,Customer 01601,customer01601@example.com,India,Mumbai,2024-10-26,Regular
C01602,Customer 01602,customer01602@example.com,India,Bengaluru,2025-02-06,Premium
C01603,Customer 01603,customer01603@example.com,India,Mumbai,2025-10-09,Premium
C01604,Customer 01604,customer01604@example.com,UK,Manchester,2025-07-20,Regular
C01605,Customer 01605,customer01605@example.com,India,Hyderabad,2025-09-11,New
C01606,Customer 01606,customer01606@example.com,USA,San Francisco,2024-10-29,New
C01607,Customer 01607,customer01607@example.com,India,Pune,2024-09-09,Premium
C01608,Customer 01608,customer01608@example.com,Germany,Berlin,2025-04-22,Premium
C01609,Customer 01609,customer01609@example.com,India,Chennai,2025-01-03,Regular
C01610,Customer 01610,customer01610@example.com,USA,San Francisco,2025-11-09,Regular
C01611,Customer 01611,customer01611@example.com,France,Paris,2024-06-08,VIP
C01612,Customer 01612,customer01612@example.com,Canada,Vancouver,2024-06-14,Premium
C01613,Customer 01613,customer01613@example.com,USA,Austin,2024-07-23,Regular
C01614,Customer 01614,customer01614@example.com,India,Pune,2024-09-23,Premium
C01615,Customer 01615,customer01615@example.com,India,Pune,2024-05-17,Regular
C01616,Customer 01616,customer01616@example.com,Canada,Toronto,2025-01-02,New
C01617,Customer 01617,customer01617@example.com,Netherlands,Amsterdam,2025-03-18,Regular
C01618,Customer 01618,customer01618@example.com,Canada,Toronto,2025-07-20,New
C01619,Customer 01619,customer01619@example.com,USA,Chicago,2025-12-21,Regular
C01620,Customer 01620,customer01620@example.com,Australia,Melbourne,2024-01-17,Regular
C01621,Customer 01621,customer01621@example.com,UK,Manchester,2024-03-08,Regular
C01622,Customer 01622,customer01622@example.com,India,Bengaluru,2024-05-12,Regular
C01623,Customer 01623,customer01623@example.com,USA,San Francisco,2025-11-30,Regular
C01624,Customer 01624,customer01624@example.com,Singapore,Singapore,2025-03-05,New
C01625,Customer 01625,customer01625@example.com,India,Pune,2024-11-03,Premium
C01626,Customer 01626,customer01626@example.com,Canada,Toronto,2025-10-11,Regular
C01627,Customer 01627,customer01627@example.com,India,Bengaluru,2024-06-22,Regular
C01628,Customer 01628,customer01628@example.com,USA,Seattle,2025-02-15,VIP
C01629,Customer 01629,customer01629@example.com,India,Delhi,2024-04-06,Regular
C01630,Customer 01630,customer01630@example.com,UK,Leeds,2025-11-13,Regular
C01631,Customer 01631,customer01631@example.com,Australia,Brisbane,2024-06-02,Regular
C01632,Customer 01632,customer01632@example.com,India,Chennai,2025-11-25,Premium
C01633,Customer 01633,customer01633@example.com,Canada,Montreal,2024-08-29,Premium
C01634,Customer 01634,customer01634@example.com,Germany,Hamburg,2024-10-30,Regular
C01635,Customer 01635,customer01635@example.com,UAE,Sharjah,2024-10-11,Regular
C01636,Customer 01636,customer01636@example.com,India,Mumbai,2024-01-27,New
C01637,Customer 01637,customer01637@example.com,UK,Birmingham,2025-02-05,VIP
C01638,Customer 01638,customer01638@example.com,India,Bengaluru,2024-12-25,Regular
C01639,Customer 01639,customer01639@example.com,Netherlands,Rotterdam,2024-02-29,Premium
C01640,Customer 01640,customer01640@example.com,UAE,Dubai,2024-07-20,Regular
C01641,Customer 01641,customer01641@example.com,USA,Seattle,2025-08-03,Regular
C01642,Customer 01642,customer01642@example.com,Germany,Munich,2025-01-04,VIP
C01643,Customer 01643,customer01643@example.com,USA,Austin,2025-06-16,Premium
C01644,Customer 01644,customer01644@example.com,USA,Austin,2024-05-31,New
C01645,Customer 01645,customer01645@example.com,India,Chennai,2024-04-11,Regular
C01646,Customer 01646,customer01646@example.com,Australia,Sydney,2025-08-29,Regular
C01647,Customer 01647,customer01647@example.com,India,Mumbai,2025-03-21,Regular
C01648,Customer 01648,customer01648@example.com,Germany,Hamburg,2024-08-16,Regular
C01649,Customer 01649,customer01649@example.com,Germany,Berlin,2024-05-04,Regular
C01650,Customer 01650,customer01650@example.com,Canada,Vancouver,2024-08-23,Regular
C01651,Customer 01651,customer01651@example.com,India,Delhi,2024-06-10,New
C01652,Customer 01652,customer01652@example.com,India,Delhi,2025-07-07,Regular
C01653,Customer 01653,customer01653@example.com,India,Hyderabad,2024-12-18,Regular
C01654,Customer 01654,customer01654@example.com,UK,London,2024-03-08,Regular
C01655,Customer 01655,customer01655@example.com,India,Mumbai,2024-06-21,Premium
C01656,Customer 01656,customer01656@example.com,UAE,Abu Dhabi,2025-09-28,New
C01657,Customer 01657,customer01657@example.com,USA,New York,2025-11-12,Regular
C01658,Customer 01658,customer01658@example.com,India,Pune,2025-07-12,Regular
C01659,Customer 01659,customer01659@example.com,UK,London,2024-09-17,Regular
C01660,Customer 01660,customer01660@example.com,UK,Leeds,2024-08-04,Regular
C01661,Customer 01661,customer01661@example.com,USA,Seattle,2024-05-03,Regular
C01662,Customer 01662,customer01662@example.com,USA,San Francisco,2024-06-10,New
C01663,Customer 01663,customer01663@example.com,UAE,Sharjah,2024-07-19,Premium
C01664,Customer 01664,customer01664@example.com,UK,London,2025-03-29,VIP
C01665,Customer 01665,customer01665@example.com,Netherlands,Rotterdam,2025-02-05,New
C01666,Customer 01666,customer01666@example.com,France,Marseille,2025-04-06,Regular
C01667,Customer 01667,customer01667@example.com,India,Pune,2024-10-01,Regular
C01668,Customer 01668,customer01668@example.com,UAE,Dubai,2024-07-24,Regular
C01669,Customer 01669,customer01669@example.com,India,Mumbai,2024-02-09,Regular
C01670,Customer 01670,customer01670@example.com,Germany,Hamburg,2024-09-29,Regular
C01671,Customer 01671,customer01671@example.com,UK,Leeds,2025-11-30,New
C01672,Customer 01672,customer01672@example.com,France,Marseille,2024-04-02,Premium
C01673,Customer 01673,customer01673@example.com,France,Paris,2024-02-11,Regular
C01674,Customer 01674,customer01674@example.com,Germany,Berlin,2025-04-09,Regular
C01675,Customer 01675,customer01675@example.com,Germany,Munich,2025-01-13,Premium
C01676,Customer 01676,customer01676@example.com,India,Hyderabad,2024-04-16,New
C01677,Customer 01677,customer01677@example.com,India,Mumbai,2024-11-23,Regular
C01678,Customer 01678,customer01678@example.com,UK,London,2024-03-05,Regular
C01679,Customer 01679,customer01679@example.com,India,Chennai,2024-12-30,Regular
C01680,Customer 01680,customer01680@example.com,Canada,Montreal,2025-04-28,Regular
C01681,Customer 01681,customer01681@example.com,India,Bengaluru,2025-10-08,New
C01682,Customer 01682,customer01682@example.com,Singapore,Singapore,2024-01-24,New
C01683,Customer 01683,customer01683@example.com,USA,Chicago,2025-06-23,New
C01684,Customer 01684,customer01684@example.com,Germany,Hamburg,2024-03-02,VIP
C01685,Customer 01685,customer01685@example.com,India,Delhi,2025-05-05,New
C01686,Customer 01686,customer01686@example.com,France,Lyon,2024-09-29,New
C01687,Customer 01687,customer01687@example.com,UAE,Sharjah,2024-08-16,VIP
C01688,Customer 01688,customer01688@example.com,UK,Manchester,2024-01-20,Regular
C01689,Customer 01689,customer01689@example.com,USA,Austin,2024-01-03,Regular
C01690,Customer 01690,customer01690@example.com,Australia,Melbourne,2025-02-24,New
C01691,Customer 01691,customer01691@example.com,India,Mumbai,2025-12-30,Regular
C01692,Customer 01692,customer01692@example.com,UK,Leeds,2024-11-02,New
C01693,Customer 01693,customer01693@example.com,UK,Leeds,2025-03-07,Regular
C01694,Customer 01694,customer01694@example.com,India,Mumbai,2024-05-15,VIP
C01695,Customer 01695,customer01695@example.com,UK,London,2025-05-29,Regular
C01696,Customer 01696,customer01696@example.com,India,Pune,2024-07-11,New
C01697,Customer 01697,customer01697@example.com,India,Pune,2025-08-07,Regular
C01698,Customer 01698,customer01698@example.com,India,Mumbai,2025-02-18,Regular
C01699,Customer 01699,customer01699@example.com,Singapore,Singapore,2024-04-27,Regular
C01700,Customer 01700,customer01700@example.com,USA,Austin,2025-10-27,Regular
C01701,Customer 01701,customer01701@example.com,Singapore,Singapore,2024-07-27,Regular
C01702,Customer 01702,customer01702@example.com,UK,Leeds,2024-02-03,Regular
C01703,Customer 01703,customer01703@example.com,India,Mumbai,2025-10-10,VIP
C01704,Customer 01704,customer01704@example.com,UK,Birmingham,2024-11-13,Premium
C01705,Customer 01705,customer01705@example.com,UK,Manchester,2024-04-29,Regular
C01706,Customer 01706,customer01706@example.com,India,Mumbai,2025-09-18,Premium
C01707,Customer 01707,customer01707@example.com,USA,New York,2025-06-08,New
C01708,Customer 01708,customer01708@example.com,India,Chennai,2025-08-03,Premium
C01709,Customer 01709,customer01709@example.com,USA,Chicago,2024-03-29,New
C01710,Customer 01710,customer01710@example.com,Canada,Vancouver,2025-05-26,Regular
C01711,Customer 01711,customer01711@example.com,India,Mumbai,2024-02-16,Premium
C01712,Customer 01712,customer01712@example.com,India,Pune,2025-11-22,Regular
C01713,Customer 01713,customer01713@example.com,Germany,Hamburg,2025-06-05,Premium
C01714,Customer 01714,customer01714@example.com,UK,Leeds,2024-10-10,Regular
C01715,Customer 01715,customer01715@example.com,India,Bengaluru,2025-01-11,Regular
C01716,Customer 01716,customer01716@example.com,Netherlands,Amsterdam,2025-09-29,Regular
C01717,Customer 01717,customer01717@example.com,India,Mumbai,2024-05-13,Premium
C01718,Customer 01718,customer01718@example.com,Canada,Montreal,2025-10-28,New
C01719,Customer 01719,customer01719@example.com,Netherlands,Rotterdam,2024-09-04,Regular
C01720,Customer 01720,customer01720@example.com,India,Pune,2025-10-13,Regular
C01721,Customer 01721,customer01721@example.com,India,Mumbai,2024-11-13,Premium
C01722,Customer 01722,customer01722@example.com,India,Bengaluru,2025-03-11,Regular
C01723,Customer 01723,customer01723@example.com,India,Pune,2024-06-24,Regular
C01724,Customer 01724,customer01724@example.com,India,Pune,2025-11-16,Premium
C01725,Customer 01725,customer01725@example.com,Canada,Montreal,2025-08-08,Premium
C01726,Customer 01726,customer01726@example.com,India,Pune,2024-12-16,Regular
C01727,Customer 01727,customer01727@example.com,UK,London,2024-05-22,New
C01728,Customer 01728,customer01728@example.com,Netherlands,Rotterdam,2025-02-01,Regular
C01729,Customer 01729,customer01729@example.com,Germany,Hamburg,2025-09-15,Regular
C01730,Customer 01730,customer01730@example.com,USA,Austin,2025-12-18,Regular
C01731,Customer 01731,customer01731@example.com,India,Hyderabad,2025-10-04,Regular
C01732,Customer 01732,customer01732@example.com,USA,Austin,2025-01-03,New
C01733,Customer 01733,customer01733@example.com,USA,Austin,2025-05-15,Regular
C01734,Customer 01734,customer01734@example.com,UK,Manchester,2025-09-13,Regular
C01735,Customer 01735,customer01735@example.com,India,Bengaluru,2025-01-04,Regular
C01736,Customer 01736,customer01736@example.com,France,Lyon,2025-08-01,Regular
C01737,Customer 01737,customer01737@example.com,UK,Leeds,2025-01-16,Premium
C01738,Customer 01738,customer01738@example.com,India,Bengaluru,2024-03-26,Regular
C01739,Customer 01739,customer01739@example.com,UK,Manchester,2025-04-04,New
C01740,Customer 01740,customer01740@example.com,UK,Manchester,2024-11-20,New
C01741,Customer 01741,customer01741@example.com,Germany,Berlin,2025-06-05,Regular
C01742,Customer 01742,customer01742@example.com,Australia,Sydney,2025-05-03,Premium
C01743,Customer 01743,customer01743@example.com,Australia,Melbourne,2025-01-31,Regular
C01744,Customer 01744,customer01744@example.com,India,Hyderabad,2024-12-20,Regular
C01745,Customer 01745,customer01745@example.com,UK,London,2024-10-14,Regular
C01746,Customer 01746,customer01746@example.com,UK,Birmingham,2025-04-03,Premium
C01747,Customer 01747,customer01747@example.com,India,Chennai,2025-09-15,New
C01748,Customer 01748,customer01748@example.com,India,Bengaluru,2025-06-19,Regular
C01749,Customer 01749,customer01749@example.com,Australia,Brisbane,2024-10-17,Regular
C01750,Customer 01750,customer01750@example.com,India,Delhi,2024-06-16,New
C01751,Customer 01751,customer01751@example.com,USA,Chicago,2025-09-12,New
C01752,Customer 01752,customer01752@example.com,India,Bengaluru,2025-03-03,Regular
C01753,Customer 01753,customer01753@example.com,India,Bengaluru,2025-12-02,New
C01754,Customer 01754,customer01754@example.com,India,Pune,2025-05-04,New
C01755,Customer 01755,customer01755@example.com,Singapore,Singapore,2024-12-20,Regular
C01756,Customer 01756,customer01756@example.com,Germany,Hamburg,2024-07-14,New
C01757,Customer 01757,customer01757@example.com,Singapore,Singapore,2025-06-28,Regular
C01758,Customer 01758,customer01758@example.com,UK,London,2025-12-17,New
C01759,Customer 01759,customer01759@example.com,India,Delhi,2025-11-24,Regular
C01760,Customer 01760,customer01760@example.com,USA,Austin,2025-10-20,Premium
C01761,Customer 01761,customer01761@example.com,UK,Manchester,2024-01-11,Regular
C01762,Customer 01762,customer01762@example.com,Germany,Munich,2025-08-04,Regular
C01763,Customer 01763,customer01763@example.com,India,Chennai,2024-09-12,New
C01764,Customer 01764,customer01764@example.com,UK,Birmingham,2025-01-30,Regular
C01765,Customer 01765,customer01765@example.com,India,Pune,2025-12-31,New
C01766,Customer 01766,customer01766@example.com,India,Delhi,2025-02-12,New
C01767,Customer 01767,customer01767@example.com,Australia,Sydney,2024-12-27,Regular
C01768,Customer 01768,customer01768@example.com,UK,Manchester,2024-09-15,Premium
C01769,Customer 01769,customer01769@example.com,UK,Birmingham,2024-01-03,Regular
C01770,Customer 01770,customer01770@example.com,UK,Leeds,2024-03-24,New
C01771,Customer 01771,customer01771@example.com,UK,Manchester,2024-06-04,Premium
C01772,Customer 01772,customer01772@example.com,Germany,Munich,2025-10-24,New
C01773,Customer 01773,customer01773@example.com,France,Marseille,2024-06-24,Premium
C01774,Customer 01774,customer01774@example.com,Singapore,Singapore,2025-12-07,Regular
C01775,Customer 01775,customer01775@example.com,Germany,Munich,2025-04-16,Regular
C01776,Customer 01776,customer01776@example.com,India,Mumbai,2025-09-10,Regular
C01777,Customer 01777,customer01777@example.com,Canada,Vancouver,2025-02-27,VIP
C01778,Customer 01778,customer01778@example.com,UK,Leeds,2024-05-13,Premium
C01779,Customer 01779,customer01779@example.com,India,Bengaluru,2025-01-14,Regular
C01780,Customer 01780,customer01780@example.com,Germany,Berlin,2025-10-28,Regular
C01781,Customer 01781,customer01781@example.com,India,Chennai,2024-10-03,Regular
C01782,Customer 01782,customer01782@example.com,UAE,Dubai,2024-08-23,Regular
C01783,Customer 01783,customer01783@example.com,UK,Birmingham,2024-01-13,Premium
C01784,Customer 01784,customer01784@example.com,USA,New York,2024-12-07,New
C01785,Customer 01785,customer01785@example.com,Canada,Montreal,2024-02-04,Regular
C01786,Customer 01786,customer01786@example.com,France,Lyon,2025-07-12,VIP
C01787,Customer 01787,customer01787@example.com,USA,Austin,2024-08-01,Premium
C01788,Customer 01788,customer01788@example.com,USA,San Francisco,2025-02-15,New
C01789,Customer 01789,customer01789@example.com,India,Hyderabad,2025-02-08,New
C01790,Customer 01790,customer01790@example.com,USA,San Francisco,2025-05-08,VIP
C01791,Customer 01791,customer01791@example.com,India,Hyderabad,2025-10-19,Regular
C01792,Customer 01792,customer01792@example.com,Australia,Melbourne,2024-06-07,Regular
C01793,Customer 01793,customer01793@example.com,USA,New York,2025-09-28,New
C01794,Customer 01794,customer01794@example.com,Canada,Toronto,2024-04-19,Premium
C01795,Customer 01795,customer01795@example.com,India,Mumbai,2025-07-02,Regular
C01796,Customer 01796,customer01796@example.com,India,Delhi,2025-06-09,New
C01797,Customer 01797,customer01797@example.com,Canada,Montreal,2024-12-12,Regular
C01798,Customer 01798,customer01798@example.com,India,Bengaluru,2025-09-27,Premium
C01799,Customer 01799,customer01799@example.com,India,Delhi,2024-10-05,Regular
C01800,Customer 01800,customer01800@example.com,India,Hyderabad,2025-04-23,Premium
C01801,Customer 01801,customer01801@example.com,Singapore,Singapore,2024-04-20,Regular
C01802,Customer 01802,customer01802@example.com,Australia,Melbourne,2025-09-27,Premium
C01803,Customer 01803,customer01803@example.com,UK,Birmingham,2025-03-06,Premium
C01804,Customer 01804,customer01804@example.com,India,Hyderabad,2025-06-25,Premium
C01805,Customer 01805,customer01805@example.com,India,Delhi,2024-04-24,VIP
C01806,Customer 01806,customer01806@example.com,Australia,Sydney,2024-03-30,Regular
C01807,Customer 01807,customer01807@example.com,Canada,Vancouver,2024-07-30,Regular
C01808,Customer 01808,customer01808@example.com,India,Chennai,2025-07-03,Premium
C01809,Customer 01809,customer01809@example.com,India,Mumbai,2025-08-17,Premium
C01810,Customer 01810,customer01810@example.com,India,Bengaluru,2025-06-22,Regular
C01811,Customer 01811,customer01811@example.com,Canada,Vancouver,2025-12-29,New
C01812,Customer 01812,customer01812@example.com,Australia,Sydney,2024-12-25,Regular
C01813,Customer 01813,customer01813@example.com,India,Mumbai,2025-04-30,Regular
C01814,Customer 01814,customer01814@example.com,India,Bengaluru,2025-01-06,New
C01815,Customer 01815,customer01815@example.com,India,Hyderabad,2024-08-02,Premium
C01816,Customer 01816,customer01816@example.com,Singapore,Singapore,2024-01-15,Regular
C01817,Customer 01817,customer01817@example.com,India,Hyderabad,2024-09-15,Regular
C01818,Customer 01818,customer01818@example.com,Australia,Brisbane,2025-04-07,Regular
C01819,Customer 01819,customer01819@example.com,USA,Austin,2024-04-29,Regular
C01820,Customer 01820,customer01820@example.com,UK,Manchester,2024-05-07,New
C01821,Customer 01821,customer01821@example.com,India,Bengaluru,2025-12-23,Regular
C01822,Customer 01822,customer01822@example.com,India,Hyderabad,2025-06-06,New
C01823,Customer 01823,customer01823@example.com,USA,Austin,2025-11-18,New
C01824,Customer 01824,customer01824@example.com,Australia,Melbourne,2025-10-06,New
C01825,Customer 01825,customer01825@example.com,USA,Chicago,2024-11-20,New
C01826,Customer 01826,customer01826@example.com,USA,Seattle,2024-11-15,Regular
C01827,Customer 01827,customer01827@example.com,India,Delhi,2025-05-20,Regular
C01828,Customer 01828,customer01828@example.com,Singapore,Singapore,2025-06-09,Premium
C01829,Customer 01829,customer01829@example.com,Germany,Berlin,2024-02-19,Regular
C01830,Customer 01830,customer01830@example.com,India,Hyderabad,2025-08-06,Regular
C01831,Customer 01831,customer01831@example.com,Singapore,Singapore,2024-03-09,Regular
C01832,Customer 01832,customer01832@example.com,USA,Chicago,2025-01-25,Premium
C01833,Customer 01833,customer01833@example.com,USA,Chicago,2025-01-17,Regular
C01834,Customer 01834,customer01834@example.com,Australia,Brisbane,2024-01-16,Regular
C01835,Customer 01835,customer01835@example.com,Germany,Hamburg,2025-03-14,New
C01836,Customer 01836,customer01836@example.com,Canada,Montreal,2025-07-21,Regular
C01837,Customer 01837,customer01837@example.com,India,Chennai,2025-09-08,Regular
C01838,Customer 01838,customer01838@example.com,India,Delhi,2024-05-11,Regular
C01839,Customer 01839,customer01839@example.com,UAE,Dubai,2025-07-13,Premium
C01840,Customer 01840,customer01840@example.com,India,Mumbai,2024-09-04,Regular
C01841,Customer 01841,customer01841@example.com,UK,Manchester,2024-09-29,New
C01842,Customer 01842,customer01842@example.com,UK,Birmingham,2025-09-14,Regular
C01843,Customer 01843,customer01843@example.com,UK,London,2024-12-14,Premium
C01844,Customer 01844,customer01844@example.com,USA,New York,2025-04-28,Regular
C01845,Customer 01845,customer01845@example.com,UAE,Dubai,2025-07-03,Regular
C01846,Customer 01846,customer01846@example.com,India,Delhi,2024-12-22,Regular
C01847,Customer 01847,customer01847@example.com,India,Pune,2024-11-13,Regular
C01848,Customer 01848,customer01848@example.com,India,Chennai,2025-09-24,Premium
C01849,Customer 01849,customer01849@example.com,France,Lyon,2024-02-17,Premium
C01850,Customer 01850,customer01850@example.com,USA,New York,2024-01-10,New
C01851,Customer 01851,customer01851@example.com,India,Hyderabad,2024-08-20,Regular
C01852,Customer 01852,customer01852@example.com,Germany,Munich,2024-02-05,Regular
C01853,Customer 01853,customer01853@example.com,France,Marseille,2025-02-16,New
C01854,Customer 01854,customer01854@example.com,Germany,Hamburg,2025-04-06,Regular
C01855,Customer 01855,customer01855@example.com,UAE,Dubai,2024-01-04,Regular
C01856,Customer 01856,customer01856@example.com,India,Pune,2024-02-13,Regular
C01857,Customer 01857,customer01857@example.com,Australia,Brisbane,2025-07-21,Premium
C01858,Customer 01858,customer01858@example.com,UK,Manchester,2025-07-07,Regular
C01859,Customer 01859,customer01859@example.com,Germany,Hamburg,2024-09-11,VIP
C01860,Customer 01860,customer01860@example.com,Australia,Sydney,2024-04-23,Premium
C01861,Customer 01861,customer01861@example.com,Australia,Melbourne,2025-01-31,Regular
C01862,Customer 01862,customer01862@example.com,Canada,Vancouver,2024-06-22,New
C01863,Customer 01863,customer01863@example.com,India,Hyderabad,2024-09-11,Premium
C01864,Customer 01864,customer01864@example.com,USA,San Francisco,2025-04-10,Premium
C01865,Customer 01865,customer01865@example.com,Netherlands,Rotterdam,2024-10-03,Regular
C01866,Customer 01866,customer01866@example.com,UAE,Dubai,2025-04-08,Regular
C01867,Customer 01867,customer01867@example.com,India,Chennai,2025-05-16,Regular
C01868,Customer 01868,customer01868@example.com,India,Delhi,2025-03-16,VIP
C01869,Customer 01869,customer01869@example.com,India,Bengaluru,2024-03-09,Premium
C01870,Customer 01870,customer01870@example.com,Australia,Brisbane,2025-05-23,Premium
C01871,Customer 01871,customer01871@example.com,Germany,Hamburg,2024-11-21,Premium
C01872,Customer 01872,customer01872@example.com,India,Hyderabad,2024-03-07,Regular
C01873,Customer 01873,customer01873@example.com,UK,Birmingham,2024-10-30,New
C01874,Customer 01874,customer01874@example.com,Germany,Berlin,2025-04-28,New
C01875,Customer 01875,customer01875@example.com,Australia,Brisbane,2025-07-01,New
C01876,Customer 01876,customer01876@example.com,USA,San Francisco,2025-02-20,Regular
C01877,Customer 01877,customer01877@example.com,USA,San Francisco,2024-06-07,Premium
C01878,Customer 01878,customer01878@example.com,UK,London,2024-05-28,VIP
C01879,Customer 01879,customer01879@example.com,India,Delhi,2024-01-27,Regular
C01880,Customer 01880,customer01880@example.com,USA,Seattle,2025-08-06,Regular
C01881,Customer 01881,customer01881@example.com,Canada,Toronto,2024-09-04,Regular
C01882,Customer 01882,customer01882@example.com,France,Marseille,2024-04-10,Regular
C01883,Customer 01883,customer01883@example.com,USA,Seattle,2025-12-02,Regular
C01884,Customer 01884,customer01884@example.com,Australia,Melbourne,2024-04-05,Regular
C01885,Customer 01885,customer01885@example.com,India,Mumbai,2025-01-18,Premium
C01886,Customer 01886,customer01886@example.com,UK,London,2024-10-08,Regular
C01887,Customer 01887,customer01887@example.com,India,Mumbai,2024-11-17,Premium
C01888,Customer 01888,customer01888@example.com,India,Hyderabad,2025-01-30,Regular
C01889,Customer 01889,customer01889@example.com,Australia,Melbourne,2024-10-04,New
C01890,Customer 01890,customer01890@example.com,Netherlands,Amsterdam,2025-06-12,Regular
C01891,Customer 01891,customer01891@example.com,India,Pune,2024-09-19,Premium
C01892,Customer 01892,customer01892@example.com,UK,London,2025-09-10,Premium
C01893,Customer 01893,customer01893@example.com,Germany,Hamburg,2025-08-02,Regular
C01894,Customer 01894,customer01894@example.com,India,Pune,2025-10-01,Premium
C01895,Customer 01895,customer01895@example.com,USA,Austin,2024-10-19,Regular
C01896,Customer 01896,customer01896@example.com,Australia,Sydney,2024-10-20,Regular
C01897,Customer 01897,customer01897@example.com,USA,New York,2025-08-30,Premium
C01898,Customer 01898,customer01898@example.com,India,Mumbai,2025-01-29,Premium
C01899,Customer 01899,customer01899@example.com,UK,Birmingham,2025-05-27,New
C01900,Customer 01900,customer01900@example.com,Germany,Hamburg,2024-06-28,Regular
C01901,Customer 01901,customer01901@example.com,USA,Chicago,2025-11-23,Regular
C01902,Customer 01902,customer01902@example.com,India,Pune,2024-08-22,New
C01903,Customer 01903,customer01903@example.com,Australia,Melbourne,2024-12-02,Premium
C01904,Customer 01904,customer01904@example.com,India,Pune,2024-01-08,Regular
C01905,Customer 01905,customer01905@example.com,Australia,Melbourne,2025-03-18,New
C01906,Customer 01906,customer01906@example.com,India,Pune,2025-06-22,New
C01907,Customer 01907,customer01907@example.com,Singapore,Singapore,2025-10-19,VIP
C01908,Customer 01908,customer01908@example.com,UK,Manchester,2024-03-31,Premium
C01909,Customer 01909,customer01909@example.com,India,Hyderabad,2024-09-28,Premium
C01910,Customer 01910,customer01910@example.com,India,Pune,2024-01-05,New
C01911,Customer 01911,customer01911@example.com,India,Delhi,2025-08-16,Premium
C01912,Customer 01912,customer01912@example.com,France,Paris,2024-08-06,Regular
C01913,Customer 01913,customer01913@example.com,Netherlands,Rotterdam,2024-04-27,Regular
C01914,Customer 01914,customer01914@example.com,UK,Manchester,2025-08-15,VIP
C01915,Customer 01915,customer01915@example.com,UK,London,2025-08-04,New
C01916,Customer 01916,customer01916@example.com,Australia,Sydney,2024-04-24,Regular
C01917,Customer 01917,customer01917@example.com,France,Paris,2024-09-19,New
C01918,Customer 01918,customer01918@example.com,USA,Austin,2024-11-01,Regular
C01919,Customer 01919,customer01919@example.com,UK,Birmingham,2025-10-15,Regular
C01920,Customer 01920,customer01920@example.com,UK,Leeds,2025-02-25,Premium
C01921,Customer 01921,customer01921@example.com,Canada,Montreal,2024-07-25,Regular
C01922,Customer 01922,customer01922@example.com,India,Delhi,2025-09-14,Regular
C01923,Customer 01923,customer01923@example.com,USA,Austin,2024-10-29,Premium
C01924,Customer 01924,customer01924@example.com,UK,London,2024-04-21,VIP
C01925,Customer 01925,customer01925@example.com,Germany,Hamburg,2025-02-20,Regular
C01926,Customer 01926,customer01926@example.com,India,Bengaluru,2025-07-08,Regular
C01927,Customer 01927,customer01927@example.com,USA,Austin,2024-10-11,New
C01928,Customer 01928,customer01928@example.com,UK,Birmingham,2025-10-01,New
C01929,Customer 01929,customer01929@example.com,USA,New York,2024-07-03,Regular
C01930,Customer 01930,customer01930@example.com,India,Pune,2024-08-08,New
C01931,Customer 01931,customer01931@example.com,USA,Austin,2025-03-19,Regular
C01932,Customer 01932,customer01932@example.com,USA,Austin,2024-04-26,New
C01933,Customer 01933,customer01933@example.com,USA,New York,2024-03-10,Regular
C01934,Customer 01934,customer01934@example.com,USA,Austin,2024-03-10,Regular
C01935,Customer 01935,customer01935@example.com,Canada,Vancouver,2025-09-13,New
C01936,Customer 01936,customer01936@example.com,Germany,Munich,2025-03-02,Regular
C01937,Customer 01937,customer01937@example.com,India,Pune,2025-10-05,Regular
C01938,Customer 01938,customer01938@example.com,Germany,Munich,2025-07-21,Regular
C01939,Customer 01939,customer01939@example.com,UK,Leeds,2025-03-18,Regular
C01940,Customer 01940,customer01940@example.com,India,Mumbai,2025-08-23,Premium
C01941,Customer 01941,customer01941@example.com,India,Bengaluru,2024-05-16,New
C01942,Customer 01942,customer01942@example.com,India,Delhi,2025-05-18,New
C01943,Customer 01943,customer01943@example.com,Germany,Hamburg,2024-05-10,New
C01944,Customer 01944,customer01944@example.com,Canada,Vancouver,2024-08-05,Regular
C01945,Customer 01945,customer01945@example.com,Germany,Munich,2025-11-18,Regular
C01946,Customer 01946,customer01946@example.com,USA,San Francisco,2024-06-19,New
C01947,Customer 01947,customer01947@example.com,UK,Birmingham,2025-04-19,Regular
C01948,Customer 01948,customer01948@example.com,India,Hyderabad,2025-09-03,Regular
C01949,Customer 01949,customer01949@example.com,India,Pune,2024-05-08,VIP
C01950,Customer 01950,customer01950@example.com,UK,Leeds,2024-02-26,Regular
C01951,Customer 01951,customer01951@example.com,India,Hyderabad,2024-06-29,Regular
C01952,Customer 01952,customer01952@example.com,India,Delhi,2024-09-02,Regular
C01953,Customer 01953,customer01953@example.com,USA,San Francisco,2024-05-23,VIP
C01954,Customer 01954,customer01954@example.com,Australia,Sydney,2024-02-20,VIP
C01955,Customer 01955,customer01955@example.com,Netherlands,Rotterdam,2025-01-02,Regular
C01956,Customer 01956,customer01956@example.com,UAE,Abu Dhabi,2025-04-03,Regular
C01957,Customer 01957,customer01957@example.com,USA,New York,2024-08-05,Regular
C01958,Customer 01958,customer01958@example.com,UK,London,2025-09-07,Regular
C01959,Customer 01959,customer01959@example.com,USA,Austin,2025-07-20,Regular
C01960,Customer 01960,customer01960@example.com,Germany,Hamburg,2024-09-13,Regular
C01961,Customer 01961,customer01961@example.com,India,Mumbai,2024-06-04,Premium
C01962,Customer 01962,customer01962@example.com,UK,Birmingham,2025-07-18,Regular
C01963,Customer 01963,customer01963@example.com,Germany,Munich,2025-03-17,Premium
C01964,Customer 01964,customer01964@example.com,UK,Leeds,2025-11-29,Regular
C01965,Customer 01965,customer01965@example.com,USA,Chicago,2025-10-23,Regular
C01966,Customer 01966,customer01966@example.com,USA,Seattle,2025-12-23,Regular
C01967,Customer 01967,customer01967@example.com,India,Mumbai,2024-01-25,Regular
C01968,Customer 01968,customer01968@example.com,UK,Leeds,2025-10-25,Regular
C01969,Customer 01969,customer01969@example.com,India,Hyderabad,2025-06-19,Regular
C01970,Customer 01970,customer01970@example.com,India,Pune,2024-02-29,Premium
C01971,Customer 01971,customer01971@example.com,India,Mumbai,2025-04-11,New
C01972,Customer 01972,customer01972@example.com,Germany,Hamburg,2025-03-09,Regular
C01973,Customer 01973,customer01973@example.com,India,Delhi,2024-03-06,New
C01974,Customer 01974,customer01974@example.com,USA,Austin,2025-07-18,Premium
C01975,Customer 01975,customer01975@example.com,India,Pune,2024-04-15,Regular
C01976,Customer 01976,customer01976@example.com,UAE,Dubai,2024-04-05,Regular
C01977,Customer 01977,customer01977@example.com,India,Hyderabad,2025-11-18,New
C01978,Customer 01978,customer01978@example.com,UK,Leeds,2025-07-04,Regular
C01979,Customer 01979,customer01979@example.com,France,Lyon,2024-06-16,Premium
C01980,Customer 01980,customer01980@example.com,Germany,Hamburg,2024-02-11,New
C01981,Customer 01981,customer01981@example.com,India,Pune,2024-04-13,Regular
C01982,Customer 01982,customer01982@example.com,Germany,Hamburg,2024-07-22,New
C01983,Customer 01983,customer01983@example.com,UK,Manchester,2025-06-03,Regular
C01984,Customer 01984,customer01984@example.com,UK,London,2024-10-08,Regular
C01985,Customer 01985,customer01985@example.com,India,Bengaluru,2024-02-12,Regular
C01986,Customer 01986,customer01986@example.com,India,Chennai,2024-04-19,Regular
C01987,Customer 01987,customer01987@example.com,Australia,Brisbane,2024-07-28,Regular
C01988,Customer 01988,customer01988@example.com,UK,Leeds,2024-02-18,Regular
C01989,Customer 01989,customer01989@example.com,UK,London,2024-04-24,Regular
C01990,Customer 01990,customer01990@example.com,Australia,Sydney,2024-06-03,New
C01991,Customer 01991,customer01991@example.com,Australia,Sydney,2025-10-10,Premium
C01992,Customer 01992,customer01992@example.com,India,Bengaluru,2025-05-17,Premium
C01993,Customer 01993,customer01993@example.com,USA,Austin,2025-11-09,New
C01994,Customer 01994,customer01994@example.com,India,Mumbai,2025-12-11,New
C01995,Customer 01995,customer01995@example.com,Australia,Melbourne,2024-03-11,New
C01996,Customer 01996,customer01996@example.com,Canada,Montreal,2025-06-02,VIP
C01997,Customer 01997,customer01997@example.com,Singapore,Singapore,2025-12-12,Premium
C01998,Customer 01998,customer01998@example.com,India,Chennai,2024-12-01,Regular
C01999,Customer 01999,customer01999@example.com,India,Bengaluru,2024-03-07,Regular
C02000,Customer 02000,customer02000@example.com,India,Pune,2025-05-07,Regular
C02001,Customer 02001,customer02001@example.com,India,Delhi,2025-10-11,Regular
C02002,Customer 02002,customer02002@example.com,India,Mumbai,2024-07-31,Regular
C02003,Customer 02003,customer02003@example.com,UAE,Abu Dhabi,2024-06-29,Regular
C02004,Customer 02004,customer02004@example.com,India,Delhi,2025-09-04,Premium
C02005,Customer 02005,customer02005@example.com,India,Hyderabad,2025-08-21,Regular
C02006,Customer 02006,customer02006@example.com,Australia,Brisbane,2025-11-27,New
C02007,Customer 02007,customer02007@example.com,UK,Manchester,2025-08-25,Regular
C02008,Customer 02008,customer02008@example.com,Australia,Brisbane,2024-09-04,Regular
C02009,Customer 02009,customer02009@example.com,India,Mumbai,2024-08-01,Premium
C02010,Customer 02010,customer02010@example.com,UK,Leeds,2024-12-24,Regular
C02011,Customer 02011,customer02011@example.com,India,Mumbai,2024-09-05,Regular
C02012,Customer 02012,customer02012@example.com,India,Pune,2025-09-29,Regular
C02013,Customer 02013,customer02013@example.com,UAE,Abu Dhabi,2025-05-30,Regular
C02014,Customer 02014,customer02014@example.com,India,Bengaluru,2024-03-28,Regular
C02015,Customer 02015,customer02015@example.com,USA,New York,2025-10-24,VIP
C02016,Customer 02016,customer02016@example.com,UK,London,2024-06-24,Regular
C02017,Customer 02017,customer02017@example.com,India,Pune,2025-12-23,Regular
C02018,Customer 02018,customer02018@example.com,France,Paris,2025-03-01,Premium
C02019,Customer 02019,customer02019@example.com,India,Delhi,2025-08-25,New
C02020,Customer 02020,customer02020@example.com,Canada,Montreal,2025-12-03,New
C02021,Customer 02021,customer02021@example.com,Singapore,Singapore,2024-03-21,Regular
C02022,Customer 02022,customer02022@example.com,USA,San Francisco,2024-05-17,New
C02023,Customer 02023,customer02023@example.com,UAE,Dubai,2025-03-08,VIP
C02024,Customer 02024,customer02024@example.com,India,Mumbai,2025-04-14,Regular
C02025,Customer 02025,customer02025@example.com,UK,Birmingham,2024-12-15,Regular
C02026,Customer 02026,customer02026@example.com,India,Pune,2024-05-05,New
C02027,Customer 02027,customer02027@example.com,Australia,Melbourne,2024-11-04,Regular
C02028,Customer 02028,customer02028@example.com,Netherlands,Amsterdam,2024-08-17,Regular
C02029,Customer 02029,customer02029@example.com,India,Chennai,2025-04-04,Regular
C02030,Customer 02030,customer02030@example.com,Canada,Vancouver,2024-12-10,Premium
C02031,Customer 02031,customer02031@example.com,India,Pune,2024-11-05,Regular
C02032,Customer 02032,customer02032@example.com,USA,Seattle,2024-01-20,Regular
C02033,Customer 02033,customer02033@example.com,UK,Manchester,2025-07-14,Regular
C02034,Customer 02034,customer02034@example.com,Singapore,Singapore,2025-10-08,Regular
C02035,Customer 02035,customer02035@example.com,USA,Chicago,2025-06-24,Regular
C02036,Customer 02036,customer02036@example.com,India,Hyderabad,2025-07-13,New
C02037,Customer 02037,customer02037@example.com,India,Delhi,2025-04-21,Regular
C02038,Customer 02038,customer02038@example.com,India,Bengaluru,2024-09-25,New
C02039,Customer 02039,customer02039@example.com,India,Pune,2024-01-03,Regular
C02040,Customer 02040,customer02040@example.com,India,Delhi,2024-01-16,Regular
C02041,Customer 02041,customer02041@example.com,France,Paris,2025-08-28,New
C02042,Customer 02042,customer02042@example.com,USA,Austin,2024-12-23,Premium
C02043,Customer 02043,customer02043@example.com,USA,Austin,2025-10-07,Regular
C02044,Customer 02044,customer02044@example.com,India,Pune,2024-05-12,Premium
C02045,Customer 02045,customer02045@example.com,France,Paris,2024-11-07,New
C02046,Customer 02046,customer02046@example.com,Australia,Brisbane,2025-04-26,Premium
C02047,Customer 02047,customer02047@example.com,India,Chennai,2025-06-27,New
C02048,Customer 02048,customer02048@example.com,Canada,Vancouver,2024-10-31,Regular
C02049,Customer 02049,customer02049@example.com,USA,Austin,2024-09-25,Premium
C02050,Customer 02050,customer02050@example.com,India,Bengaluru,2025-02-17,Regular
C02051,Customer 02051,customer02051@example.com,UK,Manchester,2024-01-25,New
C02052,Customer 02052,customer02052@example.com,UK,Birmingham,2024-11-11,Premium
C02053,Customer 02053,customer02053@example.com,India,Chennai,2025-07-24,Regular
C02054,Customer 02054,customer02054@example.com,UAE,Dubai,2025-12-25,Regular
C02055,Customer 02055,customer02055@example.com,Germany,Berlin,2025-10-29,New
C02056,Customer 02056,customer02056@example.com,Canada,Toronto,2024-10-02,Regular
C02057,Customer 02057,customer02057@example.com,UK,Manchester,2025-01-23,New
C02058,Customer 02058,customer02058@example.com,UK,Manchester,2025-12-22,Premium
C02059,Customer 02059,customer02059@example.com,Canada,Vancouver,2025-03-19,Regular
C02060,Customer 02060,customer02060@example.com,USA,New York,2025-03-02,Regular
C02061,Customer 02061,customer02061@example.com,India,Mumbai,2024-02-26,Regular
C02062,Customer 02062,customer02062@example.com,USA,San Francisco,2025-11-27,Premium
C02063,Customer 02063,customer02063@example.com,Germany,Hamburg,2025-07-19,Regular
C02064,Customer 02064,customer02064@example.com,UK,Birmingham,2025-12-21,Premium
C02065,Customer 02065,customer02065@example.com,India,Delhi,2025-01-02,Regular
C02066,Customer 02066,customer02066@example.com,Germany,Hamburg,2024-12-07,Premium
C02067,Customer 02067,customer02067@example.com,India,Bengaluru,2024-10-30,Regular
C02068,Customer 02068,customer02068@example.com,India,Chennai,2025-01-08,New
C02069,Customer 02069,customer02069@example.com,India,Hyderabad,2024-04-21,Regular
C02070,Customer 02070,customer02070@example.com,India,Hyderabad,2024-01-06,New
C02071,Customer 02071,customer02071@example.com,Australia,Melbourne,2025-12-03,Regular
C02072,Customer 02072,customer02072@example.com,USA,Seattle,2024-10-05,Regular
C02073,Customer 02073,customer02073@example.com,India,Pune,2025-01-16,Regular
C02074,Customer 02074,customer02074@example.com,France,Marseille,2024-01-13,Regular
C02075,Customer 02075,customer02075@example.com,France,Lyon,2024-10-29,Regular
C02076,Customer 02076,customer02076@example.com,France,Marseille,2025-07-09,New
C02077,Customer 02077,customer02077@example.com,India,Delhi,2025-09-08,Premium
C02078,Customer 02078,customer02078@example.com,UK,Leeds,2024-06-08,Premium
C02079,Customer 02079,customer02079@example.com,Netherlands,Amsterdam,2024-06-02,Regular
C02080,Customer 02080,customer02080@example.com,Australia,Sydney,2024-06-29,New
C02081,Customer 02081,customer02081@example.com,India,Mumbai,2025-06-09,Regular
C02082,Customer 02082,customer02082@example.com,India,Pune,2024-06-28,Regular
C02083,Customer 02083,customer02083@example.com,UK,London,2025-01-11,Regular
C02084,Customer 02084,customer02084@example.com,UAE,Abu Dhabi,2024-06-16,Regular
C02085,Customer 02085,customer02085@example.com,USA,Seattle,2024-08-01,New
C02086,Customer 02086,customer02086@example.com,UK,Birmingham,2024-05-29,Premium
C02087,Customer 02087,customer02087@example.com,India,Bengaluru,2024-01-16,Regular
C02088,Customer 02088,customer02088@example.com,Canada,Montreal,2024-03-31,Regular
C02089,Customer 02089,customer02089@example.com,Germany,Hamburg,2024-04-29,New
C02090,Customer 02090,customer02090@example.com,UK,Manchester,2024-09-09,Regular
C02091,Customer 02091,customer02091@example.com,Australia,Sydney,2024-02-29,Regular
C02092,Customer 02092,customer02092@example.com,Singapore,Singapore,2024-09-22,Regular
C02093,Customer 02093,customer02093@example.com,India,Chennai,2025-02-12,VIP
C02094,Customer 02094,customer02094@example.com,USA,New York,2024-01-31,New
C02095,Customer 02095,customer02095@example.com,India,Hyderabad,2024-01-21,VIP
C02096,Customer 02096,customer02096@example.com,Germany,Hamburg,2025-12-31,Regular
C02097,Customer 02097,customer02097@example.com,USA,Chicago,2025-08-15,Regular
C02098,Customer 02098,customer02098@example.com,USA,Austin,2024-10-15,Premium
C02099,Customer 02099,customer02099@example.com,Germany,Berlin,2025-06-26,Regular
C02100,Customer 02100,customer02100@example.com,UK,Manchester,2025-05-12,Regular
C02101,Customer 02101,customer02101@example.com,UAE,Abu Dhabi,2025-04-18,Premium
C02102,Customer 02102,customer02102@example.com,USA,Chicago,2025-02-08,Regular
C02103,Customer 02103,customer02103@example.com,India,Mumbai,2025-07-01,Regular
C02104,Customer 02104,customer02104@example.com,Canada,Montreal,2024-05-11,Premium
C02105,Customer 02105,customer02105@example.com,Germany,Munich,2024-11-19,Regular
C02106,Customer 02106,customer02106@example.com,India,Hyderabad,2024-05-11,Regular
C02107,Customer 02107,customer02107@example.com,France,Lyon,2025-06-04,Premium
C02108,Customer 02108,customer02108@example.com,UAE,Dubai,2024-01-30,Regular
C02109,Customer 02109,customer02109@example.com,India,Pune,2025-09-18,New
C02110,Customer 02110,customer02110@example.com,Netherlands,Rotterdam,2024-10-27,Premium
C02111,Customer 02111,customer02111@example.com,India,Bengaluru,2024-01-04,New
C02112,Customer 02112,customer02112@example.com,India,Pune,2024-11-20,Regular
C02113,Customer 02113,customer02113@example.com,India,Mumbai,2025-05-23,Premium
C02114,Customer 02114,customer02114@example.com,France,Marseille,2024-08-24,Regular
C02115,Customer 02115,customer02115@example.com,Canada,Montreal,2025-06-18,New
C02116,Customer 02116,customer02116@example.com,India,Hyderabad,2024-01-16,Regular
C02117,Customer 02117,customer02117@example.com,UK,Manchester,2025-06-17,Regular
C02118,Customer 02118,customer02118@example.com,USA,San Francisco,2025-08-06,Premium
C02119,Customer 02119,customer02119@example.com,India,Chennai,2025-03-21,Regular
C02120,Customer 02120,customer02120@example.com,France,Paris,2025-05-17,New
C02121,Customer 02121,customer02121@example.com,Germany,Berlin,2024-08-17,Regular
C02122,Customer 02122,customer02122@example.com,UK,Birmingham,2024-04-16,Premium
C02123,Customer 02123,customer02123@example.com,Singapore,Singapore,2025-12-20,Regular
C02124,Customer 02124,customer02124@example.com,UK,London,2025-01-23,Premium
C02125,Customer 02125,customer02125@example.com,Netherlands,Amsterdam,2025-12-20,Regular
C02126,Customer 02126,customer02126@example.com,Canada,Toronto,2024-09-19,Premium
C02127,Customer 02127,customer02127@example.com,USA,San Francisco,2025-07-16,Regular
C02128,Customer 02128,customer02128@example.com,India,Mumbai,2024-03-05,Regular
C02129,Customer 02129,customer02129@example.com,France,Marseille,2024-09-21,Premium
C02130,Customer 02130,customer02130@example.com,UK,Manchester,2024-12-03,Regular
C02131,Customer 02131,customer02131@example.com,India,Chennai,2024-10-27,Regular
C02132,Customer 02132,customer02132@example.com,India,Delhi,2025-01-12,Premium
C02133,Customer 02133,customer02133@example.com,USA,San Francisco,2024-06-23,Regular
C02134,Customer 02134,customer02134@example.com,USA,New York,2024-05-31,Regular
C02135,Customer 02135,customer02135@example.com,Canada,Vancouver,2025-04-20,Regular
C02136,Customer 02136,customer02136@example.com,France,Marseille,2024-09-22,Premium
C02137,Customer 02137,customer02137@example.com,India,Chennai,2024-11-24,Regular
C02138,Customer 02138,customer02138@example.com,Australia,Melbourne,2024-06-11,Regular
C02139,Customer 02139,customer02139@example.com,India,Pune,2025-03-13,Regular
C02140,Customer 02140,customer02140@example.com,France,Lyon,2024-12-08,Regular
C02141,Customer 02141,customer02141@example.com,Germany,Munich,2025-01-01,Premium
C02142,Customer 02142,customer02142@example.com,USA,Chicago,2025-04-09,New
C02143,Customer 02143,customer02143@example.com,Canada,Montreal,2024-07-17,Regular
C02144,Customer 02144,customer02144@example.com,India,Delhi,2025-05-14,New
C02145,Customer 02145,customer02145@example.com,UK,Birmingham,2024-01-16,Regular
C02146,Customer 02146,customer02146@example.com,Germany,Munich,2024-10-22,VIP
C02147,Customer 02147,customer02147@example.com,UK,London,2025-05-25,New
C02148,Customer 02148,customer02148@example.com,UK,London,2024-08-26,Regular
C02149,Customer 02149,customer02149@example.com,UK,Manchester,2025-08-03,Regular
C02150,Customer 02150,customer02150@example.com,Germany,Munich,2024-10-27,Premium
C02151,Customer 02151,customer02151@example.com,India,Delhi,2024-01-06,Regular
C02152,Customer 02152,customer02152@example.com,India,Delhi,2024-08-07,Regular
C02153,Customer 02153,customer02153@example.com,Canada,Vancouver,2025-03-28,Premium
C02154,Customer 02154,customer02154@example.com,Germany,Berlin,2025-03-08,Premium
C02155,Customer 02155,customer02155@example.com,India,Mumbai,2025-01-20,Regular
C02156,Customer 02156,customer02156@example.com,India,Chennai,2025-09-10,Regular
C02157,Customer 02157,customer02157@example.com,India,Bengaluru,2024-10-21,Premium
C02158,Customer 02158,customer02158@example.com,India,Mumbai,2024-04-27,Regular
C02159,Customer 02159,customer02159@example.com,UK,Birmingham,2025-02-08,New
C02160,Customer 02160,customer02160@example.com,Australia,Brisbane,2025-11-10,Regular
C02161,Customer 02161,customer02161@example.com,Canada,Vancouver,2025-08-16,Regular
C02162,Customer 02162,customer02162@example.com,USA,Seattle,2025-07-19,Premium
C02163,Customer 02163,customer02163@example.com,UK,Manchester,2024-01-12,New
C02164,Customer 02164,customer02164@example.com,Germany,Munich,2024-07-27,Premium
C02165,Customer 02165,customer02165@example.com,UK,London,2024-06-13,Premium
C02166,Customer 02166,customer02166@example.com,Singapore,Singapore,2024-10-20,Regular
C02167,Customer 02167,customer02167@example.com,USA,Chicago,2025-06-02,Premium
C02168,Customer 02168,customer02168@example.com,India,Delhi,2024-03-18,New
C02169,Customer 02169,customer02169@example.com,Canada,Toronto,2025-03-09,New
C02170,Customer 02170,customer02170@example.com,India,Mumbai,2025-07-30,Premium
C02171,Customer 02171,customer02171@example.com,Canada,Vancouver,2025-09-05,Regular
C02172,Customer 02172,customer02172@example.com,India,Bengaluru,2025-11-13,Regular
C02173,Customer 02173,customer02173@example.com,India,Bengaluru,2024-03-17,Regular
C02174,Customer 02174,customer02174@example.com,France,Paris,2024-02-17,Premium
C02175,Customer 02175,customer02175@example.com,India,Hyderabad,2024-03-22,Regular
C02176,Customer 02176,customer02176@example.com,Germany,Munich,2025-12-21,Regular
C02177,Customer 02177,customer02177@example.com,India,Delhi,2024-07-27,Regular
C02178,Customer 02178,customer02178@example.com,USA,San Francisco,2025-03-20,Premium
C02179,Customer 02179,customer02179@example.com,Canada,Vancouver,2025-08-18,New
C02180,Customer 02180,customer02180@example.com,USA,Chicago,2025-06-05,New
C02181,Customer 02181,customer02181@example.com,India,Bengaluru,2024-01-29,Regular
C02182,Customer 02182,customer02182@example.com,India,Mumbai,2024-10-30,Regular
C02183,Customer 02183,customer02183@example.com,India,Chennai,2025-04-09,Regular
C02184,Customer 02184,customer02184@example.com,India,Pune,2025-05-16,Regular
C02185,Customer 02185,customer02185@example.com,Canada,Vancouver,2025-03-21,New
C02186,Customer 02186,customer02186@example.com,UAE,Dubai,2025-09-19,New
C02187,Customer 02187,customer02187@example.com,France,Paris,2025-05-04,Regular
C02188,Customer 02188,customer02188@example.com,Australia,Melbourne,2025-03-03,Regular
C02189,Customer 02189,customer02189@example.com,Germany,Hamburg,2025-07-12,Regular
C02190,Customer 02190,customer02190@example.com,Canada,Vancouver,2024-12-24,Regular
C02191,Customer 02191,customer02191@example.com,India,Delhi,2024-03-31,Regular
C02192,Customer 02192,customer02192@example.com,UAE,Abu Dhabi,2024-02-22,Regular
C02193,Customer 02193,customer02193@example.com,Canada,Vancouver,2025-12-30,Regular
C02194,Customer 02194,customer02194@example.com,USA,New York,2025-08-11,New
C02195,Customer 02195,customer02195@example.com,India,Hyderabad,2024-07-22,New
C02196,Customer 02196,customer02196@example.com,UK,Leeds,2025-07-09,Regular
C02197,Customer 02197,customer02197@example.com,UK,Leeds,2024-06-04,VIP
C02198,Customer 02198,customer02198@example.com,France,Paris,2024-01-02,Regular
C02199,Customer 02199,customer02199@example.com,USA,Chicago,2024-12-22,Premium
C02200,Customer 02200,customer02200@example.com,UK,Birmingham,2025-07-22,Regular
C02201,Customer 02201,customer02201@example.com,Singapore,Singapore,2024-02-27,Regular
C02202,Customer 02202,customer02202@example.com,India,Hyderabad,2024-09-10,Premium
C02203,Customer 02203,customer02203@example.com,UK,Birmingham,2024-06-28,New
C02204,Customer 02204,customer02204@example.com,India,Delhi,2025-05-07,New
C02205,Customer 02205,customer02205@example.com,Australia,Brisbane,2025-10-30,VIP
C02206,Customer 02206,customer02206@example.com,UAE,Sharjah,2024-02-04,Regular
C02207,Customer 02207,customer02207@example.com,India,Pune,2024-03-15,New
C02208,Customer 02208,customer02208@example.com,France,Lyon,2024-10-15,New
C02209,Customer 02209,customer02209@example.com,India,Mumbai,2025-01-05,Premium
C02210,Customer 02210,customer02210@example.com,UAE,Sharjah,2025-08-09,Premium
C02211,Customer 02211,customer02211@example.com,Australia,Sydney,2024-11-24,Regular
C02212,Customer 02212,customer02212@example.com,Germany,Berlin,2025-08-12,New
C02213,Customer 02213,customer02213@example.com,India,Delhi,2024-10-30,Premium
C02214,Customer 02214,customer02214@example.com,Singapore,Singapore,2025-08-01,Regular
C02215,Customer 02215,customer02215@example.com,Australia,Melbourne,2024-08-08,Regular
C02216,Customer 02216,customer02216@example.com,India,Pune,2024-06-12,Regular
C02217,Customer 02217,customer02217@example.com,Germany,Munich,2025-04-24,Regular
C02218,Customer 02218,customer02218@example.com,India,Delhi,2025-03-30,Regular
C02219,Customer 02219,customer02219@example.com,France,Lyon,2025-01-09,Premium
C02220,Customer 02220,customer02220@example.com,India,Hyderabad,2024-08-07,Premium
C02221,Customer 02221,customer02221@example.com,Canada,Vancouver,2025-11-14,Regular
C02222,Customer 02222,customer02222@example.com,USA,New York,2024-09-10,Regular
C02223,Customer 02223,customer02223@example.com,India,Chennai,2025-12-22,Regular
C02224,Customer 02224,customer02224@example.com,India,Chennai,2024-07-06,Regular
C02225,Customer 02225,customer02225@example.com,India,Bengaluru,2024-07-09,Regular
C02226,Customer 02226,customer02226@example.com,UK,Birmingham,2025-01-23,Regular
C02227,Customer 02227,customer02227@example.com,India,Chennai,2024-08-02,New
C02228,Customer 02228,customer02228@example.com,USA,Austin,2025-01-09,New
C02229,Customer 02229,customer02229@example.com,India,Hyderabad,2024-03-26,Regular
C02230,Customer 02230,customer02230@example.com,India,Delhi,2025-04-18,Regular
C02231,Customer 02231,customer02231@example.com,Australia,Brisbane,2025-09-09,Regular
C02232,Customer 02232,customer02232@example.com,India,Delhi,2025-06-14,Regular
C02233,Customer 02233,customer02233@example.com,UAE,Sharjah,2024-02-16,Premium
C02234,Customer 02234,customer02234@example.com,France,Lyon,2024-03-05,Premium
C02235,Customer 02235,customer02235@example.com,Canada,Montreal,2025-04-19,Regular
C02236,Customer 02236,customer02236@example.com,USA,San Francisco,2024-05-25,New
C02237,Customer 02237,customer02237@example.com,France,Paris,2025-01-16,Regular
C02238,Customer 02238,customer02238@example.com,India,Bengaluru,2024-03-06,Regular
C02239,Customer 02239,customer02239@example.com,India,Hyderabad,2025-05-31,New
C02240,Customer 02240,customer02240@example.com,India,Delhi,2024-04-02,VIP
C02241,Customer 02241,customer02241@example.com,Germany,Munich,2025-03-01,Regular
C02242,Customer 02242,customer02242@example.com,India,Mumbai,2025-04-12,Regular
C02243,Customer 02243,customer02243@example.com,USA,San Francisco,2024-04-03,Regular
C02244,Customer 02244,customer02244@example.com,Netherlands,Rotterdam,2025-09-09,New
C02245,Customer 02245,customer02245@example.com,France,Paris,2024-05-12,New
C02246,Customer 02246,customer02246@example.com,USA,Chicago,2025-03-09,Regular
C02247,Customer 02247,customer02247@example.com,India,Chennai,2024-12-06,Regular
C02248,Customer 02248,customer02248@example.com,Germany,Hamburg,2024-11-09,Regular
C02249,Customer 02249,customer02249@example.com,USA,Seattle,2025-08-13,VIP
C02250,Customer 02250,customer02250@example.com,India,Chennai,2024-07-30,Regular
C02251,Customer 02251,customer02251@example.com,India,Hyderabad,2025-06-03,New
C02252,Customer 02252,customer02252@example.com,UAE,Dubai,2024-06-07,Regular
C02253,Customer 02253,customer02253@example.com,Canada,Toronto,2024-09-24,Regular
C02254,Customer 02254,customer02254@example.com,Germany,Berlin,2025-10-22,Regular
C02255,Customer 02255,customer02255@example.com,France,Marseille,2025-08-25,New
C02256,Customer 02256,customer02256@example.com,USA,Austin,2025-04-18,Regular
C02257,Customer 02257,customer02257@example.com,USA,Seattle,2025-02-13,New
C02258,Customer 02258,customer02258@example.com,UK,Leeds,2025-04-18,Regular
C02259,Customer 02259,customer02259@example.com,India,Bengaluru,2024-12-21,Regular
C02260,Customer 02260,customer02260@example.com,UK,Manchester,2025-11-10,New
C02261,Customer 02261,customer02261@example.com,Australia,Melbourne,2024-07-11,Regular
C02262,Customer 02262,customer02262@example.com,USA,San Francisco,2025-11-29,Regular
C02263,Customer 02263,customer02263@example.com,France,Lyon,2024-09-27,Regular
C02264,Customer 02264,customer02264@example.com,UK,Manchester,2024-04-23,Regular
C02265,Customer 02265,customer02265@example.com,USA,Seattle,2025-06-06,Regular
C02266,Customer 02266,customer02266@example.com,USA,San Francisco,2024-02-24,VIP
C02267,Customer 02267,customer02267@example.com,USA,Austin,2024-03-05,New
C02268,Customer 02268,customer02268@example.com,Canada,Montreal,2025-11-14,VIP
C02269,Customer 02269,customer02269@example.com,India,Mumbai,2024-09-28,New
C02270,Customer 02270,customer02270@example.com,USA,San Francisco,2025-05-16,Regular
C02271,Customer 02271,customer02271@example.com,India,Chennai,2025-10-23,Regular
C02272,Customer 02272,customer02272@example.com,UK,Leeds,2024-12-27,New
C02273,Customer 02273,customer02273@example.com,UK,Birmingham,2024-05-25,New
C02274,Customer 02274,customer02274@example.com,Canada,Vancouver,2024-07-27,Regular
C02275,Customer 02275,customer02275@example.com,Singapore,Singapore,2024-10-12,VIP
C02276,Customer 02276,customer02276@example.com,USA,Austin,2024-01-10,Regular
C02277,Customer 02277,customer02277@example.com,Australia,Melbourne,2024-07-04,Regular
C02278,Customer 02278,customer02278@example.com,UK,London,2025-07-27,Regular
C02279,Customer 02279,customer02279@example.com,USA,Seattle,2025-08-19,Premium
C02280,Customer 02280,customer02280@example.com,India,Chennai,2025-04-08,Regular
C02281,Customer 02281,customer02281@example.com,India,Mumbai,2024-05-13,Regular
C02282,Customer 02282,customer02282@example.com,UK,London,2024-06-19,New
C02283,Customer 02283,customer02283@example.com,UK,Leeds,2024-07-31,Regular
C02284,Customer 02284,customer02284@example.com,India,Mumbai,2025-06-13,New
C02285,Customer 02285,customer02285@example.com,India,Pune,2025-05-16,New
C02286,Customer 02286,customer02286@example.com,India,Chennai,2025-07-25,New
C02287,Customer 02287,customer02287@example.com,Singapore,Singapore,2025-08-22,Premium
C02288,Customer 02288,customer02288@example.com,India,Pune,2024-01-27,Premium
C02289,Customer 02289,customer02289@example.com,UK,London,2024-03-08,New
C02290,Customer 02290,customer02290@example.com,India,Chennai,2025-02-11,New
C02291,Customer 02291,customer02291@example.com,USA,Seattle,2025-07-05,New
C02292,Customer 02292,customer02292@example.com,India,Bengaluru,2024-04-18,Regular
C02293,Customer 02293,customer02293@example.com,India,Chennai,2024-03-14,New
C02294,Customer 02294,customer02294@example.com,USA,San Francisco,2025-07-31,Premium
C02295,Customer 02295,customer02295@example.com,India,Delhi,2025-11-10,New
C02296,Customer 02296,customer02296@example.com,India,Bengaluru,2024-09-18,New
C02297,Customer 02297,customer02297@example.com,India,Pune,2025-01-02,New
C02298,Customer 02298,customer02298@example.com,India,Bengaluru,2024-08-24,VIP
C02299,Customer 02299,customer02299@example.com,India,Hyderabad,2025-12-27,Premium
C02300,Customer 02300,customer02300@example.com,India,Chennai,2024-12-31,Regular
C02301,Customer 02301,customer02301@example.com,Germany,Hamburg,2024-10-12,Regular
C02302,Customer 02302,customer02302@example.com,USA,New York,2025-01-12,New
C02303,Customer 02303,customer02303@example.com,USA,Chicago,2025-10-22,Regular
C02304,Customer 02304,customer02304@example.com,India,Hyderabad,2025-01-10,Regular
C02305,Customer 02305,customer02305@example.com,UAE,Abu Dhabi,2025-09-10,Premium
C02306,Customer 02306,customer02306@example.com,UK,Birmingham,2025-10-14,Regular
C02307,Customer 02307,customer02307@example.com,India,Delhi,2024-03-16,Regular
C02308,Customer 02308,customer02308@example.com,USA,Chicago,2024-01-09,Regular
C02309,Customer 02309,customer02309@example.com,India,Delhi,2024-07-14,Regular
C02310,Customer 02310,customer02310@example.com,India,Pune,2025-09-21,Regular
C02311,Customer 02311,customer02311@example.com,UK,Manchester,2024-10-16,Regular
C02312,Customer 02312,customer02312@example.com,France,Lyon,2024-03-01,New
C02313,Customer 02313,customer02313@example.com,UK,Leeds,2025-01-23,Regular
C02314,Customer 02314,customer02314@example.com,Canada,Montreal,2025-07-16,Premium
C02315,Customer 02315,customer02315@example.com,Netherlands,Amsterdam,2025-07-17,Regular
C02316,Customer 02316,customer02316@example.com,India,Pune,2025-09-25,Regular
C02317,Customer 02317,customer02317@example.com,India,Bengaluru,2025-11-09,New
C02318,Customer 02318,customer02318@example.com,UK,Manchester,2024-01-08,Regular
C02319,Customer 02319,customer02319@example.com,UK,Birmingham,2025-01-03,Premium
C02320,Customer 02320,customer02320@example.com,UK,Leeds,2024-02-14,Regular
C02321,Customer 02321,customer02321@example.com,UAE,Sharjah,2024-12-09,Regular
C02322,Customer 02322,customer02322@example.com,Canada,Vancouver,2025-01-09,VIP
C02323,Customer 02323,customer02323@example.com,USA,Austin,2025-09-10,Premium
C02324,Customer 02324,customer02324@example.com,India,Bengaluru,2024-01-27,Regular
C02325,Customer 02325,customer02325@example.com,Germany,Munich,2024-07-11,Regular
C02326,Customer 02326,customer02326@example.com,Singapore,Singapore,2024-12-22,Regular
C02327,Customer 02327,customer02327@example.com,Germany,Hamburg,2024-03-02,Regular
C02328,Customer 02328,customer02328@example.com,India,Mumbai,2024-03-02,Regular
C02329,Customer 02329,customer02329@example.com,USA,Austin,2025-02-25,Regular
C02330,Customer 02330,customer02330@example.com,India,Chennai,2025-09-24,New
C02331,Customer 02331,customer02331@example.com,India,Delhi,2025-07-04,Regular
C02332,Customer 02332,customer02332@example.com,India,Bengaluru,2025-01-14,Premium
C02333,Customer 02333,customer02333@example.com,USA,Chicago,2024-10-03,Premium
C02334,Customer 02334,customer02334@example.com,Canada,Vancouver,2025-08-28,New
C02335,Customer 02335,customer02335@example.com,India,Chennai,2025-03-06,Regular
C02336,Customer 02336,customer02336@example.com,UK,Birmingham,2024-04-24,Regular
C02337,Customer 02337,customer02337@example.com,UK,Manchester,2025-11-18,Premium
C02338,Customer 02338,customer02338@example.com,UK,Birmingham,2024-04-30,Premium
C02339,Customer 02339,customer02339@example.com,India,Mumbai,2025-06-08,VIP
C02340,Customer 02340,customer02340@example.com,UK,Manchester,2025-02-19,VIP
C02341,Customer 02341,customer02341@example.com,Australia,Brisbane,2024-06-11,Regular
C02342,Customer 02342,customer02342@example.com,India,Pune,2025-11-18,Premium
C02343,Customer 02343,customer02343@example.com,India,Delhi,2024-12-02,Regular
C02344,Customer 02344,customer02344@example.com,UK,Birmingham,2025-01-13,New
C02345,Customer 02345,customer02345@example.com,UAE,Abu Dhabi,2024-11-19,New
C02346,Customer 02346,customer02346@example.com,Canada,Vancouver,2024-06-21,New
C02347,Customer 02347,customer02347@example.com,Canada,Montreal,2024-03-04,Premium
C02348,Customer 02348,customer02348@example.com,UK,Birmingham,2024-04-10,Regular
C02349,Customer 02349,customer02349@example.com,USA,Austin,2024-11-17,Premium
C02350,Customer 02350,customer02350@example.com,India,Hyderabad,2024-03-06,Regular
C02351,Customer 02351,customer02351@example.com,USA,San Francisco,2025-07-10,Regular
C02352,Customer 02352,customer02352@example.com,UAE,Sharjah,2025-08-21,Regular
C02353,Customer 02353,customer02353@example.com,USA,San Francisco,2025-04-02,Regular
C02354,Customer 02354,customer02354@example.com,France,Lyon,2025-08-01,Regular
C02355,Customer 02355,customer02355@example.com,Australia,Melbourne,2025-03-28,Regular
C02356,Customer 02356,customer02356@example.com,India,Mumbai,2024-09-15,Premium
C02357,Customer 02357,customer02357@example.com,UAE,Dubai,2025-12-17,Regular
C02358,Customer 02358,customer02358@example.com,India,Mumbai,2025-03-01,New
C02359,Customer 02359,customer02359@example.com,USA,New York,2024-06-26,Premium
C02360,Customer 02360,customer02360@example.com,India,Mumbai,2024-10-06,New
C02361,Customer 02361,customer02361@example.com,India,Pune,2024-12-09,Regular
C02362,Customer 02362,customer02362@example.com,UK,London,2024-01-17,Regular
C02363,Customer 02363,customer02363@example.com,India,Mumbai,2024-10-22,New
C02364,Customer 02364,customer02364@example.com,UK,Leeds,2024-07-20,Regular
C02365,Customer 02365,customer02365@example.com,USA,Austin,2025-11-14,Regular
C02366,Customer 02366,customer02366@example.com,India,Pune,2024-07-12,Regular
C02367,Customer 02367,customer02367@example.com,India,Delhi,2024-05-28,New
C02368,Customer 02368,customer02368@example.com,USA,Chicago,2025-01-09,Regular
C02369,Customer 02369,customer02369@example.com,India,Bengaluru,2024-02-04,Regular
C02370,Customer 02370,customer02370@example.com,Australia,Brisbane,2025-01-03,VIP
C02371,Customer 02371,customer02371@example.com,Canada,Vancouver,2024-01-29,New
C02372,Customer 02372,customer02372@example.com,Germany,Hamburg,2024-08-08,Regular
C02373,Customer 02373,customer02373@example.com,Canada,Montreal,2024-02-22,Premium
C02374,Customer 02374,customer02374@example.com,UK,Birmingham,2024-12-18,Premium
C02375,Customer 02375,customer02375@example.com,Canada,Toronto,2025-01-26,Premium
C02376,Customer 02376,customer02376@example.com,India,Hyderabad,2024-03-16,VIP
C02377,Customer 02377,customer02377@example.com,India,Chennai,2025-05-08,Regular
C02378,Customer 02378,customer02378@example.com,Germany,Hamburg,2025-11-18,Regular
C02379,Customer 02379,customer02379@example.com,UK,Manchester,2025-06-05,New
C02380,Customer 02380,customer02380@example.com,Germany,Berlin,2024-04-26,New
C02381,Customer 02381,customer02381@example.com,Germany,Berlin,2024-10-06,Regular
C02382,Customer 02382,customer02382@example.com,France,Marseille,2025-12-30,New
C02383,Customer 02383,customer02383@example.com,UAE,Sharjah,2024-06-23,Premium
C02384,Customer 02384,customer02384@example.com,UK,Manchester,2024-10-21,New
C02385,Customer 02385,customer02385@example.com,India,Pune,2025-03-26,Regular
C02386,Customer 02386,customer02386@example.com,USA,Chicago,2025-06-01,Regular
C02387,Customer 02387,customer02387@example.com,UK,London,2024-01-21,Regular
C02388,Customer 02388,customer02388@example.com,USA,New York,2024-03-13,Premium
C02389,Customer 02389,customer02389@example.com,Canada,Vancouver,2024-02-05,VIP
C02390,Customer 02390,customer02390@example.com,Canada,Vancouver,2025-05-21,Premium
C02391,Customer 02391,customer02391@example.com,UK,Leeds,2024-08-20,Regular
C02392,Customer 02392,customer02392@example.com,India,Hyderabad,2025-12-28,Premium
C02393,Customer 02393,customer02393@example.com,UK,Manchester,2025-05-11,New
C02394,Customer 02394,customer02394@example.com,India,Hyderabad,2024-07-24,Premium
C02395,Customer 02395,customer02395@example.com,France,Marseille,2025-03-01,New
C02396,Customer 02396,customer02396@example.com,India,Bengaluru,2024-02-13,New
C02397,Customer 02397,customer02397@example.com,India,Delhi,2024-03-31,VIP
C02398,Customer 02398,customer02398@example.com,India,Pune,2025-04-14,Regular
C02399,Customer 02399,customer02399@example.com,USA,Seattle,2025-08-27,Premium
C02400,Customer 02400,customer02400@example.com,USA,Seattle,2025-04-11,Regular
C02401,Customer 02401,customer02401@example.com,India,Pune,2025-03-29,Premium
C02402,Customer 02402,customer02402@example.com,India,Bengaluru,2025-08-17,VIP
C02403,Customer 02403,customer02403@example.com,UK,Birmingham,2024-11-28,Regular
C02404,Customer 02404,customer02404@example.com,India,Mumbai,2025-05-21,Regular
C02405,Customer 02405,customer02405@example.com,Canada,Vancouver,2025-04-14,Regular
C02406,Customer 02406,customer02406@example.com,USA,New York,2024-01-21,Premium
C02407,Customer 02407,customer02407@example.com,UK,London,2024-08-15,Regular
C02408,Customer 02408,customer02408@example.com,India,Pune,2025-01-10,Regular
C02409,Customer 02409,customer02409@example.com,Netherlands,Amsterdam,2024-05-09,Regular
C02410,Customer 02410,customer02410@example.com,UK,London,2025-11-17,New
C02411,Customer 02411,customer02411@example.com,Canada,Toronto,2025-09-11,New
C02412,Customer 02412,customer02412@example.com,India,Delhi,2025-02-17,Regular
C02413,Customer 02413,customer02413@example.com,UK,Manchester,2024-03-11,Premium
C02414,Customer 02414,customer02414@example.com,India,Hyderabad,2025-02-07,Regular
C02415,Customer 02415,customer02415@example.com,UK,Leeds,2025-07-15,Regular
C02416,Customer 02416,customer02416@example.com,Singapore,Singapore,2025-08-29,Regular
C02417,Customer 02417,customer02417@example.com,UK,Manchester,2025-01-31,Regular
C02418,Customer 02418,customer02418@example.com,India,Pune,2024-12-02,Premium
C02419,Customer 02419,customer02419@example.com,India,Mumbai,2025-10-05,Regular
C02420,Customer 02420,customer02420@example.com,UK,London,2025-05-19,New
C02421,Customer 02421,customer02421@example.com,India,Hyderabad,2024-10-02,New
C02422,Customer 02422,customer02422@example.com,India,Mumbai,2024-01-13,Premium
C02423,Customer 02423,customer02423@example.com,Australia,Brisbane,2024-01-03,VIP
C02424,Customer 02424,customer02424@example.com,UK,London,2024-08-11,Regular
C02425,Customer 02425,customer02425@example.com,India,Mumbai,2024-06-23,New
C02426,Customer 02426,customer02426@example.com,UAE,Abu Dhabi,2025-01-19,Regular
C02427,Customer 02427,customer02427@example.com,India,Delhi,2025-08-24,Regular
C02428,Customer 02428,customer02428@example.com,Singapore,Singapore,2024-08-28,Regular
C02429,Customer 02429,customer02429@example.com,India,Bengaluru,2025-06-30,VIP
C02430,Customer 02430,customer02430@example.com,France,Marseille,2024-01-14,Premium
C02431,Customer 02431,customer02431@example.com,USA,Seattle,2024-07-13,Premium
C02432,Customer 02432,customer02432@example.com,Germany,Munich,2025-01-31,Regular
C02433,Customer 02433,customer02433@example.com,Netherlands,Amsterdam,2025-03-06,Regular
C02434,Customer 02434,customer02434@example.com,India,Hyderabad,2024-11-01,Regular
C02435,Customer 02435,customer02435@example.com,Singapore,Singapore,2024-11-29,Regular
C02436,Customer 02436,customer02436@example.com,UK,Manchester,2025-12-25,Regular
C02437,Customer 02437,customer02437@example.com,UK,Leeds,2025-02-13,New
C02438,Customer 02438,customer02438@example.com,India,Pune,2024-01-03,Regular
C02439,Customer 02439,customer02439@example.com,USA,Austin,2025-11-21,Regular
C02440,Customer 02440,customer02440@example.com,India,Pune,2025-07-05,Regular
C02441,Customer 02441,customer02441@example.com,USA,Chicago,2025-03-27,New
C02442,Customer 02442,customer02442@example.com,USA,New York,2025-11-06,Regular
C02443,Customer 02443,customer02443@example.com,Australia,Brisbane,2025-05-09,New
C02444,Customer 02444,customer02444@example.com,Germany,Munich,2025-02-20,Regular
C02445,Customer 02445,customer02445@example.com,UK,Birmingham,2025-01-25,Regular
C02446,Customer 02446,customer02446@example.com,India,Chennai,2025-01-07,Premium
C02447,Customer 02447,customer02447@example.com,India,Pune,2025-09-19,Premium
C02448,Customer 02448,customer02448@example.com,India,Bengaluru,2024-02-21,Premium
C02449,Customer 02449,customer02449@example.com,India,Bengaluru,2025-01-10,Regular
C02450,Customer 02450,customer02450@example.com,India,Chennai,2025-01-29,Regular
C02451,Customer 02451,customer02451@example.com,India,Pune,2024-05-21,New
C02452,Customer 02452,customer02452@example.com,Singapore,Singapore,2024-03-26,Regular
C02453,Customer 02453,customer02453@example.com,USA,Seattle,2025-04-08,Regular
C02454,Customer 02454,customer02454@example.com,India,Chennai,2024-02-15,Regular
C02455,Customer 02455,customer02455@example.com,USA,Austin,2024-08-25,Regular
C02456,Customer 02456,customer02456@example.com,India,Hyderabad,2024-01-10,Premium
C02457,Customer 02457,customer02457@example.com,UK,Leeds,2025-10-25,Regular
C02458,Customer 02458,customer02458@example.com,USA,New York,2025-07-26,Regular
C02459,Customer 02459,customer02459@example.com,UK,Manchester,2025-06-13,VIP
C02460,Customer 02460,customer02460@example.com,UK,Manchester,2025-08-20,Premium
C02461,Customer 02461,customer02461@example.com,Netherlands,Rotterdam,2025-10-10,New
C02462,Customer 02462,customer02462@example.com,France,Lyon,2025-10-01,Premium
C02463,Customer 02463,customer02463@example.com,USA,Chicago,2025-09-07,Regular
C02464,Customer 02464,customer02464@example.com,USA,New York,2025-11-28,Regular
C02465,Customer 02465,customer02465@example.com,USA,Austin,2024-06-26,Regular
C02466,Customer 02466,customer02466@example.com,India,Delhi,2024-01-06,Regular
C02467,Customer 02467,customer02467@example.com,UK,Manchester,2024-11-02,Regular
C02468,Customer 02468,customer02468@example.com,India,Delhi,2025-07-01,New
C02469,Customer 02469,customer02469@example.com,UK,Birmingham,2024-11-22,New
C02470,Customer 02470,customer02470@example.com,USA,Austin,2024-12-21,Regular
C02471,Customer 02471,customer02471@example.com,India,Mumbai,2025-01-29,Regular
C02472,Customer 02472,customer02472@example.com,Singapore,Singapore,2024-10-26,VIP
C02473,Customer 02473,customer02473@example.com,UAE,Abu Dhabi,2025-06-09,Regular
C02474,Customer 02474,customer02474@example.com,Australia,Brisbane,2024-10-11,New
C02475,Customer 02475,customer02475@example.com,USA,Austin,2024-11-25,Regular
C02476,Customer 02476,customer02476@example.com,France,Marseille,2024-02-19,Regular
C02477,Customer 02477,customer02477@example.com,India,Bengaluru,2025-09-13,New
C02478,Customer 02478,customer02478@example.com,Germany,Berlin,2025-12-09,Regular
C02479,Customer 02479,customer02479@example.com,India,Pune,2025-01-12,VIP
C02480,Customer 02480,customer02480@example.com,Germany,Berlin,2025-08-22,Regular
C02481,Customer 02481,customer02481@example.com,India,Delhi,2025-06-21,Regular
C02482,Customer 02482,customer02482@example.com,France,Lyon,2024-05-23,Regular
C02483,Customer 02483,customer02483@example.com,UAE,Dubai,2024-02-29,New
C02484,Customer 02484,customer02484@example.com,India,Delhi,2024-03-15,New
C02485,Customer 02485,customer02485@example.com,UK,Birmingham,2024-01-03,Premium
C02486,Customer 02486,customer02486@example.com,Netherlands,Amsterdam,2025-07-28,VIP
C02487,Customer 02487,customer02487@example.com,UK,Birmingham,2025-03-23,New
C02488,Customer 02488,customer02488@example.com,France,Lyon,2024-10-01,Regular
C02489,Customer 02489,customer02489@example.com,USA,San Francisco,2025-06-13,VIP
C02490,Customer 02490,customer02490@example.com,UK,Manchester,2025-08-14,New
C02491,Customer 02491,customer02491@example.com,India,Bengaluru,2024-08-02,New
C02492,Customer 02492,customer02492@example.com,India,Bengaluru,2025-11-13,Premium
C02493,Customer 02493,customer02493@example.com,Australia,Melbourne,2025-04-29,Regular
C02494,Customer 02494,customer02494@example.com,UK,Manchester,2024-11-24,New
C02495,Customer 02495,customer02495@example.com,USA,Seattle,2024-09-11,Regular
C02496,Customer 02496,customer02496@example.com,UK,Birmingham,2025-01-21,New
C02497,Customer 02497,customer02497@example.com,USA,Seattle,2024-05-05,Regular
C02498,Customer 02498,customer02498@example.com,France,Marseille,2025-08-06,Premium
C02499,Customer 02499,customer02499@example.com,Netherlands,Rotterdam,2025-07-03,Regular
C02500,Customer 02500,customer02500@example.com,UK,Manchester,2024-11-19,Regular
C02501,Customer 02501,customer02501@example.com,Germany,Berlin,2024-07-22,Regular
C02502,Customer 02502,customer02502@example.com,Australia,Brisbane,2024-06-20,New
C02503,Customer 02503,customer02503@example.com,USA,San Francisco,2024-08-04,New
C02504,Customer 02504,customer02504@example.com,Singapore,Singapore,2024-09-01,Premium
C02505,Customer 02505,customer02505@example.com,India,Chennai,2024-12-01,Regular
C02506,Customer 02506,customer02506@example.com,India,Delhi,2025-12-03,Regular
C02507,Customer 02507,customer02507@example.com,France,Marseille,2024-10-24,Regular
C02508,Customer 02508,customer02508@example.com,UK,Birmingham,2024-06-30,Premium
C02509,Customer 02509,customer02509@example.com,Germany,Berlin,2024-11-29,Regular
C02510,Customer 02510,customer02510@example.com,France,Marseille,2025-05-25,Regular
C02511,Customer 02511,customer02511@example.com,India,Hyderabad,2025-01-17,Regular
C02512,Customer 02512,customer02512@example.com,France,Paris,2025-12-17,New
C02513,Customer 02513,customer02513@example.com,UK,Manchester,2024-07-17,Premium
C02514,Customer 02514,customer02514@example.com,USA,San Francisco,2024-11-27,Regular
C02515,Customer 02515,customer02515@example.com,USA,San Francisco,2024-06-13,Regular
C02516,Customer 02516,customer02516@example.com,UAE,Dubai,2024-08-29,Premium
C02517,Customer 02517,customer02517@example.com,India,Bengaluru,2025-10-03,VIP
C02518,Customer 02518,customer02518@example.com,UK,Birmingham,2024-08-14,Regular
C02519,Customer 02519,customer02519@example.com,Canada,Montreal,2025-09-25,New
C02520,Customer 02520,customer02520@example.com,Australia,Melbourne,2025-07-09,Regular
C02521,Customer 02521,customer02521@example.com,Canada,Toronto,2025-03-26,New
C02522,Customer 02522,customer02522@example.com,India,Pune,2024-07-14,Premium
C02523,Customer 02523,customer02523@example.com,India,Bengaluru,2024-07-22,Premium
C02524,Customer 02524,customer02524@example.com,UK,Leeds,2025-04-02,Regular
C02525,Customer 02525,customer02525@example.com,Germany,Berlin,2024-09-13,Regular
C02526,Customer 02526,customer02526@example.com,India,Chennai,2025-06-12,New
C02527,Customer 02527,customer02527@example.com,India,Delhi,2024-09-28,Regular
C02528,Customer 02528,customer02528@example.com,Singapore,Singapore,2024-01-09,Premium
C02529,Customer 02529,customer02529@example.com,India,Delhi,2024-07-19,Regular
C02530,Customer 02530,customer02530@example.com,Netherlands,Amsterdam,2024-02-28,New
C02531,Customer 02531,customer02531@example.com,Canada,Montreal,2025-01-27,Regular
C02532,Customer 02532,customer02532@example.com,Germany,Munich,2025-10-13,VIP
C02533,Customer 02533,customer02533@example.com,India,Delhi,2024-04-28,Regular
C02534,Customer 02534,customer02534@example.com,India,Chennai,2025-07-06,Premium
C02535,Customer 02535,customer02535@example.com,Australia,Sydney,2025-02-02,Premium
C02536,Customer 02536,customer02536@example.com,Germany,Hamburg,2024-11-26,Regular
C02537,Customer 02537,customer02537@example.com,Australia,Melbourne,2024-09-23,New
C02538,Customer 02538,customer02538@example.com,India,Pune,2025-06-03,Regular
C02539,Customer 02539,customer02539@example.com,Australia,Melbourne,2025-11-25,Regular
C02540,Customer 02540,customer02540@example.com,Australia,Brisbane,2025-04-24,Premium
C02541,Customer 02541,customer02541@example.com,Canada,Toronto,2024-05-13,Regular
C02542,Customer 02542,customer02542@example.com,Australia,Melbourne,2025-11-23,New
C02543,Customer 02543,customer02543@example.com,Germany,Munich,2024-12-20,Regular
C02544,Customer 02544,customer02544@example.com,USA,New York,2025-08-06,New
C02545,Customer 02545,customer02545@example.com,India,Pune,2025-05-12,Regular
C02546,Customer 02546,customer02546@example.com,UK,Manchester,2025-09-16,Regular
C02547,Customer 02547,customer02547@example.com,India,Chennai,2024-04-16,Regular
C02548,Customer 02548,customer02548@example.com,UK,London,2024-10-16,Regular
C02549,Customer 02549,customer02549@example.com,UK,London,2025-09-20,Regular
C02550,Customer 02550,customer02550@example.com,India,Delhi,2025-09-23,Regular
C02551,Customer 02551,customer02551@example.com,India,Mumbai,2024-05-26,Regular
C02552,Customer 02552,customer02552@example.com,India,Pune,2024-11-22,Premium
C02553,Customer 02553,customer02553@example.com,Germany,Berlin,2025-02-18,New
C02554,Customer 02554,customer02554@example.com,UAE,Sharjah,2024-07-28,New
C02555,Customer 02555,customer02555@example.com,India,Hyderabad,2024-10-22,Regular
C02556,Customer 02556,customer02556@example.com,Singapore,Singapore,2025-02-01,New
C02557,Customer 02557,customer02557@example.com,USA,Seattle,2024-04-12,Regular
C02558,Customer 02558,customer02558@example.com,India,Hyderabad,2025-09-27,VIP
C02559,Customer 02559,customer02559@example.com,India,Mumbai,2025-05-22,Regular
C02560,Customer 02560,customer02560@example.com,UK,Leeds,2024-07-27,Regular
C02561,Customer 02561,customer02561@example.com,Germany,Berlin,2025-03-03,Regular
C02562,Customer 02562,customer02562@example.com,Canada,Toronto,2025-01-27,New
C02563,Customer 02563,customer02563@example.com,India,Pune,2024-04-18,Regular
C02564,Customer 02564,customer02564@example.com,India,Pune,2024-12-13,Regular
C02565,Customer 02565,customer02565@example.com,UK,Leeds,2024-02-19,VIP
C02566,Customer 02566,customer02566@example.com,India,Mumbai,2024-04-14,Regular
C02567,Customer 02567,customer02567@example.com,India,Delhi,2025-02-23,Regular
C02568,Customer 02568,customer02568@example.com,India,Delhi,2025-01-07,Premium
C02569,Customer 02569,customer02569@example.com,Germany,Munich,2024-01-27,Premium
C02570,Customer 02570,customer02570@example.com,UAE,Abu Dhabi,2024-09-29,VIP
C02571,Customer 02571,customer02571@example.com,UK,London,2025-10-10,Regular
C02572,Customer 02572,customer02572@example.com,UAE,Sharjah,2024-12-05,Regular
C02573,Customer 02573,customer02573@example.com,India,Pune,2024-10-27,Premium
C02574,Customer 02574,customer02574@example.com,UK,Manchester,2025-04-24,Regular
C02575,Customer 02575,customer02575@example.com,India,Pune,2025-06-27,New
C02576,Customer 02576,customer02576@example.com,USA,Austin,2025-07-10,Regular
C02577,Customer 02577,customer02577@example.com,Singapore,Singapore,2024-09-21,Regular
C02578,Customer 02578,customer02578@example.com,USA,Chicago,2025-06-25,Premium
C02579,Customer 02579,customer02579@example.com,UK,Leeds,2025-08-18,VIP
C02580,Customer 02580,customer02580@example.com,USA,San Francisco,2024-06-14,Premium
C02581,Customer 02581,customer02581@example.com,India,Bengaluru,2024-11-11,New
C02582,Customer 02582,customer02582@example.com,France,Marseille,2024-01-01,Regular
C02583,Customer 02583,customer02583@example.com,UK,Manchester,2024-09-17,Premium
C02584,Customer 02584,customer02584@example.com,UK,London,2024-03-03,VIP
C02585,Customer 02585,customer02585@example.com,USA,New York,2025-04-27,Regular
C02586,Customer 02586,customer02586@example.com,USA,Austin,2025-11-06,New
C02587,Customer 02587,customer02587@example.com,India,Delhi,2024-11-16,Premium
C02588,Customer 02588,customer02588@example.com,Canada,Montreal,2024-07-19,Regular
C02589,Customer 02589,customer02589@example.com,India,Pune,2024-08-09,Regular
C02590,Customer 02590,customer02590@example.com,Canada,Montreal,2024-05-31,Regular
C02591,Customer 02591,customer02591@example.com,Germany,Munich,2025-10-05,Regular
C02592,Customer 02592,customer02592@example.com,Germany,Hamburg,2025-09-17,Premium
C02593,Customer 02593,customer02593@example.com,USA,Seattle,2025-04-06,Regular
C02594,Customer 02594,customer02594@example.com,USA,Chicago,2024-08-04,Regular
C02595,Customer 02595,customer02595@example.com,India,Bengaluru,2024-07-14,New
C02596,Customer 02596,customer02596@example.com,Australia,Melbourne,2024-07-20,Regular
C02597,Customer 02597,customer02597@example.com,India,Mumbai,2025-10-08,Regular
C02598,Customer 02598,customer02598@example.com,UK,Manchester,2024-08-21,Premium
C02599,Customer 02599,customer02599@example.com,India,Mumbai,2024-05-20,Regular
C02600,Customer 02600,customer02600@example.com,India,Bengaluru,2025-12-08,Regular
C02601,Customer 02601,customer02601@example.com,USA,New York,2025-05-12,Regular
C02602,Customer 02602,customer02602@example.com,India,Hyderabad,2025-07-08,Regular
C02603,Customer 02603,customer02603@example.com,Australia,Brisbane,2024-02-26,Regular
C02604,Customer 02604,customer02604@example.com,India,Delhi,2025-05-18,Regular
C02605,Customer 02605,customer02605@example.com,India,Chennai,2024-05-21,Regular
C02606,Customer 02606,customer02606@example.com,USA,New York,2025-12-22,Regular
C02607,Customer 02607,customer02607@example.com,India,Bengaluru,2025-08-06,New
C02608,Customer 02608,customer02608@example.com,India,Bengaluru,2025-06-22,Premium
C02609,Customer 02609,customer02609@example.com,Canada,Toronto,2025-10-01,Premium
C02610,Customer 02610,customer02610@example.com,India,Hyderabad,2024-04-15,Regular
C02611,Customer 02611,customer02611@example.com,Germany,Hamburg,2024-06-13,Regular
C02612,Customer 02612,customer02612@example.com,India,Hyderabad,2024-08-02,Premium
C02613,Customer 02613,customer02613@example.com,India,Delhi,2024-03-11,Regular
C02614,Customer 02614,customer02614@example.com,Australia,Brisbane,2025-12-16,Premium
C02615,Customer 02615,customer02615@example.com,India,Pune,2025-10-26,New
C02616,Customer 02616,customer02616@example.com,India,Pune,2025-08-01,Regular
C02617,Customer 02617,customer02617@example.com,UK,London,2024-03-30,Premium
C02618,Customer 02618,customer02618@example.com,India,Bengaluru,2024-08-15,Regular
C02619,Customer 02619,customer02619@example.com,Germany,Hamburg,2024-03-19,Regular
C02620,Customer 02620,customer02620@example.com,India,Hyderabad,2025-08-30,Premium
C02621,Customer 02621,customer02621@example.com,Germany,Munich,2024-12-14,Regular
C02622,Customer 02622,customer02622@example.com,France,Lyon,2024-09-02,Regular
C02623,Customer 02623,customer02623@example.com,UK,Manchester,2024-09-28,Regular
C02624,Customer 02624,customer02624@example.com,UAE,Sharjah,2025-02-06,Regular
C02625,Customer 02625,customer02625@example.com,UK,Manchester,2025-10-30,Premium
C02626,Customer 02626,customer02626@example.com,Singapore,Singapore,2024-04-25,VIP
C02627,Customer 02627,customer02627@example.com,India,Bengaluru,2025-03-10,Premium
C02628,Customer 02628,customer02628@example.com,Canada,Montreal,2025-06-13,Regular
C02629,Customer 02629,customer02629@example.com,UK,Birmingham,2025-03-17,New
C02630,Customer 02630,customer02630@example.com,UK,Manchester,2024-06-20,Premium
C02631,Customer 02631,customer02631@example.com,USA,San Francisco,2024-01-16,Premium
C02632,Customer 02632,customer02632@example.com,Canada,Vancouver,2024-02-25,Premium
C02633,Customer 02633,customer02633@example.com,India,Chennai,2025-08-13,Regular
C02634,Customer 02634,customer02634@example.com,India,Chennai,2024-04-12,Premium
C02635,Customer 02635,customer02635@example.com,Canada,Montreal,2024-10-10,New
C02636,Customer 02636,customer02636@example.com,Canada,Vancouver,2025-12-05,Regular
C02637,Customer 02637,customer02637@example.com,Singapore,Singapore,2025-05-31,Regular
C02638,Customer 02638,customer02638@example.com,Australia,Melbourne,2025-09-09,Regular
C02639,Customer 02639,customer02639@example.com,Singapore,Singapore,2024-10-04,Regular
C02640,Customer 02640,customer02640@example.com,Canada,Montreal,2025-09-03,Regular
C02641,Customer 02641,customer02641@example.com,India,Chennai,2024-09-25,Regular
C02642,Customer 02642,customer02642@example.com,India,Bengaluru,2025-02-03,New
C02643,Customer 02643,customer02643@example.com,Germany,Munich,2025-05-17,New
C02644,Customer 02644,customer02644@example.com,USA,Austin,2024-03-26,Premium
C02645,Customer 02645,customer02645@example.com,India,Mumbai,2024-11-15,Regular
C02646,Customer 02646,customer02646@example.com,UK,London,2024-02-01,New
C02647,Customer 02647,customer02647@example.com,Singapore,Singapore,2024-12-01,Regular
C02648,Customer 02648,customer02648@example.com,UK,Leeds,2024-02-20,Regular
C02649,Customer 02649,customer02649@example.com,UK,Leeds,2024-03-19,Premium
C02650,Customer 02650,customer02650@example.com,UK,London,2025-11-28,Premium
C02651,Customer 02651,customer02651@example.com,India,Mumbai,2024-06-22,Premium
C02652,Customer 02652,customer02652@example.com,UK,Leeds,2025-09-09,Regular
C02653,Customer 02653,customer02653@example.com,UK,Birmingham,2025-05-15,Regular
C02654,Customer 02654,customer02654@example.com,India,Pune,2025-07-28,Regular
C02655,Customer 02655,customer02655@example.com,Australia,Melbourne,2024-03-16,Regular
C02656,Customer 02656,customer02656@example.com,UK,Leeds,2024-11-11,New
C02657,Customer 02657,customer02657@example.com,Germany,Berlin,2025-01-07,Regular
C02658,Customer 02658,customer02658@example.com,France,Lyon,2024-03-21,New
C02659,Customer 02659,customer02659@example.com,India,Delhi,2025-10-01,VIP
C02660,Customer 02660,customer02660@example.com,Canada,Toronto,2025-11-25,Premium
C02661,Customer 02661,customer02661@example.com,UK,Leeds,2025-11-27,New
C02662,Customer 02662,customer02662@example.com,France,Paris,2024-03-11,Regular
C02663,Customer 02663,customer02663@example.com,India,Bengaluru,2025-10-27,VIP
C02664,Customer 02664,customer02664@example.com,Canada,Vancouver,2025-10-13,Regular
C02665,Customer 02665,customer02665@example.com,USA,Chicago,2024-03-11,Premium
C02666,Customer 02666,customer02666@example.com,India,Delhi,2024-02-15,Regular
C02667,Customer 02667,customer02667@example.com,India,Hyderabad,2024-02-16,Premium
C02668,Customer 02668,customer02668@example.com,Canada,Montreal,2025-08-13,Regular
C02669,Customer 02669,customer02669@example.com,Australia,Melbourne,2025-02-25,New
C02670,Customer 02670,customer02670@example.com,India,Delhi,2024-05-28,Regular
C02671,Customer 02671,customer02671@example.com,USA,San Francisco,2024-05-09,Regular
C02672,Customer 02672,customer02672@example.com,UK,Manchester,2025-03-31,Premium
C02673,Customer 02673,customer02673@example.com,Canada,Vancouver,2025-09-30,New
C02674,Customer 02674,customer02674@example.com,India,Bengaluru,2025-09-22,Regular
C02675,Customer 02675,customer02675@example.com,France,Lyon,2025-05-19,Regular
C02676,Customer 02676,customer02676@example.com,India,Bengaluru,2024-08-31,Premium
C02677,Customer 02677,customer02677@example.com,UK,Birmingham,2025-04-18,Premium
C02678,Customer 02678,customer02678@example.com,India,Pune,2025-01-16,Regular
C02679,Customer 02679,customer02679@example.com,India,Hyderabad,2024-04-12,New
C02680,Customer 02680,customer02680@example.com,USA,Seattle,2025-05-03,New
C02681,Customer 02681,customer02681@example.com,India,Mumbai,2024-02-06,Regular
C02682,Customer 02682,customer02682@example.com,Germany,Berlin,2025-10-15,Regular
C02683,Customer 02683,customer02683@example.com,India,Chennai,2025-07-02,Regular
C02684,Customer 02684,customer02684@example.com,UK,Manchester,2025-06-03,VIP
C02685,Customer 02685,customer02685@example.com,India,Hyderabad,2024-11-28,Regular
C02686,Customer 02686,customer02686@example.com,India,Mumbai,2025-01-31,Premium
C02687,Customer 02687,customer02687@example.com,India,Delhi,2024-10-22,New
C02688,Customer 02688,customer02688@example.com,UK,London,2024-04-16,New
C02689,Customer 02689,customer02689@example.com,UK,London,2025-06-13,Regular
C02690,Customer 02690,customer02690@example.com,UK,Manchester,2024-03-23,Regular
C02691,Customer 02691,customer02691@example.com,USA,San Francisco,2024-10-14,Regular
C02692,Customer 02692,customer02692@example.com,USA,San Francisco,2025-12-06,Premium
C02693,Customer 02693,customer02693@example.com,India,Bengaluru,2025-04-05,Regular
C02694,Customer 02694,customer02694@example.com,UK,Leeds,2024-08-02,Regular
C02695,Customer 02695,customer02695@example.com,Singapore,Singapore,2024-10-07,Premium
C02696,Customer 02696,customer02696@example.com,USA,Austin,2025-04-03,Regular
C02697,Customer 02697,customer02697@example.com,Canada,Vancouver,2024-12-09,Regular
C02698,Customer 02698,customer02698@example.com,India,Hyderabad,2024-07-12,New
C02699,Customer 02699,customer02699@example.com,Australia,Sydney,2024-06-06,Premium
C02700,Customer 02700,customer02700@example.com,Australia,Sydney,2025-04-09,Premium
C02701,Customer 02701,customer02701@example.com,USA,New York,2024-04-13,New
C02702,Customer 02702,customer02702@example.com,Singapore,Singapore,2024-02-03,Regular
C02703,Customer 02703,customer02703@example.com,India,Bengaluru,2024-04-11,Premium
C02704,Customer 02704,customer02704@example.com,India,Pune,2025-09-30,Premium
C02705,Customer 02705,customer02705@example.com,Australia,Brisbane,2025-12-26,Regular
C02706,Customer 02706,customer02706@example.com,Germany,Hamburg,2024-11-20,Premium
C02707,Customer 02707,customer02707@example.com,India,Bengaluru,2025-11-21,Regular
C02708,Customer 02708,customer02708@example.com,India,Delhi,2025-08-14,New
C02709,Customer 02709,customer02709@example.com,India,Bengaluru,2024-05-20,New
C02710,Customer 02710,customer02710@example.com,India,Chennai,2025-04-18,Regular
C02711,Customer 02711,customer02711@example.com,Australia,Melbourne,2024-01-31,Regular
C02712,Customer 02712,customer02712@example.com,USA,Austin,2024-03-03,Premium
C02713,Customer 02713,customer02713@example.com,India,Delhi,2025-07-13,New
C02714,Customer 02714,customer02714@example.com,UK,Leeds,2024-03-27,Regular
C02715,Customer 02715,customer02715@example.com,India,Chennai,2024-10-30,New
C02716,Customer 02716,customer02716@example.com,India,Pune,2024-03-01,Premium
C02717,Customer 02717,customer02717@example.com,USA,Austin,2025-01-30,Premium
C02718,Customer 02718,customer02718@example.com,Singapore,Singapore,2024-11-29,Regular
C02719,Customer 02719,customer02719@example.com,Germany,Munich,2025-02-14,Regular
C02720,Customer 02720,customer02720@example.com,India,Mumbai,2024-10-10,New
C02721,Customer 02721,customer02721@example.com,France,Marseille,2025-04-10,Regular
C02722,Customer 02722,customer02722@example.com,Germany,Munich,2024-03-20,New
C02723,Customer 02723,customer02723@example.com,Germany,Munich,2025-11-22,Regular
C02724,Customer 02724,customer02724@example.com,UK,London,2024-03-17,Premium
C02725,Customer 02725,customer02725@example.com,UK,Leeds,2025-06-23,Regular
C02726,Customer 02726,customer02726@example.com,India,Mumbai,2024-12-26,Regular
C02727,Customer 02727,customer02727@example.com,India,Bengaluru,2024-03-17,Regular
C02728,Customer 02728,customer02728@example.com,India,Mumbai,2025-05-23,Regular
C02729,Customer 02729,customer02729@example.com,India,Mumbai,2024-06-12,Regular
C02730,Customer 02730,customer02730@example.com,UK,Leeds,2024-01-09,New
C02731,Customer 02731,customer02731@example.com,Australia,Sydney,2024-06-23,Premium
C02732,Customer 02732,customer02732@example.com,UK,Manchester,2025-04-06,Regular
C02733,Customer 02733,customer02733@example.com,India,Pune,2024-11-02,New
C02734,Customer 02734,customer02734@example.com,Singapore,Singapore,2025-08-10,New
C02735,Customer 02735,customer02735@example.com,UAE,Dubai,2024-09-01,VIP
C02736,Customer 02736,customer02736@example.com,Germany,Munich,2024-05-01,Regular
C02737,Customer 02737,customer02737@example.com,Netherlands,Rotterdam,2024-07-03,Premium
C02738,Customer 02738,customer02738@example.com,USA,Austin,2024-02-01,Regular
C02739,Customer 02739,customer02739@example.com,Singapore,Singapore,2025-07-22,Regular
C02740,Customer 02740,customer02740@example.com,India,Bengaluru,2024-11-05,Regular
C02741,Customer 02741,customer02741@example.com,UK,Birmingham,2025-01-06,New
C02742,Customer 02742,customer02742@example.com,India,Bengaluru,2025-10-17,Regular
C02743,Customer 02743,customer02743@example.com,India,Delhi,2025-08-18,Regular
C02744,Customer 02744,customer02744@example.com,India,Chennai,2024-02-25,Premium
C02745,Customer 02745,customer02745@example.com,USA,Chicago,2024-09-29,Regular
C02746,Customer 02746,customer02746@example.com,Germany,Munich,2025-04-08,Regular
C02747,Customer 02747,customer02747@example.com,USA,San Francisco,2025-11-08,Regular
C02748,Customer 02748,customer02748@example.com,India,Pune,2025-03-31,Regular
C02749,Customer 02749,customer02749@example.com,Germany,Hamburg,2025-10-31,New
C02750,Customer 02750,customer02750@example.com,USA,Austin,2024-09-05,Regular
C02751,Customer 02751,customer02751@example.com,UK,Birmingham,2025-11-28,Regular
C02752,Customer 02752,customer02752@example.com,Canada,Vancouver,2024-03-18,Regular
C02753,Customer 02753,customer02753@example.com,India,Pune,2025-06-17,Regular
C02754,Customer 02754,customer02754@example.com,India,Pune,2024-04-17,Regular
C02755,Customer 02755,customer02755@example.com,UAE,Sharjah,2024-09-29,Regular
C02756,Customer 02756,customer02756@example.com,India,Delhi,2024-01-15,VIP
C02757,Customer 02757,customer02757@example.com,UK,Leeds,2025-01-04,Premium
C02758,Customer 02758,customer02758@example.com,France,Paris,2024-10-30,Regular
C02759,Customer 02759,customer02759@example.com,Canada,Montreal,2025-11-02,Premium
C02760,Customer 02760,customer02760@example.com,India,Mumbai,2024-07-23,Premium
C02761,Customer 02761,customer02761@example.com,India,Bengaluru,2024-04-22,Regular
C02762,Customer 02762,customer02762@example.com,India,Bengaluru,2025-11-10,Regular
C02763,Customer 02763,customer02763@example.com,USA,San Francisco,2024-09-09,New
C02764,Customer 02764,customer02764@example.com,UK,Leeds,2025-03-16,Premium
C02765,Customer 02765,customer02765@example.com,India,Bengaluru,2024-07-04,Regular
C02766,Customer 02766,customer02766@example.com,Singapore,Singapore,2024-08-14,New
C02767,Customer 02767,customer02767@example.com,USA,San Francisco,2025-06-11,Regular
C02768,Customer 02768,customer02768@example.com,India,Hyderabad,2025-10-29,Premium
C02769,Customer 02769,customer02769@example.com,UK,London,2024-12-19,Regular
C02770,Customer 02770,customer02770@example.com,Canada,Montreal,2025-09-14,Premium
C02771,Customer 02771,customer02771@example.com,India,Hyderabad,2024-01-01,Premium
C02772,Customer 02772,customer02772@example.com,India,Hyderabad,2025-07-06,Regular
C02773,Customer 02773,customer02773@example.com,Germany,Munich,2025-07-13,Regular
C02774,Customer 02774,customer02774@example.com,UK,Manchester,2025-02-23,Regular
C02775,Customer 02775,customer02775@example.com,USA,Chicago,2025-09-11,Premium
C02776,Customer 02776,customer02776@example.com,UK,London,2024-06-09,Premium
C02777,Customer 02777,customer02777@example.com,India,Pune,2024-06-09,Premium
C02778,Customer 02778,customer02778@example.com,India,Bengaluru,2024-05-07,Regular
C02779,Customer 02779,customer02779@example.com,UK,London,2025-12-22,Regular
C02780,Customer 02780,customer02780@example.com,India,Bengaluru,2024-05-30,New
C02781,Customer 02781,customer02781@example.com,India,Chennai,2025-03-19,Regular
C02782,Customer 02782,customer02782@example.com,Germany,Munich,2025-04-15,Premium
C02783,Customer 02783,customer02783@example.com,Netherlands,Rotterdam,2025-04-07,Regular
C02784,Customer 02784,customer02784@example.com,Germany,Berlin,2025-12-30,New
C02785,Customer 02785,customer02785@example.com,France,Marseille,2024-01-30,New
C02786,Customer 02786,customer02786@example.com,India,Pune,2025-04-17,Regular
C02787,Customer 02787,customer02787@example.com,Singapore,Singapore,2025-07-10,New
C02788,Customer 02788,customer02788@example.com,India,Pune,2024-03-20,Regular
C02789,Customer 02789,customer02789@example.com,Singapore,Singapore,2024-02-08,Premium
C02790,Customer 02790,customer02790@example.com,Netherlands,Amsterdam,2024-08-27,Regular
C02791,Customer 02791,customer02791@example.com,Canada,Toronto,2025-07-10,Regular
C02792,Customer 02792,customer02792@example.com,Netherlands,Rotterdam,2025-08-12,Regular
C02793,Customer 02793,customer02793@example.com,USA,New York,2024-12-02,Regular
C02794,Customer 02794,customer02794@example.com,India,Hyderabad,2024-10-06,New
C02795,Customer 02795,customer02795@example.com,UK,Birmingham,2024-04-25,Premium
C02796,Customer 02796,customer02796@example.com,USA,San Francisco,2024-09-25,Regular
C02797,Customer 02797,customer02797@example.com,India,Mumbai,2024-11-30,Regular
C02798,Customer 02798,customer02798@example.com,USA,New York,2024-11-07,New
C02799,Customer 02799,customer02799@example.com,Netherlands,Rotterdam,2024-02-22,New
C02800,Customer 02800,customer02800@example.com,India,Bengaluru,2024-03-08,Premium
C02801,Customer 02801,customer02801@example.com,Germany,Berlin,2025-11-24,Regular
C02802,Customer 02802,customer02802@example.com,UAE,Dubai,2024-02-03,Regular
C02803,Customer 02803,customer02803@example.com,UAE,Sharjah,2025-01-20,Regular
C02804,Customer 02804,customer02804@example.com,Singapore,Singapore,2024-09-05,Premium
C02805,Customer 02805,customer02805@example.com,USA,Chicago,2024-04-20,Premium
C02806,Customer 02806,customer02806@example.com,Singapore,Singapore,2024-04-03,Regular
C02807,Customer 02807,customer02807@example.com,Australia,Brisbane,2025-02-13,Regular
C02808,Customer 02808,customer02808@example.com,India,Chennai,2024-06-27,Premium
C02809,Customer 02809,customer02809@example.com,UK,Birmingham,2024-02-16,Premium
C02810,Customer 02810,customer02810@example.com,Canada,Vancouver,2025-08-26,Regular
C02811,Customer 02811,customer02811@example.com,India,Mumbai,2025-01-10,New
C02812,Customer 02812,customer02812@example.com,USA,Seattle,2025-12-24,Premium
C02813,Customer 02813,customer02813@example.com,Canada,Toronto,2025-08-09,New
C02814,Customer 02814,customer02814@example.com,India,Mumbai,2024-07-20,New
C02815,Customer 02815,customer02815@example.com,USA,Seattle,2025-03-20,Premium
C02816,Customer 02816,customer02816@example.com,Australia,Melbourne,2024-10-23,Regular
C02817,Customer 02817,customer02817@example.com,UK,Manchester,2024-11-03,Premium
C02818,Customer 02818,customer02818@example.com,India,Pune,2025-12-23,Regular
C02819,Customer 02819,customer02819@example.com,India,Bengaluru,2025-05-07,Premium
C02820,Customer 02820,customer02820@example.com,UK,Birmingham,2024-12-03,Regular
C02821,Customer 02821,customer02821@example.com,UAE,Sharjah,2025-10-07,Premium
C02822,Customer 02822,customer02822@example.com,India,Hyderabad,2024-03-06,Regular
C02823,Customer 02823,customer02823@example.com,USA,New York,2025-02-25,New
C02824,Customer 02824,customer02824@example.com,India,Hyderabad,2025-06-23,Regular
C02825,Customer 02825,customer02825@example.com,India,Delhi,2025-09-20,Premium
C02826,Customer 02826,customer02826@example.com,Germany,Munich,2025-05-07,New
C02827,Customer 02827,customer02827@example.com,Australia,Melbourne,2024-11-12,Regular
C02828,Customer 02828,customer02828@example.com,India,Chennai,2025-09-17,New
C02829,Customer 02829,customer02829@example.com,UK,Leeds,2024-03-15,New
C02830,Customer 02830,customer02830@example.com,India,Hyderabad,2025-12-14,Regular
C02831,Customer 02831,customer02831@example.com,UK,London,2024-02-28,VIP
C02832,Customer 02832,customer02832@example.com,Canada,Montreal,2025-01-20,Regular
C02833,Customer 02833,customer02833@example.com,India,Bengaluru,2024-01-15,Regular
C02834,Customer 02834,customer02834@example.com,India,Hyderabad,2024-08-18,VIP
C02835,Customer 02835,customer02835@example.com,UK,Leeds,2025-09-08,Regular
C02836,Customer 02836,customer02836@example.com,UAE,Abu Dhabi,2025-11-07,Regular
C02837,Customer 02837,customer02837@example.com,Netherlands,Rotterdam,2024-07-17,New
C02838,Customer 02838,customer02838@example.com,India,Chennai,2024-12-19,Regular
C02839,Customer 02839,customer02839@example.com,Australia,Sydney,2024-02-04,Regular
C02840,Customer 02840,customer02840@example.com,UK,London,2024-06-10,Regular
C02841,Customer 02841,customer02841@example.com,UK,Manchester,2025-04-15,Premium
C02842,Customer 02842,customer02842@example.com,Australia,Sydney,2025-06-14,Regular
C02843,Customer 02843,customer02843@example.com,UAE,Sharjah,2025-02-26,New
C02844,Customer 02844,customer02844@example.com,Singapore,Singapore,2024-12-13,Premium
C02845,Customer 02845,customer02845@example.com,USA,Austin,2025-11-24,Regular
C02846,Customer 02846,customer02846@example.com,UK,London,2024-05-26,Premium
C02847,Customer 02847,customer02847@example.com,Germany,Berlin,2025-01-08,Regular
C02848,Customer 02848,customer02848@example.com,India,Pune,2025-11-18,New
C02849,Customer 02849,customer02849@example.com,USA,Austin,2025-11-05,Regular
C02850,Customer 02850,customer02850@example.com,UK,London,2025-02-19,Regular
C02851,Customer 02851,customer02851@example.com,Canada,Toronto,2025-11-17,New
C02852,Customer 02852,customer02852@example.com,India,Mumbai,2025-05-08,Regular
C02853,Customer 02853,customer02853@example.com,India,Hyderabad,2025-07-12,Regular
C02854,Customer 02854,customer02854@example.com,UAE,Dubai,2024-09-12,Regular
C02855,Customer 02855,customer02855@example.com,India,Chennai,2025-11-16,Regular
C02856,Customer 02856,customer02856@example.com,UK,Manchester,2024-04-12,Regular
C02857,Customer 02857,customer02857@example.com,India,Pune,2024-04-30,Regular
C02858,Customer 02858,customer02858@example.com,India,Delhi,2025-02-22,Regular
C02859,Customer 02859,customer02859@example.com,India,Hyderabad,2024-12-15,New
C02860,Customer 02860,customer02860@example.com,India,Mumbai,2025-10-18,New
C02861,Customer 02861,customer02861@example.com,France,Paris,2024-02-11,Regular
C02862,Customer 02862,customer02862@example.com,India,Chennai,2025-01-01,Regular
C02863,Customer 02863,customer02863@example.com,Singapore,Singapore,2024-01-29,Regular
C02864,Customer 02864,customer02864@example.com,USA,San Francisco,2024-01-14,VIP
C02865,Customer 02865,customer02865@example.com,UK,Leeds,2025-04-29,Regular
C02866,Customer 02866,customer02866@example.com,USA,San Francisco,2024-07-07,Regular
C02867,Customer 02867,customer02867@example.com,USA,Austin,2024-10-21,Premium
C02868,Customer 02868,customer02868@example.com,Australia,Melbourne,2024-07-01,Premium
C02869,Customer 02869,customer02869@example.com,India,Pune,2025-07-01,Premium
C02870,Customer 02870,customer02870@example.com,UK,Manchester,2024-02-06,New
C02871,Customer 02871,customer02871@example.com,France,Marseille,2024-01-14,Regular
C02872,Customer 02872,customer02872@example.com,UAE,Sharjah,2025-09-26,Premium
C02873,Customer 02873,customer02873@example.com,France,Paris,2025-08-17,Premium
C02874,Customer 02874,customer02874@example.com,UK,Birmingham,2024-06-07,Regular
C02875,Customer 02875,customer02875@example.com,Germany,Berlin,2025-05-08,New
C02876,Customer 02876,customer02876@example.com,UK,London,2024-11-24,VIP
C02877,Customer 02877,customer02877@example.com,UK,Leeds,2025-09-05,Regular
C02878,Customer 02878,customer02878@example.com,India,Bengaluru,2024-03-23,Regular
C02879,Customer 02879,customer02879@example.com,USA,New York,2025-07-09,Regular
C02880,Customer 02880,customer02880@example.com,India,Mumbai,2025-08-02,Regular
C02881,Customer 02881,customer02881@example.com,India,Chennai,2025-07-13,Regular
C02882,Customer 02882,customer02882@example.com,France,Marseille,2025-07-22,Regular
C02883,Customer 02883,customer02883@example.com,India,Chennai,2025-08-09,VIP
C02884,Customer 02884,customer02884@example.com,India,Delhi,2024-01-22,Regular
C02885,Customer 02885,customer02885@example.com,India,Mumbai,2024-05-11,Regular
C02886,Customer 02886,customer02886@example.com,UAE,Dubai,2025-04-09,Premium
C02887,Customer 02887,customer02887@example.com,UK,Birmingham,2025-03-31,Regular
C02888,Customer 02888,customer02888@example.com,UK,Leeds,2024-10-28,Regular
C02889,Customer 02889,customer02889@example.com,Germany,Munich,2024-09-23,Regular
C02890,Customer 02890,customer02890@example.com,Germany,Berlin,2025-01-29,New
C02891,Customer 02891,customer02891@example.com,India,Mumbai,2024-04-29,New
C02892,Customer 02892,customer02892@example.com,Canada,Montreal,2024-09-02,Regular
C02893,Customer 02893,customer02893@example.com,Australia,Melbourne,2025-07-21,Premium
C02894,Customer 02894,customer02894@example.com,Canada,Vancouver,2024-02-07,Premium
C02895,Customer 02895,customer02895@example.com,India,Bengaluru,2024-09-01,New
C02896,Customer 02896,customer02896@example.com,France,Marseille,2024-01-21,Regular
C02897,Customer 02897,customer02897@example.com,USA,San Francisco,2024-04-19,New
C02898,Customer 02898,customer02898@example.com,India,Pune,2025-08-28,Regular
C02899,Customer 02899,customer02899@example.com,UK,Leeds,2025-01-28,New
C02900,Customer 02900,customer02900@example.com,India,Hyderabad,2025-02-13,Premium
C02901,Customer 02901,customer02901@example.com,India,Chennai,2025-10-09,New
C02902,Customer 02902,customer02902@example.com,Australia,Melbourne,2024-01-08,New
C02903,Customer 02903,customer02903@example.com,India,Bengaluru,2025-03-19,Regular
C02904,Customer 02904,customer02904@example.com,UK,London,2024-11-23,New
C02905,Customer 02905,customer02905@example.com,USA,New York,2024-10-16,Premium
C02906,Customer 02906,customer02906@example.com,India,Mumbai,2025-05-25,Premium
C02907,Customer 02907,customer02907@example.com,Singapore,Singapore,2024-12-26,New
C02908,Customer 02908,customer02908@example.com,India,Delhi,2025-08-21,Regular
C02909,Customer 02909,customer02909@example.com,India,Pune,2025-12-16,VIP
C02910,Customer 02910,customer02910@example.com,India,Pune,2024-08-06,Premium
C02911,Customer 02911,customer02911@example.com,India,Bengaluru,2025-02-09,VIP
C02912,Customer 02912,customer02912@example.com,India,Pune,2025-09-12,New
C02913,Customer 02913,customer02913@example.com,Australia,Melbourne,2024-08-07,Regular
C02914,Customer 02914,customer02914@example.com,Singapore,Singapore,2025-08-17,New
C02915,Customer 02915,customer02915@example.com,India,Mumbai,2024-04-16,Regular
C02916,Customer 02916,customer02916@example.com,Canada,Toronto,2025-08-03,Premium
C02917,Customer 02917,customer02917@example.com,Australia,Sydney,2025-08-31,New
C02918,Customer 02918,customer02918@example.com,Germany,Berlin,2025-12-24,Regular
C02919,Customer 02919,customer02919@example.com,UK,Birmingham,2024-10-12,Regular
C02920,Customer 02920,customer02920@example.com,India,Delhi,2024-01-08,Premium
C02921,Customer 02921,customer02921@example.com,India,Mumbai,2024-07-07,New
C02922,Customer 02922,customer02922@example.com,Canada,Vancouver,2024-03-21,Regular
C02923,Customer 02923,customer02923@example.com,Germany,Berlin,2024-04-17,Regular
C02924,Customer 02924,customer02924@example.com,India,Bengaluru,2024-11-16,New
C02925,Customer 02925,customer02925@example.com,UK,London,2025-08-01,Regular
C02926,Customer 02926,customer02926@example.com,UAE,Dubai,2025-11-16,Regular
C02927,Customer 02927,customer02927@example.com,Germany,Munich,2024-12-11,Premium
C02928,Customer 02928,customer02928@example.com,Netherlands,Rotterdam,2024-11-23,Regular
C02929,Customer 02929,customer02929@example.com,Australia,Brisbane,2025-07-08,Regular
C02930,Customer 02930,customer02930@example.com,UK,Leeds,2025-11-29,VIP
C02931,Customer 02931,customer02931@example.com,USA,New York,2024-10-28,VIP
C02932,Customer 02932,customer02932@example.com,Canada,Toronto,2024-07-18,Regular
C02933,Customer 02933,customer02933@example.com,India,Hyderabad,2025-02-22,Regular
C02934,Customer 02934,customer02934@example.com,USA,Austin,2024-02-08,Regular
C02935,Customer 02935,customer02935@example.com,Canada,Montreal,2024-11-02,Regular
C02936,Customer 02936,customer02936@example.com,India,Hyderabad,2024-01-04,VIP
C02937,Customer 02937,customer02937@example.com,Germany,Hamburg,2025-09-24,Regular
C02938,Customer 02938,customer02938@example.com,USA,San Francisco,2024-03-17,Regular
C02939,Customer 02939,customer02939@example.com,Singapore,Singapore,2025-04-12,New
C02940,Customer 02940,customer02940@example.com,India,Delhi,2024-06-27,New
C02941,Customer 02941,customer02941@example.com,India,Hyderabad,2025-10-06,New
C02942,Customer 02942,customer02942@example.com,USA,Austin,2024-10-02,Regular
C02943,Customer 02943,customer02943@example.com,India,Delhi,2024-05-31,Regular
C02944,Customer 02944,customer02944@example.com,Canada,Vancouver,2024-06-12,New
C02945,Customer 02945,customer02945@example.com,Australia,Sydney,2024-10-16,Regular
C02946,Customer 02946,customer02946@example.com,India,Pune,2025-01-12,New
C02947,Customer 02947,customer02947@example.com,USA,San Francisco,2025-09-12,New
C02948,Customer 02948,customer02948@example.com,UK,Manchester,2025-09-29,Regular
C02949,Customer 02949,customer02949@example.com,UK,Manchester,2024-11-05,Premium
C02950,Customer 02950,customer02950@example.com,UAE,Sharjah,2025-01-23,Regular
C02951,Customer 02951,customer02951@example.com,Germany,Munich,2025-10-19,Regular
C02952,Customer 02952,customer02952@example.com,Canada,Toronto,2024-07-01,Regular
C02953,Customer 02953,customer02953@example.com,Canada,Toronto,2024-11-01,Regular
C02954,Customer 02954,customer02954@example.com,UK,Birmingham,2024-03-12,Regular
C02955,Customer 02955,customer02955@example.com,UAE,Abu Dhabi,2024-08-06,New
C02956,Customer 02956,customer02956@example.com,Canada,Vancouver,2025-12-19,Regular
C02957,Customer 02957,customer02957@example.com,Australia,Melbourne,2024-06-21,Regular
C02958,Customer 02958,customer02958@example.com,France,Paris,2025-10-14,Regular
C02959,Customer 02959,customer02959@example.com,India,Hyderabad,2024-09-28,Regular
C02960,Customer 02960,customer02960@example.com,Germany,Berlin,2025-12-26,Premium
C02961,Customer 02961,customer02961@example.com,India,Delhi,2025-04-12,Regular
C02962,Customer 02962,customer02962@example.com,India,Mumbai,2024-09-25,New
C02963,Customer 02963,customer02963@example.com,India,Delhi,2024-01-20,Regular
C02964,Customer 02964,customer02964@example.com,Singapore,Singapore,2025-07-31,Regular
C02965,Customer 02965,customer02965@example.com,France,Lyon,2025-05-17,New
C02966,Customer 02966,customer02966@example.com,Canada,Toronto,2024-05-26,Regular
C02967,Customer 02967,customer02967@example.com,Australia,Melbourne,2025-03-04,Premium
C02968,Customer 02968,customer02968@example.com,USA,Austin,2024-06-13,Regular
C02969,Customer 02969,customer02969@example.com,UAE,Dubai,2024-11-05,Regular
C02970,Customer 02970,customer02970@example.com,UK,Leeds,2025-06-01,Regular
C02971,Customer 02971,customer02971@example.com,UK,Manchester,2024-01-14,Regular
C02972,Customer 02972,customer02972@example.com,India,Delhi,2024-05-11,New
C02973,Customer 02973,customer02973@example.com,Germany,Berlin,2025-03-14,VIP
C02974,Customer 02974,customer02974@example.com,Australia,Sydney,2025-11-04,Regular
C02975,Customer 02975,customer02975@example.com,UK,Birmingham,2024-09-19,Premium
C02976,Customer 02976,customer02976@example.com,India,Hyderabad,2025-10-04,New
C02977,Customer 02977,customer02977@example.com,Germany,Munich,2024-08-12,Premium
C02978,Customer 02978,customer02978@example.com,India,Mumbai,2024-09-14,Premium
C02979,Customer 02979,customer02979@example.com,Canada,Montreal,2024-08-21,Regular
C02980,Customer 02980,customer02980@example.com,Singapore,Singapore,2024-12-01,Premium
C02981,Customer 02981,customer02981@example.com,UK,Birmingham,2025-02-12,New
C02982,Customer 02982,customer02982@example.com,India,Delhi,2024-01-24,Regular
C02983,Customer 02983,customer02983@example.com,Canada,Vancouver,2024-09-27,Regular
C02984,Customer 02984,customer02984@example.com,Germany,Munich,2024-04-04,Regular
C02985,Customer 02985,customer02985@example.com,USA,San Francisco,2024-05-21,Premium
C02986,Customer 02986,customer02986@example.com,Singapore,Singapore,2025-11-24,New
C02987,Customer 02987,customer02987@example.com,India,Mumbai,2025-12-18,New
C02988,Customer 02988,customer02988@example.com,UK,Birmingham,2024-03-21,Regular
C02989,Customer 02989,customer02989@example.com,Canada,Montreal,2024-09-30,Premium
C02990,Customer 02990,customer02990@example.com,France,Marseille,2024-10-02,Premium
C02991,Customer 02991,customer02991@example.com,India,Bengaluru,2025-04-09,Regular
C02992,Customer 02992,customer02992@example.com,Germany,Munich,2024-07-26,Regular
C02993,Customer 02993,customer02993@example.com,USA,Austin,2024-10-22,Regular
C02994,Customer 02994,customer02994@example.com,UK,Manchester,2024-02-08,Regular
C02995,Customer 02995,customer02995@example.com,India,Delhi,2024-10-14,New
C02996,Customer 02996,customer02996@example.com,France,Lyon,2024-05-03,Regular
C02997,Customer 02997,customer02997@example.com,India,Mumbai,2024-10-09,Regular
C02998,Customer 02998,customer02998@example.com,India,Pune,2024-06-28,Regular
C02999,Customer 02999,customer02999@example.com,India,Pune,2024-04-06,New
C03000,Customer 03000,customer03000@example.com,France,Marseille,2024-07-09,Premium
C03001,Customer 03001,customer03001@example.com,Canada,Vancouver,2024-03-14,Premium
C03002,Customer 03002,customer03002@example.com,Germany,Hamburg,2025-03-22,Regular
C03003,Customer 03003,customer03003@example.com,India,Bengaluru,2025-05-11,Premium
C03004,Customer 03004,customer03004@example.com,USA,Austin,2025-07-14,Regular
C03005,Customer 03005,customer03005@example.com,USA,Seattle,2025-04-28,Regular
C03006,Customer 03006,customer03006@example.com,Germany,Munich,2025-12-22,Regular
C03007,Customer 03007,customer03007@example.com,UAE,Abu Dhabi,2024-04-25,Premium
C03008,Customer 03008,customer03008@example.com,India,Mumbai,2025-06-18,Regular
C03009,Customer 03009,customer03009@example.com,Canada,Toronto,2024-04-07,Regular
C03010,Customer 03010,customer03010@example.com,India,Chennai,2024-11-23,Regular
C03011,Customer 03011,customer03011@example.com,USA,Chicago,2025-02-10,Regular
C03012,Customer 03012,customer03012@example.com,India,Chennai,2024-11-08,Premium
C03013,Customer 03013,customer03013@example.com,India,Chennai,2025-12-02,Regular
C03014,Customer 03014,customer03014@example.com,UK,Manchester,2025-11-24,Premium
C03015,Customer 03015,customer03015@example.com,USA,San Francisco,2024-05-27,Regular
C03016,Customer 03016,customer03016@example.com,India,Hyderabad,2024-12-07,VIP
C03017,Customer 03017,customer03017@example.com,Australia,Brisbane,2025-05-09,Premium
C03018,Customer 03018,customer03018@example.com,UK,Leeds,2024-01-23,New
C03019,Customer 03019,customer03019@example.com,India,Pune,2024-04-14,Premium
C03020,Customer 03020,customer03020@example.com,Germany,Berlin,2025-11-05,Regular
C03021,Customer 03021,customer03021@example.com,India,Delhi,2025-08-01,VIP
C03022,Customer 03022,customer03022@example.com,UK,Birmingham,2025-07-11,Regular
C03023,Customer 03023,customer03023@example.com,Canada,Montreal,2025-08-15,New
C03024,Customer 03024,customer03024@example.com,India,Hyderabad,2025-10-20,Regular
C03025,Customer 03025,customer03025@example.com,India,Delhi,2024-08-09,Regular
C03026,Customer 03026,customer03026@example.com,UK,Leeds,2024-01-15,Premium
C03027,Customer 03027,customer03027@example.com,UAE,Dubai,2025-09-24,Premium
C03028,Customer 03028,customer03028@example.com,USA,Austin,2024-03-18,Regular
C03029,Customer 03029,customer03029@example.com,Canada,Toronto,2024-11-17,Regular
C03030,Customer 03030,customer03030@example.com,USA,Austin,2024-08-28,Regular
C03031,Customer 03031,customer03031@example.com,India,Pune,2024-01-18,New
C03032,Customer 03032,customer03032@example.com,UK,Manchester,2025-03-29,Regular
C03033,Customer 03033,customer03033@example.com,Australia,Brisbane,2025-03-18,Regular
C03034,Customer 03034,customer03034@example.com,India,Delhi,2024-10-03,New
C03035,Customer 03035,customer03035@example.com,India,Delhi,2025-02-27,New
C03036,Customer 03036,customer03036@example.com,India,Hyderabad,2025-04-20,New
C03037,Customer 03037,customer03037@example.com,UK,Leeds,2024-01-27,Premium
C03038,Customer 03038,customer03038@example.com,Netherlands,Rotterdam,2025-05-28,Regular
C03039,Customer 03039,customer03039@example.com,India,Chennai,2025-04-08,Regular
C03040,Customer 03040,customer03040@example.com,USA,Seattle,2024-12-28,New
C03041,Customer 03041,customer03041@example.com,India,Chennai,2025-01-17,Regular
C03042,Customer 03042,customer03042@example.com,Singapore,Singapore,2025-06-08,Regular
C03043,Customer 03043,customer03043@example.com,India,Chennai,2025-01-16,New
C03044,Customer 03044,customer03044@example.com,UK,London,2024-07-02,Regular
C03045,Customer 03045,customer03045@example.com,Australia,Melbourne,2024-07-12,Premium
C03046,Customer 03046,customer03046@example.com,Canada,Montreal,2025-04-06,Regular
C03047,Customer 03047,customer03047@example.com,UK,London,2024-02-25,Regular
C03048,Customer 03048,customer03048@example.com,India,Hyderabad,2024-08-17,Regular
C03049,Customer 03049,customer03049@example.com,UK,Manchester,2025-05-03,New
C03050,Customer 03050,customer03050@example.com,India,Pune,2024-01-28,Premium
C03051,Customer 03051,customer03051@example.com,India,Pune,2025-08-05,Premium
C03052,Customer 03052,customer03052@example.com,UK,Birmingham,2025-12-22,Regular
C03053,Customer 03053,customer03053@example.com,India,Bengaluru,2024-07-02,Regular
C03054,Customer 03054,customer03054@example.com,India,Pune,2025-02-28,Premium
C03055,Customer 03055,customer03055@example.com,Canada,Montreal,2025-01-09,Regular
C03056,Customer 03056,customer03056@example.com,Singapore,Singapore,2024-02-10,Regular
C03057,Customer 03057,customer03057@example.com,USA,San Francisco,2025-04-28,Regular
C03058,Customer 03058,customer03058@example.com,India,Pune,2024-09-16,Regular
C03059,Customer 03059,customer03059@example.com,India,Pune,2025-03-16,Premium
C03060,Customer 03060,customer03060@example.com,Singapore,Singapore,2024-03-24,Regular
C03061,Customer 03061,customer03061@example.com,India,Mumbai,2024-02-15,Regular
C03062,Customer 03062,customer03062@example.com,India,Delhi,2025-03-15,Regular
C03063,Customer 03063,customer03063@example.com,USA,New York,2025-11-01,Premium
C03064,Customer 03064,customer03064@example.com,USA,New York,2025-06-02,New
C03065,Customer 03065,customer03065@example.com,USA,New York,2025-03-13,Premium
C03066,Customer 03066,customer03066@example.com,India,Mumbai,2024-05-15,Regular
C03067,Customer 03067,customer03067@example.com,India,Bengaluru,2024-07-01,Premium
C03068,Customer 03068,customer03068@example.com,Singapore,Singapore,2025-12-09,Regular
C03069,Customer 03069,customer03069@example.com,India,Delhi,2024-06-20,Regular
C03070,Customer 03070,customer03070@example.com,Canada,Vancouver,2025-08-12,Regular
C03071,Customer 03071,customer03071@example.com,Canada,Vancouver,2025-11-20,Premium
C03072,Customer 03072,customer03072@example.com,USA,Seattle,2025-06-22,Regular
C03073,Customer 03073,customer03073@example.com,India,Pune,2024-04-29,Regular
C03074,Customer 03074,customer03074@example.com,India,Chennai,2024-10-07,Regular
C03075,Customer 03075,customer03075@example.com,USA,San Francisco,2024-11-03,New
C03076,Customer 03076,customer03076@example.com,France,Paris,2025-12-08,Premium
C03077,Customer 03077,customer03077@example.com,UAE,Abu Dhabi,2024-10-03,New
C03078,Customer 03078,customer03078@example.com,India,Hyderabad,2025-06-13,Premium
C03079,Customer 03079,customer03079@example.com,India,Delhi,2024-10-21,Regular
C03080,Customer 03080,customer03080@example.com,UAE,Dubai,2024-02-22,VIP
C03081,Customer 03081,customer03081@example.com,Australia,Melbourne,2025-03-07,New
C03082,Customer 03082,customer03082@example.com,France,Lyon,2024-02-21,New
C03083,Customer 03083,customer03083@example.com,India,Hyderabad,2025-12-28,New
C03084,Customer 03084,customer03084@example.com,USA,New York,2024-03-12,Premium
C03085,Customer 03085,customer03085@example.com,Canada,Montreal,2024-01-28,Regular
C03086,Customer 03086,customer03086@example.com,Canada,Toronto,2025-04-13,New
C03087,Customer 03087,customer03087@example.com,UK,Birmingham,2025-06-30,Premium
C03088,Customer 03088,customer03088@example.com,India,Mumbai,2025-02-04,Premium
C03089,Customer 03089,customer03089@example.com,USA,Austin,2024-07-19,Premium
C03090,Customer 03090,customer03090@example.com,India,Delhi,2025-09-02,Regular
C03091,Customer 03091,customer03091@example.com,UK,Manchester,2025-04-10,Regular
C03092,Customer 03092,customer03092@example.com,Singapore,Singapore,2025-10-13,Premium
C03093,Customer 03093,customer03093@example.com,UK,Birmingham,2025-08-17,Regular
C03094,Customer 03094,customer03094@example.com,Germany,Munich,2025-07-13,New
C03095,Customer 03095,customer03095@example.com,India,Hyderabad,2025-01-13,Regular
C03096,Customer 03096,customer03096@example.com,Canada,Vancouver,2024-06-25,VIP
C03097,Customer 03097,customer03097@example.com,Singapore,Singapore,2024-02-21,New
C03098,Customer 03098,customer03098@example.com,India,Mumbai,2024-03-19,Premium
C03099,Customer 03099,customer03099@example.com,India,Hyderabad,2025-01-19,Regular
C03100,Customer 03100,customer03100@example.com,UK,Birmingham,2025-07-29,Premium
C03101,Customer 03101,customer03101@example.com,India,Hyderabad,2024-01-08,Regular
C03102,Customer 03102,customer03102@example.com,Australia,Brisbane,2024-08-01,Regular
C03103,Customer 03103,customer03103@example.com,UAE,Dubai,2024-01-25,Regular
C03104,Customer 03104,customer03104@example.com,UK,London,2025-03-25,Premium
C03105,Customer 03105,customer03105@example.com,India,Mumbai,2025-04-01,Regular
C03106,Customer 03106,customer03106@example.com,UK,London,2025-04-05,Premium
C03107,Customer 03107,customer03107@example.com,Australia,Brisbane,2024-07-16,Regular
C03108,Customer 03108,customer03108@example.com,India,Bengaluru,2024-04-03,Regular
C03109,Customer 03109,customer03109@example.com,USA,Chicago,2025-12-19,Regular
C03110,Customer 03110,customer03110@example.com,USA,San Francisco,2025-03-12,New
C03111,Customer 03111,customer03111@example.com,USA,Chicago,2025-06-10,Regular
C03112,Customer 03112,customer03112@example.com,India,Chennai,2025-11-20,New
C03113,Customer 03113,customer03113@example.com,Canada,Toronto,2025-01-12,VIP
C03114,Customer 03114,customer03114@example.com,India,Mumbai,2025-08-09,VIP
C03115,Customer 03115,customer03115@example.com,India,Chennai,2024-04-13,New
C03116,Customer 03116,customer03116@example.com,France,Lyon,2025-11-10,New
C03117,Customer 03117,customer03117@example.com,Australia,Melbourne,2025-09-18,Regular
C03118,Customer 03118,customer03118@example.com,India,Bengaluru,2024-02-08,VIP
C03119,Customer 03119,customer03119@example.com,India,Delhi,2025-04-02,Regular
C03120,Customer 03120,customer03120@example.com,India,Pune,2024-12-29,Regular
C03121,Customer 03121,customer03121@example.com,India,Bengaluru,2024-05-14,Regular
C03122,Customer 03122,customer03122@example.com,India,Bengaluru,2025-01-08,New
C03123,Customer 03123,customer03123@example.com,India,Pune,2024-08-19,Regular
C03124,Customer 03124,customer03124@example.com,UK,Leeds,2024-02-08,Regular
C03125,Customer 03125,customer03125@example.com,Australia,Melbourne,2024-02-16,Regular
C03126,Customer 03126,customer03126@example.com,USA,New York,2024-02-05,New
C03127,Customer 03127,customer03127@example.com,Canada,Montreal,2024-04-04,Regular
C03128,Customer 03128,customer03128@example.com,India,Chennai,2024-12-26,Premium
C03129,Customer 03129,customer03129@example.com,Singapore,Singapore,2025-06-08,Regular
C03130,Customer 03130,customer03130@example.com,Germany,Munich,2024-05-25,Regular
C03131,Customer 03131,customer03131@example.com,Germany,Hamburg,2025-01-02,New
C03132,Customer 03132,customer03132@example.com,Germany,Munich,2024-03-05,Regular
C03133,Customer 03133,customer03133@example.com,UAE,Abu Dhabi,2024-08-15,New
C03134,Customer 03134,customer03134@example.com,USA,New York,2025-06-03,Regular
C03135,Customer 03135,customer03135@example.com,India,Pune,2025-07-08,Regular
C03136,Customer 03136,customer03136@example.com,USA,Chicago,2024-06-29,Regular
C03137,Customer 03137,customer03137@example.com,Australia,Sydney,2025-05-15,New
C03138,Customer 03138,customer03138@example.com,Australia,Melbourne,2025-08-19,Regular
C03139,Customer 03139,customer03139@example.com,USA,New York,2024-06-03,Regular
C03140,Customer 03140,customer03140@example.com,India,Chennai,2025-06-18,Regular
C03141,Customer 03141,customer03141@example.com,UK,London,2025-09-18,New
C03142,Customer 03142,customer03142@example.com,UAE,Sharjah,2025-03-10,Regular
C03143,Customer 03143,customer03143@example.com,USA,Chicago,2024-04-08,Regular
C03144,Customer 03144,customer03144@example.com,USA,Austin,2025-09-07,Regular
C03145,Customer 03145,customer03145@example.com,India,Mumbai,2025-01-06,Premium
C03146,Customer 03146,customer03146@example.com,UK,Manchester,2025-07-16,Regular
C03147,Customer 03147,customer03147@example.com,France,Lyon,2024-12-27,New
C03148,Customer 03148,customer03148@example.com,Canada,Toronto,2024-04-21,Regular
C03149,Customer 03149,customer03149@example.com,Germany,Munich,2025-03-28,Premium
C03150,Customer 03150,customer03150@example.com,UK,Leeds,2024-06-17,Regular
C03151,Customer 03151,customer03151@example.com,USA,San Francisco,2025-08-06,Premium
C03152,Customer 03152,customer03152@example.com,India,Pune,2024-05-18,Premium
C03153,Customer 03153,customer03153@example.com,Canada,Vancouver,2024-08-18,Regular
C03154,Customer 03154,customer03154@example.com,UK,Leeds,2024-08-26,Regular
C03155,Customer 03155,customer03155@example.com,UK,Leeds,2024-09-09,Regular
C03156,Customer 03156,customer03156@example.com,USA,San Francisco,2025-03-11,Regular
C03157,Customer 03157,customer03157@example.com,UAE,Dubai,2025-07-14,Regular
C03158,Customer 03158,customer03158@example.com,India,Mumbai,2025-02-25,Regular
C03159,Customer 03159,customer03159@example.com,Germany,Munich,2024-10-29,Regular
C03160,Customer 03160,customer03160@example.com,India,Delhi,2024-03-12,New
C03161,Customer 03161,customer03161@example.com,UK,Manchester,2024-09-19,Premium
C03162,Customer 03162,customer03162@example.com,India,Pune,2024-08-09,Regular
C03163,Customer 03163,customer03163@example.com,India,Pune,2024-03-17,VIP
C03164,Customer 03164,customer03164@example.com,UK,Birmingham,2024-03-02,Regular
C03165,Customer 03165,customer03165@example.com,India,Chennai,2025-04-15,New
C03166,Customer 03166,customer03166@example.com,UK,London,2024-06-05,New
C03167,Customer 03167,customer03167@example.com,UAE,Sharjah,2024-05-04,Premium
C03168,Customer 03168,customer03168@example.com,India,Bengaluru,2024-06-09,New
C03169,Customer 03169,customer03169@example.com,Australia,Melbourne,2025-06-24,Premium
C03170,Customer 03170,customer03170@example.com,UK,London,2025-09-17,Regular
C03171,Customer 03171,customer03171@example.com,Canada,Toronto,2025-08-13,Premium
C03172,Customer 03172,customer03172@example.com,India,Mumbai,2025-06-18,Premium
C03173,Customer 03173,customer03173@example.com,India,Hyderabad,2024-04-15,Premium
C03174,Customer 03174,customer03174@example.com,India,Bengaluru,2024-05-10,New
C03175,Customer 03175,customer03175@example.com,India,Mumbai,2024-12-22,Regular
C03176,Customer 03176,customer03176@example.com,India,Pune,2025-11-15,New
C03177,Customer 03177,customer03177@example.com,Canada,Toronto,2024-01-02,New
C03178,Customer 03178,customer03178@example.com,France,Marseille,2024-08-20,Regular
C03179,Customer 03179,customer03179@example.com,Germany,Munich,2025-01-03,Premium
C03180,Customer 03180,customer03180@example.com,Canada,Vancouver,2024-09-07,New
C03181,Customer 03181,customer03181@example.com,India,Chennai,2024-04-17,Premium
C03182,Customer 03182,customer03182@example.com,India,Bengaluru,2024-10-02,New
C03183,Customer 03183,customer03183@example.com,India,Chennai,2024-06-28,Regular
C03184,Customer 03184,customer03184@example.com,India,Delhi,2025-12-25,New
C03185,Customer 03185,customer03185@example.com,USA,Seattle,2024-10-19,Premium
C03186,Customer 03186,customer03186@example.com,USA,Chicago,2025-08-06,New
C03187,Customer 03187,customer03187@example.com,UK,Leeds,2024-06-23,Premium
C03188,Customer 03188,customer03188@example.com,UK,Manchester,2024-05-02,Regular
C03189,Customer 03189,customer03189@example.com,Germany,Hamburg,2024-08-14,Premium
C03190,Customer 03190,customer03190@example.com,Germany,Berlin,2025-03-19,Regular
C03191,Customer 03191,customer03191@example.com,India,Delhi,2025-03-03,Regular
C03192,Customer 03192,customer03192@example.com,UAE,Abu Dhabi,2024-03-23,Regular
C03193,Customer 03193,customer03193@example.com,Singapore,Singapore,2025-10-19,Premium
C03194,Customer 03194,customer03194@example.com,India,Bengaluru,2025-09-23,Regular
C03195,Customer 03195,customer03195@example.com,UK,Birmingham,2024-03-05,Premium
C03196,Customer 03196,customer03196@example.com,UK,Leeds,2024-10-07,New
C03197,Customer 03197,customer03197@example.com,UAE,Sharjah,2025-01-25,Regular
C03198,Customer 03198,customer03198@example.com,France,Paris,2025-03-03,Regular
C03199,Customer 03199,customer03199@example.com,India,Mumbai,2025-09-09,New
C03200,Customer 03200,customer03200@example.com,UK,London,2024-04-16,Regular
C03201,Customer 03201,customer03201@example.com,USA,Seattle,2025-07-01,Premium
C03202,Customer 03202,customer03202@example.com,UK,Manchester,2025-10-20,VIP
C03203,Customer 03203,customer03203@example.com,India,Bengaluru,2024-09-18,Regular
C03204,Customer 03204,customer03204@example.com,France,Lyon,2024-06-07,Premium
C03205,Customer 03205,customer03205@example.com,Canada,Montreal,2024-09-21,Regular
C03206,Customer 03206,customer03206@example.com,Germany,Hamburg,2025-04-12,Regular
C03207,Customer 03207,customer03207@example.com,France,Marseille,2024-07-20,New
C03208,Customer 03208,customer03208@example.com,Australia,Melbourne,2024-06-03,Regular
C03209,Customer 03209,customer03209@example.com,UK,Leeds,2024-01-13,New
C03210,Customer 03210,customer03210@example.com,USA,Seattle,2024-10-23,Regular
C03211,Customer 03211,customer03211@example.com,India,Delhi,2025-05-12,Regular
C03212,Customer 03212,customer03212@example.com,Canada,Montreal,2025-08-19,Premium
C03213,Customer 03213,customer03213@example.com,India,Delhi,2024-09-01,Regular
C03214,Customer 03214,customer03214@example.com,Canada,Vancouver,2024-10-26,Premium
C03215,Customer 03215,customer03215@example.com,India,Bengaluru,2024-12-27,Premium
C03216,Customer 03216,customer03216@example.com,India,Hyderabad,2024-12-19,New
C03217,Customer 03217,customer03217@example.com,India,Chennai,2025-06-04,Regular
C03218,Customer 03218,customer03218@example.com,India,Hyderabad,2025-01-20,Regular
C03219,Customer 03219,customer03219@example.com,Canada,Toronto,2024-11-07,Premium
C03220,Customer 03220,customer03220@example.com,Australia,Melbourne,2025-02-17,VIP
C03221,Customer 03221,customer03221@example.com,USA,New York,2024-10-04,Premium
C03222,Customer 03222,customer03222@example.com,India,Mumbai,2025-12-15,Regular
C03223,Customer 03223,customer03223@example.com,India,Bengaluru,2025-08-15,Premium
C03224,Customer 03224,customer03224@example.com,India,Chennai,2024-12-21,Regular
C03225,Customer 03225,customer03225@example.com,India,Mumbai,2025-06-08,Regular
C03226,Customer 03226,customer03226@example.com,France,Paris,2024-01-16,Regular
C03227,Customer 03227,customer03227@example.com,India,Delhi,2024-02-14,Premium
C03228,Customer 03228,customer03228@example.com,UK,Leeds,2024-11-16,VIP
C03229,Customer 03229,customer03229@example.com,India,Chennai,2025-10-12,Regular
C03230,Customer 03230,customer03230@example.com,India,Chennai,2024-11-21,Premium
C03231,Customer 03231,customer03231@example.com,USA,New York,2024-05-27,Premium
C03232,Customer 03232,customer03232@example.com,USA,San Francisco,2024-12-20,Regular
C03233,Customer 03233,customer03233@example.com,India,Hyderabad,2024-08-23,Regular
C03234,Customer 03234,customer03234@example.com,India,Mumbai,2025-12-03,Regular
C03235,Customer 03235,customer03235@example.com,UK,Birmingham,2025-09-04,Regular
C03236,Customer 03236,customer03236@example.com,India,Chennai,2024-04-14,Regular
C03237,Customer 03237,customer03237@example.com,India,Hyderabad,2025-04-18,Regular
C03238,Customer 03238,customer03238@example.com,Singapore,Singapore,2025-01-30,Premium
C03239,Customer 03239,customer03239@example.com,USA,San Francisco,2025-03-21,New
C03240,Customer 03240,customer03240@example.com,USA,Chicago,2025-08-28,Regular
C03241,Customer 03241,customer03241@example.com,UK,Leeds,2024-08-07,Regular
C03242,Customer 03242,customer03242@example.com,UK,London,2025-03-17,Regular
C03243,Customer 03243,customer03243@example.com,USA,Chicago,2025-10-06,VIP
C03244,Customer 03244,customer03244@example.com,Canada,Vancouver,2025-10-28,Regular
C03245,Customer 03245,customer03245@example.com,Canada,Toronto,2024-01-28,Regular
C03246,Customer 03246,customer03246@example.com,India,Delhi,2025-04-19,Premium
C03247,Customer 03247,customer03247@example.com,UK,Birmingham,2025-09-19,New
C03248,Customer 03248,customer03248@example.com,UK,Birmingham,2024-10-31,Premium
C03249,Customer 03249,customer03249@example.com,France,Paris,2025-02-08,Regular
C03250,Customer 03250,customer03250@example.com,USA,Seattle,2025-05-27,New
C03251,Customer 03251,customer03251@example.com,USA,New York,2025-05-16,Premium
C03252,Customer 03252,customer03252@example.com,India,Bengaluru,2024-12-13,New
C03253,Customer 03253,customer03253@example.com,USA,Chicago,2024-08-27,Regular
C03254,Customer 03254,customer03254@example.com,India,Pune,2025-07-23,New
C03255,Customer 03255,customer03255@example.com,India,Chennai,2025-11-25,New
C03256,Customer 03256,customer03256@example.com,India,Pune,2024-12-02,Premium
C03257,Customer 03257,customer03257@example.com,Canada,Vancouver,2024-01-26,Premium
C03258,Customer 03258,customer03258@example.com,India,Pune,2025-02-12,New
C03259,Customer 03259,customer03259@example.com,UK,Leeds,2024-03-17,Regular
C03260,Customer 03260,customer03260@example.com,France,Paris,2024-08-04,Premium
C03261,Customer 03261,customer03261@example.com,India,Chennai,2024-11-23,Premium
C03262,Customer 03262,customer03262@example.com,UK,Manchester,2024-01-23,Regular
C03263,Customer 03263,customer03263@example.com,UK,Manchester,2025-10-31,Premium
C03264,Customer 03264,customer03264@example.com,India,Bengaluru,2025-12-18,Regular
C03265,Customer 03265,customer03265@example.com,Germany,Berlin,2024-11-05,Regular
C03266,Customer 03266,customer03266@example.com,India,Chennai,2025-08-21,VIP
C03267,Customer 03267,customer03267@example.com,UK,Birmingham,2024-09-23,Regular
C03268,Customer 03268,customer03268@example.com,USA,San Francisco,2025-02-18,New
C03269,Customer 03269,customer03269@example.com,USA,Austin,2025-10-07,Regular
C03270,Customer 03270,customer03270@example.com,Canada,Montreal,2024-09-23,New
C03271,Customer 03271,customer03271@example.com,India,Chennai,2024-11-28,Regular
C03272,Customer 03272,customer03272@example.com,India,Bengaluru,2025-03-25,Premium
C03273,Customer 03273,customer03273@example.com,Australia,Melbourne,2025-07-18,Regular
C03274,Customer 03274,customer03274@example.com,USA,Austin,2025-09-02,Regular
C03275,Customer 03275,customer03275@example.com,Germany,Munich,2024-09-03,Regular
C03276,Customer 03276,customer03276@example.com,Germany,Hamburg,2024-02-05,New
C03277,Customer 03277,customer03277@example.com,Germany,Munich,2025-02-04,Regular
C03278,Customer 03278,customer03278@example.com,UK,London,2024-01-28,Regular
C03279,Customer 03279,customer03279@example.com,India,Bengaluru,2024-08-07,New
C03280,Customer 03280,customer03280@example.com,Germany,Munich,2025-02-09,VIP
C03281,Customer 03281,customer03281@example.com,UK,London,2025-09-05,Regular
C03282,Customer 03282,customer03282@example.com,India,Mumbai,2024-09-27,Premium
C03283,Customer 03283,customer03283@example.com,France,Marseille,2025-10-12,New
C03284,Customer 03284,customer03284@example.com,France,Paris,2025-05-25,Premium
C03285,Customer 03285,customer03285@example.com,UK,Manchester,2024-10-12,Regular
C03286,Customer 03286,customer03286@example.com,India,Bengaluru,2025-03-29,Premium
C03287,Customer 03287,customer03287@example.com,UK,Manchester,2024-11-12,Regular
C03288,Customer 03288,customer03288@example.com,Germany,Hamburg,2025-08-12,VIP
C03289,Customer 03289,customer03289@example.com,UAE,Abu Dhabi,2024-10-23,Regular
C03290,Customer 03290,customer03290@example.com,India,Bengaluru,2024-12-03,Premium
C03291,Customer 03291,customer03291@example.com,India,Pune,2024-11-02,Premium
C03292,Customer 03292,customer03292@example.com,France,Lyon,2025-03-03,Regular
C03293,Customer 03293,customer03293@example.com,UK,Leeds,2024-12-16,Regular
C03294,Customer 03294,customer03294@example.com,USA,Chicago,2025-05-25,Regular
C03295,Customer 03295,customer03295@example.com,Singapore,Singapore,2025-06-08,Premium
C03296,Customer 03296,customer03296@example.com,India,Pune,2025-05-06,Regular
C03297,Customer 03297,customer03297@example.com,USA,Seattle,2025-08-16,Regular
C03298,Customer 03298,customer03298@example.com,India,Delhi,2024-01-09,New
C03299,Customer 03299,customer03299@example.com,UK,Leeds,2025-05-11,Regular
C03300,Customer 03300,customer03300@example.com,Germany,Berlin,2025-12-25,Regular
C03301,Customer 03301,customer03301@example.com,UK,London,2025-07-13,Regular
C03302,Customer 03302,customer03302@example.com,Netherlands,Rotterdam,2025-07-14,Regular
C03303,Customer 03303,customer03303@example.com,USA,San Francisco,2025-03-15,Regular
C03304,Customer 03304,customer03304@example.com,India,Pune,2025-07-05,Regular
C03305,Customer 03305,customer03305@example.com,India,Mumbai,2024-04-17,Regular
C03306,Customer 03306,customer03306@example.com,UK,Birmingham,2024-09-01,Regular
C03307,Customer 03307,customer03307@example.com,UK,Leeds,2024-09-11,Regular
C03308,Customer 03308,customer03308@example.com,India,Delhi,2024-02-02,Regular
C03309,Customer 03309,customer03309@example.com,UK,Birmingham,2024-01-23,VIP
C03310,Customer 03310,customer03310@example.com,UK,London,2025-07-19,New
C03311,Customer 03311,customer03311@example.com,Australia,Brisbane,2024-02-18,New
C03312,Customer 03312,customer03312@example.com,Canada,Toronto,2025-04-06,Regular
C03313,Customer 03313,customer03313@example.com,Canada,Montreal,2025-08-12,Regular
C03314,Customer 03314,customer03314@example.com,India,Delhi,2024-12-01,New
C03315,Customer 03315,customer03315@example.com,India,Pune,2024-12-23,Premium
C03316,Customer 03316,customer03316@example.com,Canada,Montreal,2024-05-01,Regular
C03317,Customer 03317,customer03317@example.com,UK,Birmingham,2025-03-19,Regular
C03318,Customer 03318,customer03318@example.com,India,Hyderabad,2024-12-24,Regular
C03319,Customer 03319,customer03319@example.com,Germany,Hamburg,2025-08-24,Premium
C03320,Customer 03320,customer03320@example.com,Australia,Melbourne,2024-12-11,New
C03321,Customer 03321,customer03321@example.com,USA,Chicago,2024-07-11,New
C03322,Customer 03322,customer03322@example.com,India,Delhi,2025-02-19,New
C03323,Customer 03323,customer03323@example.com,Australia,Sydney,2025-01-11,Regular
C03324,Customer 03324,customer03324@example.com,USA,Seattle,2025-04-07,Premium
C03325,Customer 03325,customer03325@example.com,Germany,Munich,2025-10-22,Regular
C03326,Customer 03326,customer03326@example.com,Australia,Melbourne,2024-05-25,New
C03327,Customer 03327,customer03327@example.com,Germany,Munich,2025-04-22,New
C03328,Customer 03328,customer03328@example.com,USA,Austin,2025-10-14,Regular
C03329,Customer 03329,customer03329@example.com,India,Chennai,2025-02-11,Regular
C03330,Customer 03330,customer03330@example.com,Canada,Montreal,2024-10-12,Premium
C03331,Customer 03331,customer03331@example.com,USA,Chicago,2024-04-20,New
C03332,Customer 03332,customer03332@example.com,Australia,Brisbane,2025-09-11,New
C03333,Customer 03333,customer03333@example.com,India,Delhi,2024-02-19,New
C03334,Customer 03334,customer03334@example.com,India,Mumbai,2024-01-14,Premium
C03335,Customer 03335,customer03335@example.com,France,Marseille,2024-05-13,Regular
C03336,Customer 03336,customer03336@example.com,Australia,Sydney,2025-08-10,VIP
C03337,Customer 03337,customer03337@example.com,UAE,Dubai,2025-08-18,Regular
C03338,Customer 03338,customer03338@example.com,Australia,Sydney,2024-12-08,New
C03339,Customer 03339,customer03339@example.com,USA,Seattle,2025-10-31,Regular
C03340,Customer 03340,customer03340@example.com,Canada,Toronto,2024-10-12,Regular
C03341,Customer 03341,customer03341@example.com,France,Paris,2024-11-09,Regular
C03342,Customer 03342,customer03342@example.com,USA,Chicago,2025-08-28,Regular
C03343,Customer 03343,customer03343@example.com,USA,Seattle,2024-10-23,New
C03344,Customer 03344,customer03344@example.com,India,Delhi,2025-08-28,New
C03345,Customer 03345,customer03345@example.com,UK,London,2025-07-22,Regular
C03346,Customer 03346,customer03346@example.com,Canada,Vancouver,2024-06-12,Regular
C03347,Customer 03347,customer03347@example.com,India,Bengaluru,2025-05-11,Premium
C03348,Customer 03348,customer03348@example.com,India,Pune,2025-09-01,Regular
C03349,Customer 03349,customer03349@example.com,India,Bengaluru,2024-01-16,Premium
C03350,Customer 03350,customer03350@example.com,India,Pune,2024-12-09,Regular
C03351,Customer 03351,customer03351@example.com,India,Mumbai,2024-03-18,New
C03352,Customer 03352,customer03352@example.com,UK,Manchester,2024-12-11,VIP
C03353,Customer 03353,customer03353@example.com,UAE,Abu Dhabi,2024-03-12,Regular
C03354,Customer 03354,customer03354@example.com,UK,London,2024-09-26,Regular
C03355,Customer 03355,customer03355@example.com,India,Pune,2024-10-13,Regular
C03356,Customer 03356,customer03356@example.com,India,Mumbai,2024-03-06,Regular
C03357,Customer 03357,customer03357@example.com,Canada,Vancouver,2024-03-08,Premium
C03358,Customer 03358,customer03358@example.com,UK,London,2024-07-11,Premium
C03359,Customer 03359,customer03359@example.com,Germany,Munich,2024-02-24,Regular
C03360,Customer 03360,customer03360@example.com,Canada,Montreal,2025-01-13,Regular
C03361,Customer 03361,customer03361@example.com,Germany,Hamburg,2024-06-16,Premium
C03362,Customer 03362,customer03362@example.com,India,Bengaluru,2025-02-12,New
C03363,Customer 03363,customer03363@example.com,Canada,Toronto,2025-05-22,Regular
C03364,Customer 03364,customer03364@example.com,India,Delhi,2025-06-20,New
C03365,Customer 03365,customer03365@example.com,UAE,Sharjah,2025-10-04,Regular
C03366,Customer 03366,customer03366@example.com,USA,Austin,2024-04-11,Premium
C03367,Customer 03367,customer03367@example.com,India,Pune,2025-02-25,Regular
C03368,Customer 03368,customer03368@example.com,India,Pune,2025-04-22,New
C03369,Customer 03369,customer03369@example.com,India,Bengaluru,2024-04-29,Regular
C03370,Customer 03370,customer03370@example.com,Canada,Vancouver,2024-10-17,Premium
C03371,Customer 03371,customer03371@example.com,India,Pune,2025-05-02,Regular
C03372,Customer 03372,customer03372@example.com,USA,New York,2024-06-09,Premium
C03373,Customer 03373,customer03373@example.com,India,Pune,2025-11-03,Premium
C03374,Customer 03374,customer03374@example.com,Canada,Toronto,2024-03-18,New
C03375,Customer 03375,customer03375@example.com,Germany,Berlin,2024-02-07,Regular
C03376,Customer 03376,customer03376@example.com,Australia,Sydney,2025-01-28,Regular
C03377,Customer 03377,customer03377@example.com,Australia,Melbourne,2025-03-16,Regular
C03378,Customer 03378,customer03378@example.com,India,Hyderabad,2025-06-23,Premium
C03379,Customer 03379,customer03379@example.com,India,Bengaluru,2025-04-06,Regular
C03380,Customer 03380,customer03380@example.com,Canada,Montreal,2025-09-03,Regular
C03381,Customer 03381,customer03381@example.com,UK,Manchester,2024-10-20,New
C03382,Customer 03382,customer03382@example.com,UK,Leeds,2025-02-03,Premium
C03383,Customer 03383,customer03383@example.com,India,Hyderabad,2025-09-27,New
C03384,Customer 03384,customer03384@example.com,India,Hyderabad,2024-04-01,Regular
C03385,Customer 03385,customer03385@example.com,India,Pune,2025-08-31,New
C03386,Customer 03386,customer03386@example.com,France,Lyon,2024-01-06,New
C03387,Customer 03387,customer03387@example.com,India,Hyderabad,2025-11-11,Regular
C03388,Customer 03388,customer03388@example.com,USA,Seattle,2024-09-27,Regular
C03389,Customer 03389,customer03389@example.com,India,Pune,2025-09-11,Regular
C03390,Customer 03390,customer03390@example.com,Canada,Toronto,2025-07-12,New
C03391,Customer 03391,customer03391@example.com,India,Delhi,2024-04-08,Premium
C03392,Customer 03392,customer03392@example.com,France,Paris,2025-06-09,Regular
C03393,Customer 03393,customer03393@example.com,France,Paris,2024-07-12,Regular
C03394,Customer 03394,customer03394@example.com,India,Delhi,2024-06-05,Regular
C03395,Customer 03395,customer03395@example.com,UAE,Dubai,2025-10-27,Regular
C03396,Customer 03396,customer03396@example.com,Netherlands,Amsterdam,2024-04-24,New
C03397,Customer 03397,customer03397@example.com,Germany,Berlin,2025-01-30,VIP
C03398,Customer 03398,customer03398@example.com,Germany,Munich,2025-10-18,Regular
C03399,Customer 03399,customer03399@example.com,India,Mumbai,2025-06-05,New
C03400,Customer 03400,customer03400@example.com,USA,Austin,2024-08-01,Regular
C03401,Customer 03401,customer03401@example.com,India,Bengaluru,2025-11-13,Regular
C03402,Customer 03402,customer03402@example.com,India,Delhi,2025-06-16,New
C03403,Customer 03403,customer03403@example.com,Netherlands,Amsterdam,2024-01-15,Premium
C03404,Customer 03404,customer03404@example.com,India,Pune,2025-02-22,New
C03405,Customer 03405,customer03405@example.com,Australia,Brisbane,2025-01-02,Regular
C03406,Customer 03406,customer03406@example.com,Germany,Berlin,2025-09-29,VIP
C03407,Customer 03407,customer03407@example.com,France,Paris,2024-07-31,Regular
C03408,Customer 03408,customer03408@example.com,Netherlands,Amsterdam,2025-11-30,Regular
C03409,Customer 03409,customer03409@example.com,India,Chennai,2025-11-14,New
C03410,Customer 03410,customer03410@example.com,India,Pune,2024-01-05,New
C03411,Customer 03411,customer03411@example.com,UK,Manchester,2024-08-18,New
C03412,Customer 03412,customer03412@example.com,India,Delhi,2024-07-19,Premium
C03413,Customer 03413,customer03413@example.com,India,Mumbai,2025-02-05,Premium
C03414,Customer 03414,customer03414@example.com,UK,Manchester,2024-05-28,Premium
C03415,Customer 03415,customer03415@example.com,Germany,Hamburg,2025-08-06,Regular
C03416,Customer 03416,customer03416@example.com,USA,Chicago,2025-05-06,Premium
C03417,Customer 03417,customer03417@example.com,India,Delhi,2024-08-13,Regular
C03418,Customer 03418,customer03418@example.com,Canada,Montreal,2025-08-08,Regular
C03419,Customer 03419,customer03419@example.com,India,Pune,2024-06-17,Regular
C03420,Customer 03420,customer03420@example.com,India,Delhi,2024-05-31,New
C03421,Customer 03421,customer03421@example.com,Australia,Sydney,2024-08-11,Premium
C03422,Customer 03422,customer03422@example.com,USA,New York,2025-05-18,Regular
C03423,Customer 03423,customer03423@example.com,Australia,Sydney,2025-07-03,Premium
C03424,Customer 03424,customer03424@example.com,India,Bengaluru,2024-02-13,Regular
C03425,Customer 03425,customer03425@example.com,Germany,Berlin,2025-11-27,Regular
C03426,Customer 03426,customer03426@example.com,USA,San Francisco,2025-05-18,New
C03427,Customer 03427,customer03427@example.com,USA,Seattle,2024-08-28,Regular
C03428,Customer 03428,customer03428@example.com,USA,Austin,2024-12-16,Premium
C03429,Customer 03429,customer03429@example.com,France,Lyon,2025-12-22,New
C03430,Customer 03430,customer03430@example.com,USA,Austin,2024-01-23,VIP
C03431,Customer 03431,customer03431@example.com,USA,Chicago,2025-09-27,Regular
C03432,Customer 03432,customer03432@example.com,Netherlands,Amsterdam,2025-08-20,Regular
C03433,Customer 03433,customer03433@example.com,Australia,Melbourne,2024-02-12,Regular
C03434,Customer 03434,customer03434@example.com,UK,London,2025-04-10,Premium
C03435,Customer 03435,customer03435@example.com,Canada,Toronto,2024-02-09,Regular
C03436,Customer 03436,customer03436@example.com,UK,Birmingham,2024-10-29,Regular
C03437,Customer 03437,customer03437@example.com,India,Pune,2025-11-11,Regular
C03438,Customer 03438,customer03438@example.com,USA,New York,2024-06-23,Regular
C03439,Customer 03439,customer03439@example.com,UAE,Sharjah,2025-06-15,New
C03440,Customer 03440,customer03440@example.com,UAE,Abu Dhabi,2025-04-05,New
C03441,Customer 03441,customer03441@example.com,India,Bengaluru,2025-09-12,New
C03442,Customer 03442,customer03442@example.com,USA,San Francisco,2024-07-11,Regular
C03443,Customer 03443,customer03443@example.com,India,Chennai,2024-08-31,Regular
C03444,Customer 03444,customer03444@example.com,Netherlands,Amsterdam,2024-10-06,Regular
C03445,Customer 03445,customer03445@example.com,Netherlands,Rotterdam,2024-02-05,Regular
C03446,Customer 03446,customer03446@example.com,USA,Austin,2025-07-10,New
C03447,Customer 03447,customer03447@example.com,Germany,Hamburg,2025-06-23,New
C03448,Customer 03448,customer03448@example.com,Canada,Toronto,2024-06-02,New
C03449,Customer 03449,customer03449@example.com,USA,Chicago,2024-01-23,Regular
C03450,Customer 03450,customer03450@example.com,India,Delhi,2025-12-19,New
C03451,Customer 03451,customer03451@example.com,UK,Leeds,2024-03-31,Regular
C03452,Customer 03452,customer03452@example.com,Canada,Toronto,2025-01-24,Regular
C03453,Customer 03453,customer03453@example.com,Canada,Toronto,2024-12-24,Regular
C03454,Customer 03454,customer03454@example.com,UK,Leeds,2025-07-03,Premium
C03455,Customer 03455,customer03455@example.com,UAE,Sharjah,2024-08-15,Regular
C03456,Customer 03456,customer03456@example.com,India,Chennai,2024-07-20,New
C03457,Customer 03457,customer03457@example.com,UK,London,2024-12-15,Regular
C03458,Customer 03458,customer03458@example.com,Canada,Montreal,2024-02-07,New
C03459,Customer 03459,customer03459@example.com,Canada,Toronto,2025-05-14,New
C03460,Customer 03460,customer03460@example.com,USA,Austin,2025-11-29,Premium
C03461,Customer 03461,customer03461@example.com,India,Mumbai,2024-02-12,Regular
C03462,Customer 03462,customer03462@example.com,India,Bengaluru,2025-09-17,VIP
C03463,Customer 03463,customer03463@example.com,USA,Seattle,2025-05-31,New
C03464,Customer 03464,customer03464@example.com,USA,San Francisco,2024-03-08,Premium
C03465,Customer 03465,customer03465@example.com,India,Delhi,2024-05-02,Regular
C03466,Customer 03466,customer03466@example.com,Canada,Vancouver,2025-11-15,Regular
C03467,Customer 03467,customer03467@example.com,UK,Manchester,2024-12-01,Regular
C03468,Customer 03468,customer03468@example.com,Canada,Vancouver,2024-06-01,Regular
C03469,Customer 03469,customer03469@example.com,Germany,Berlin,2025-10-30,Premium
C03470,Customer 03470,customer03470@example.com,India,Hyderabad,2024-06-10,Regular
C03471,Customer 03471,customer03471@example.com,India,Chennai,2024-08-01,New
C03472,Customer 03472,customer03472@example.com,Australia,Sydney,2025-01-10,Regular
C03473,Customer 03473,customer03473@example.com,USA,New York,2025-03-18,New
C03474,Customer 03474,customer03474@example.com,Canada,Vancouver,2025-02-26,Premium
C03475,Customer 03475,customer03475@example.com,Germany,Berlin,2025-06-21,Regular
C03476,Customer 03476,customer03476@example.com,Germany,Berlin,2025-12-01,New
C03477,Customer 03477,customer03477@example.com,Singapore,Singapore,2025-09-25,Regular
C03478,Customer 03478,customer03478@example.com,USA,Seattle,2024-08-17,New
C03479,Customer 03479,customer03479@example.com,UK,Birmingham,2024-02-28,Premium
C03480,Customer 03480,customer03480@example.com,UK,Leeds,2024-04-05,Premium
C03481,Customer 03481,customer03481@example.com,India,Delhi,2024-09-18,New
C03482,Customer 03482,customer03482@example.com,USA,Seattle,2024-12-19,Regular
C03483,Customer 03483,customer03483@example.com,India,Hyderabad,2024-11-07,Premium
C03484,Customer 03484,customer03484@example.com,UAE,Sharjah,2024-05-15,New
C03485,Customer 03485,customer03485@example.com,USA,San Francisco,2025-04-17,Regular
C03486,Customer 03486,customer03486@example.com,USA,San Francisco,2025-09-23,Regular
C03487,Customer 03487,customer03487@example.com,UK,Manchester,2025-03-05,New
C03488,Customer 03488,customer03488@example.com,India,Mumbai,2025-06-20,New
C03489,Customer 03489,customer03489@example.com,India,Hyderabad,2024-05-25,VIP
C03490,Customer 03490,customer03490@example.com,UK,Birmingham,2025-06-07,Regular
C03491,Customer 03491,customer03491@example.com,India,Hyderabad,2024-03-27,Regular
C03492,Customer 03492,customer03492@example.com,USA,San Francisco,2024-04-18,Regular
C03493,Customer 03493,customer03493@example.com,France,Paris,2025-02-26,Regular
C03494,Customer 03494,customer03494@example.com,France,Paris,2024-12-10,Regular
C03495,Customer 03495,customer03495@example.com,Canada,Montreal,2024-09-22,Regular
C03496,Customer 03496,customer03496@example.com,India,Mumbai,2025-08-08,New
C03497,Customer 03497,customer03497@example.com,France,Lyon,2025-05-08,Premium
C03498,Customer 03498,customer03498@example.com,France,Marseille,2024-11-28,New
C03499,Customer 03499,customer03499@example.com,India,Pune,2025-02-16,New
C03500,Customer 03500,customer03500@example.com,Australia,Brisbane,2025-09-05,Regular
C03501,Customer 03501,customer03501@example.com,India,Pune,2025-10-10,New
C03502,Customer 03502,customer03502@example.com,Germany,Hamburg,2024-07-09,VIP
C03503,Customer 03503,customer03503@example.com,Netherlands,Amsterdam,2024-05-21,Regular
C03504,Customer 03504,customer03504@example.com,India,Mumbai,2024-03-13,New
C03505,Customer 03505,customer03505@example.com,France,Marseille,2024-06-15,New
C03506,Customer 03506,customer03506@example.com,USA,Seattle,2024-06-16,Regular
C03507,Customer 03507,customer03507@example.com,Singapore,Singapore,2025-07-19,Regular
C03508,Customer 03508,customer03508@example.com,UK,London,2024-09-15,Premium
C03509,Customer 03509,customer03509@example.com,Germany,Berlin,2025-03-14,Regular
C03510,Customer 03510,customer03510@example.com,India,Hyderabad,2024-04-20,Regular
C03511,Customer 03511,customer03511@example.com,India,Delhi,2025-11-03,VIP
C03512,Customer 03512,customer03512@example.com,India,Hyderabad,2025-06-14,Regular
C03513,Customer 03513,customer03513@example.com,Singapore,Singapore,2024-10-16,Regular
C03514,Customer 03514,customer03514@example.com,Germany,Hamburg,2025-07-15,Regular
C03515,Customer 03515,customer03515@example.com,France,Marseille,2025-05-24,Premium
C03516,Customer 03516,customer03516@example.com,UAE,Dubai,2024-06-23,Regular
C03517,Customer 03517,customer03517@example.com,India,Mumbai,2024-10-28,Regular
C03518,Customer 03518,customer03518@example.com,UK,Manchester,2025-11-26,Regular
C03519,Customer 03519,customer03519@example.com,India,Hyderabad,2024-07-03,Regular
C03520,Customer 03520,customer03520@example.com,India,Hyderabad,2024-12-04,New
C03521,Customer 03521,customer03521@example.com,India,Pune,2025-05-24,Regular
C03522,Customer 03522,customer03522@example.com,UK,Manchester,2024-11-05,Regular
C03523,Customer 03523,customer03523@example.com,India,Pune,2025-05-21,New
C03524,Customer 03524,customer03524@example.com,India,Hyderabad,2024-12-11,Premium
C03525,Customer 03525,customer03525@example.com,India,Bengaluru,2024-03-21,Regular
C03526,Customer 03526,customer03526@example.com,India,Delhi,2025-01-08,New
C03527,Customer 03527,customer03527@example.com,Singapore,Singapore,2024-06-04,Regular
C03528,Customer 03528,customer03528@example.com,Australia,Brisbane,2025-03-07,Regular
C03529,Customer 03529,customer03529@example.com,Singapore,Singapore,2025-05-14,Regular
C03530,Customer 03530,customer03530@example.com,UK,Manchester,2024-05-26,New
C03531,Customer 03531,customer03531@example.com,India,Mumbai,2025-04-25,New
C03532,Customer 03532,customer03532@example.com,Germany,Berlin,2025-03-10,Regular
C03533,Customer 03533,customer03533@example.com,India,Pune,2025-06-02,Regular
C03534,Customer 03534,customer03534@example.com,India,Mumbai,2025-10-30,New
C03535,Customer 03535,customer03535@example.com,India,Pune,2025-11-13,Regular
C03536,Customer 03536,customer03536@example.com,India,Hyderabad,2024-03-09,Regular
C03537,Customer 03537,customer03537@example.com,India,Hyderabad,2025-08-28,New
C03538,Customer 03538,customer03538@example.com,UK,Birmingham,2024-07-04,Premium
C03539,Customer 03539,customer03539@example.com,Canada,Vancouver,2025-11-12,Premium
C03540,Customer 03540,customer03540@example.com,India,Mumbai,2024-07-22,New
C03541,Customer 03541,customer03541@example.com,India,Chennai,2025-07-07,New
C03542,Customer 03542,customer03542@example.com,Germany,Berlin,2024-01-13,Regular
C03543,Customer 03543,customer03543@example.com,India,Mumbai,2025-10-27,Regular
C03544,Customer 03544,customer03544@example.com,India,Pune,2024-09-30,VIP
C03545,Customer 03545,customer03545@example.com,France,Marseille,2024-10-24,Regular
C03546,Customer 03546,customer03546@example.com,India,Pune,2024-02-20,Regular
C03547,Customer 03547,customer03547@example.com,India,Hyderabad,2025-05-14,Premium
C03548,Customer 03548,customer03548@example.com,UK,Leeds,2025-01-03,Regular
C03549,Customer 03549,customer03549@example.com,India,Delhi,2025-12-24,New
C03550,Customer 03550,customer03550@example.com,USA,San Francisco,2025-10-17,Regular
C03551,Customer 03551,customer03551@example.com,Germany,Munich,2024-12-22,New
C03552,Customer 03552,customer03552@example.com,India,Hyderabad,2024-01-03,New
C03553,Customer 03553,customer03553@example.com,USA,Seattle,2024-09-10,Premium
C03554,Customer 03554,customer03554@example.com,UK,Manchester,2025-04-19,Regular
C03555,Customer 03555,customer03555@example.com,India,Mumbai,2025-05-20,New
C03556,Customer 03556,customer03556@example.com,USA,Chicago,2024-09-12,Premium
C03557,Customer 03557,customer03557@example.com,India,Mumbai,2025-09-01,Regular
C03558,Customer 03558,customer03558@example.com,UK,London,2025-11-15,Regular
C03559,Customer 03559,customer03559@example.com,India,Chennai,2024-05-29,Regular
C03560,Customer 03560,customer03560@example.com,UK,London,2025-05-02,Regular
C03561,Customer 03561,customer03561@example.com,India,Bengaluru,2024-10-05,New
C03562,Customer 03562,customer03562@example.com,Germany,Hamburg,2024-02-28,Premium
C03563,Customer 03563,customer03563@example.com,India,Chennai,2025-03-21,New
C03564,Customer 03564,customer03564@example.com,UK,London,2024-04-22,Regular
C03565,Customer 03565,customer03565@example.com,UK,London,2025-07-22,New
C03566,Customer 03566,customer03566@example.com,Australia,Sydney,2025-05-03,Premium
C03567,Customer 03567,customer03567@example.com,USA,Chicago,2025-02-10,Regular
C03568,Customer 03568,customer03568@example.com,Canada,Toronto,2025-01-01,Premium
C03569,Customer 03569,customer03569@example.com,Australia,Melbourne,2024-02-29,Regular
C03570,Customer 03570,customer03570@example.com,France,Lyon,2024-11-24,Premium
C03571,Customer 03571,customer03571@example.com,India,Delhi,2025-12-28,Premium
C03572,Customer 03572,customer03572@example.com,USA,Chicago,2025-04-13,Regular
C03573,Customer 03573,customer03573@example.com,Germany,Berlin,2025-07-20,New
C03574,Customer 03574,customer03574@example.com,Netherlands,Amsterdam,2025-12-20,New
C03575,Customer 03575,customer03575@example.com,France,Marseille,2024-03-03,New
C03576,Customer 03576,customer03576@example.com,UK,Leeds,2024-07-02,New
C03577,Customer 03577,customer03577@example.com,India,Bengaluru,2024-11-06,Premium
C03578,Customer 03578,customer03578@example.com,UK,Birmingham,2025-06-21,Regular
C03579,Customer 03579,customer03579@example.com,Australia,Sydney,2024-06-25,Regular
C03580,Customer 03580,customer03580@example.com,UK,Leeds,2025-07-28,Regular
C03581,Customer 03581,customer03581@example.com,UK,Birmingham,2025-03-04,New
C03582,Customer 03582,customer03582@example.com,Germany,Munich,2024-03-13,New
C03583,Customer 03583,customer03583@example.com,UK,London,2024-06-15,Regular
C03584,Customer 03584,customer03584@example.com,France,Marseille,2024-08-12,Premium
C03585,Customer 03585,customer03585@example.com,UK,Birmingham,2025-07-30,Regular
C03586,Customer 03586,customer03586@example.com,India,Hyderabad,2025-08-03,Regular
C03587,Customer 03587,customer03587@example.com,UK,London,2024-01-09,Regular
C03588,Customer 03588,customer03588@example.com,Australia,Sydney,2024-08-23,Premium
C03589,Customer 03589,customer03589@example.com,India,Bengaluru,2025-12-10,Regular
C03590,Customer 03590,customer03590@example.com,India,Chennai,2025-11-15,Regular
C03591,Customer 03591,customer03591@example.com,Singapore,Singapore,2024-01-28,New
C03592,Customer 03592,customer03592@example.com,India,Delhi,2025-10-07,Regular
C03593,Customer 03593,customer03593@example.com,USA,New York,2024-01-27,Regular
C03594,Customer 03594,customer03594@example.com,USA,Seattle,2025-07-03,Premium
C03595,Customer 03595,customer03595@example.com,UK,Birmingham,2024-07-14,New
C03596,Customer 03596,customer03596@example.com,USA,Austin,2024-07-21,New
C03597,Customer 03597,customer03597@example.com,India,Mumbai,2024-03-25,Regular
C03598,Customer 03598,customer03598@example.com,USA,New York,2024-01-30,Regular
C03599,Customer 03599,customer03599@example.com,UK,Leeds,2025-04-10,Regular
C03600,Customer 03600,customer03600@example.com,Canada,Toronto,2024-04-08,Premium
C03601,Customer 03601,customer03601@example.com,India,Mumbai,2024-07-08,Regular
C03602,Customer 03602,customer03602@example.com,USA,Chicago,2024-01-12,Regular
C03603,Customer 03603,customer03603@example.com,India,Mumbai,2025-08-25,Regular
C03604,Customer 03604,customer03604@example.com,India,Chennai,2024-01-30,Premium
C03605,Customer 03605,customer03605@example.com,India,Mumbai,2025-12-25,Regular
C03606,Customer 03606,customer03606@example.com,India,Pune,2024-02-07,New
C03607,Customer 03607,customer03607@example.com,Germany,Hamburg,2025-07-25,Regular
C03608,Customer 03608,customer03608@example.com,India,Bengaluru,2024-10-20,VIP
C03609,Customer 03609,customer03609@example.com,UAE,Abu Dhabi,2024-12-25,New
C03610,Customer 03610,customer03610@example.com,Singapore,Singapore,2025-10-16,Regular
C03611,Customer 03611,customer03611@example.com,USA,San Francisco,2024-06-28,Premium
C03612,Customer 03612,customer03612@example.com,India,Delhi,2024-04-21,Regular
C03613,Customer 03613,customer03613@example.com,UK,Manchester,2025-03-19,Regular
C03614,Customer 03614,customer03614@example.com,Germany,Hamburg,2024-01-21,New
C03615,Customer 03615,customer03615@example.com,UK,Manchester,2024-05-24,Regular
C03616,Customer 03616,customer03616@example.com,India,Bengaluru,2025-05-13,New
C03617,Customer 03617,customer03617@example.com,USA,New York,2024-05-25,VIP
C03618,Customer 03618,customer03618@example.com,Germany,Munich,2025-03-16,Regular
C03619,Customer 03619,customer03619@example.com,Germany,Berlin,2025-02-24,Premium
C03620,Customer 03620,customer03620@example.com,India,Bengaluru,2024-11-11,Regular
C03621,Customer 03621,customer03621@example.com,Canada,Montreal,2024-06-14,New
C03622,Customer 03622,customer03622@example.com,India,Mumbai,2025-10-13,Regular
C03623,Customer 03623,customer03623@example.com,India,Pune,2024-07-21,Regular
C03624,Customer 03624,customer03624@example.com,France,Marseille,2025-05-10,Regular
C03625,Customer 03625,customer03625@example.com,India,Hyderabad,2025-09-16,Regular
C03626,Customer 03626,customer03626@example.com,India,Mumbai,2025-04-12,Regular
C03627,Customer 03627,customer03627@example.com,India,Hyderabad,2025-12-13,Regular
C03628,Customer 03628,customer03628@example.com,France,Marseille,2025-01-19,VIP
C03629,Customer 03629,customer03629@example.com,Germany,Munich,2024-11-09,Regular
C03630,Customer 03630,customer03630@example.com,USA,Austin,2024-09-11,Regular
C03631,Customer 03631,customer03631@example.com,Australia,Sydney,2024-01-23,Regular
C03632,Customer 03632,customer03632@example.com,India,Bengaluru,2024-12-04,Regular
C03633,Customer 03633,customer03633@example.com,UK,Manchester,2025-05-07,New
C03634,Customer 03634,customer03634@example.com,UK,Leeds,2025-05-25,Regular
C03635,Customer 03635,customer03635@example.com,India,Delhi,2024-12-31,Regular
C03636,Customer 03636,customer03636@example.com,UK,London,2025-01-06,New
C03637,Customer 03637,customer03637@example.com,UAE,Dubai,2025-08-21,Premium
C03638,Customer 03638,customer03638@example.com,India,Pune,2024-08-06,New
C03639,Customer 03639,customer03639@example.com,India,Mumbai,2025-04-19,Regular
C03640,Customer 03640,customer03640@example.com,India,Hyderabad,2025-02-26,Regular
C03641,Customer 03641,customer03641@example.com,India,Hyderabad,2024-12-21,Regular
C03642,Customer 03642,customer03642@example.com,UAE,Dubai,2025-04-04,Premium
C03643,Customer 03643,customer03643@example.com,UK,Leeds,2025-05-17,Regular
C03644,Customer 03644,customer03644@example.com,UK,Birmingham,2024-01-27,Regular
C03645,Customer 03645,customer03645@example.com,Australia,Melbourne,2024-08-10,New
C03646,Customer 03646,customer03646@example.com,India,Pune,2025-11-20,Premium
C03647,Customer 03647,customer03647@example.com,UK,London,2024-05-27,Regular
C03648,Customer 03648,customer03648@example.com,UK,London,2025-02-27,Premium
C03649,Customer 03649,customer03649@example.com,USA,San Francisco,2024-12-16,Regular
C03650,Customer 03650,customer03650@example.com,Netherlands,Amsterdam,2024-07-04,Regular
C03651,Customer 03651,customer03651@example.com,Australia,Brisbane,2025-02-18,Premium
C03652,Customer 03652,customer03652@example.com,UK,Leeds,2025-03-04,Regular
C03653,Customer 03653,customer03653@example.com,Germany,Berlin,2024-02-10,Regular
C03654,Customer 03654,customer03654@example.com,India,Chennai,2025-01-27,Regular
C03655,Customer 03655,customer03655@example.com,India,Chennai,2025-12-03,Regular
C03656,Customer 03656,customer03656@example.com,India,Hyderabad,2024-03-19,Regular
C03657,Customer 03657,customer03657@example.com,India,Delhi,2025-12-17,New
C03658,Customer 03658,customer03658@example.com,USA,Chicago,2025-06-27,Regular
C03659,Customer 03659,customer03659@example.com,USA,Chicago,2025-03-25,New
C03660,Customer 03660,customer03660@example.com,UAE,Abu Dhabi,2025-04-18,New
C03661,Customer 03661,customer03661@example.com,UK,Birmingham,2024-05-21,Regular
C03662,Customer 03662,customer03662@example.com,UK,Birmingham,2024-09-07,New
C03663,Customer 03663,customer03663@example.com,India,Delhi,2024-10-20,Premium
C03664,Customer 03664,customer03664@example.com,India,Pune,2025-09-01,Premium
C03665,Customer 03665,customer03665@example.com,USA,Austin,2024-05-15,Premium
C03666,Customer 03666,customer03666@example.com,UK,Birmingham,2025-04-28,Regular
C03667,Customer 03667,customer03667@example.com,Germany,Munich,2024-11-07,Regular
C03668,Customer 03668,customer03668@example.com,India,Mumbai,2025-07-08,Regular
C03669,Customer 03669,customer03669@example.com,India,Bengaluru,2025-09-23,Regular
C03670,Customer 03670,customer03670@example.com,UK,London,2024-02-15,New
C03671,Customer 03671,customer03671@example.com,India,Bengaluru,2024-08-23,Regular
C03672,Customer 03672,customer03672@example.com,India,Bengaluru,2024-02-17,Regular
C03673,Customer 03673,customer03673@example.com,Australia,Brisbane,2024-07-16,New
C03674,Customer 03674,customer03674@example.com,India,Hyderabad,2024-03-24,Regular
C03675,Customer 03675,customer03675@example.com,USA,Chicago,2025-06-26,Premium
C03676,Customer 03676,customer03676@example.com,India,Hyderabad,2024-06-09,New
C03677,Customer 03677,customer03677@example.com,India,Bengaluru,2025-03-03,Regular
C03678,Customer 03678,customer03678@example.com,UK,Leeds,2024-03-11,New
C03679,Customer 03679,customer03679@example.com,Germany,Munich,2025-06-03,Premium
C03680,Customer 03680,customer03680@example.com,UK,Birmingham,2024-02-21,Regular
C03681,Customer 03681,customer03681@example.com,Australia,Melbourne,2024-02-14,Regular
C03682,Customer 03682,customer03682@example.com,India,Hyderabad,2024-10-19,New
C03683,Customer 03683,customer03683@example.com,Australia,Brisbane,2025-04-09,Regular
C03684,Customer 03684,customer03684@example.com,India,Mumbai,2025-07-03,Regular
C03685,Customer 03685,customer03685@example.com,Canada,Toronto,2025-01-14,Regular
C03686,Customer 03686,customer03686@example.com,USA,Seattle,2025-04-22,Regular
C03687,Customer 03687,customer03687@example.com,UAE,Abu Dhabi,2024-09-18,Regular
C03688,Customer 03688,customer03688@example.com,UK,Leeds,2025-08-02,Regular
C03689,Customer 03689,customer03689@example.com,India,Mumbai,2024-06-27,Regular
C03690,Customer 03690,customer03690@example.com,India,Hyderabad,2024-12-22,New
C03691,Customer 03691,customer03691@example.com,Germany,Berlin,2025-02-22,Regular
C03692,Customer 03692,customer03692@example.com,USA,Chicago,2025-11-28,Regular
C03693,Customer 03693,customer03693@example.com,Australia,Brisbane,2024-07-19,Regular
C03694,Customer 03694,customer03694@example.com,India,Mumbai,2024-01-13,Regular
C03695,Customer 03695,customer03695@example.com,India,Pune,2025-03-18,Premium
C03696,Customer 03696,customer03696@example.com,India,Pune,2025-12-26,Premium
C03697,Customer 03697,customer03697@example.com,Singapore,Singapore,2024-10-12,Regular
C03698,Customer 03698,customer03698@example.com,Canada,Toronto,2024-09-14,Regular
C03699,Customer 03699,customer03699@example.com,UAE,Abu Dhabi,2025-07-23,New
C03700,Customer 03700,customer03700@example.com,India,Bengaluru,2025-07-01,Premium
C03701,Customer 03701,customer03701@example.com,USA,New York,2025-05-04,Regular
C03702,Customer 03702,customer03702@example.com,Canada,Montreal,2025-05-12,Regular
C03703,Customer 03703,customer03703@example.com,India,Bengaluru,2025-12-05,New
C03704,Customer 03704,customer03704@example.com,Germany,Munich,2024-11-28,New
C03705,Customer 03705,customer03705@example.com,UAE,Abu Dhabi,2025-07-15,New
C03706,Customer 03706,customer03706@example.com,France,Marseille,2024-02-01,New
C03707,Customer 03707,customer03707@example.com,Australia,Sydney,2025-09-01,New
C03708,Customer 03708,customer03708@example.com,India,Pune,2024-02-12,Premium
C03709,Customer 03709,customer03709@example.com,India,Mumbai,2024-12-16,Regular
C03710,Customer 03710,customer03710@example.com,Singapore,Singapore,2024-11-29,Regular
C03711,Customer 03711,customer03711@example.com,India,Bengaluru,2025-07-12,Premium
C03712,Customer 03712,customer03712@example.com,Canada,Toronto,2024-09-26,New
C03713,Customer 03713,customer03713@example.com,Canada,Vancouver,2025-02-16,Premium
C03714,Customer 03714,customer03714@example.com,USA,Seattle,2025-07-28,Regular
C03715,Customer 03715,customer03715@example.com,Netherlands,Amsterdam,2024-01-19,Regular
C03716,Customer 03716,customer03716@example.com,India,Hyderabad,2024-12-12,New
C03717,Customer 03717,customer03717@example.com,India,Delhi,2025-09-04,New
C03718,Customer 03718,customer03718@example.com,India,Hyderabad,2024-02-06,Regular
C03719,Customer 03719,customer03719@example.com,UK,Manchester,2025-09-10,New
C03720,Customer 03720,customer03720@example.com,India,Hyderabad,2024-04-01,Regular
C03721,Customer 03721,customer03721@example.com,India,Hyderabad,2024-07-03,New
C03722,Customer 03722,customer03722@example.com,Germany,Berlin,2025-12-28,Regular
C03723,Customer 03723,customer03723@example.com,UAE,Dubai,2024-01-28,New
C03724,Customer 03724,customer03724@example.com,India,Bengaluru,2025-07-01,Premium
C03725,Customer 03725,customer03725@example.com,UK,Manchester,2025-01-06,New
C03726,Customer 03726,customer03726@example.com,UAE,Abu Dhabi,2025-06-13,Premium
C03727,Customer 03727,customer03727@example.com,India,Mumbai,2024-12-10,New
C03728,Customer 03728,customer03728@example.com,India,Pune,2025-02-22,Premium
C03729,Customer 03729,customer03729@example.com,India,Pune,2024-07-14,Regular
C03730,Customer 03730,customer03730@example.com,USA,New York,2024-03-18,Regular
C03731,Customer 03731,customer03731@example.com,India,Chennai,2024-06-15,New
C03732,Customer 03732,customer03732@example.com,Singapore,Singapore,2024-03-30,Regular
C03733,Customer 03733,customer03733@example.com,UK,London,2024-09-20,New
C03734,Customer 03734,customer03734@example.com,UK,London,2025-04-16,Regular
C03735,Customer 03735,customer03735@example.com,India,Hyderabad,2024-07-26,New
C03736,Customer 03736,customer03736@example.com,UK,Manchester,2025-12-24,Regular
C03737,Customer 03737,customer03737@example.com,Canada,Montreal,2024-09-27,New
C03738,Customer 03738,customer03738@example.com,Australia,Melbourne,2024-09-19,New
C03739,Customer 03739,customer03739@example.com,Australia,Sydney,2025-05-20,Regular
C03740,Customer 03740,customer03740@example.com,USA,New York,2025-05-26,VIP
C03741,Customer 03741,customer03741@example.com,UAE,Abu Dhabi,2025-12-26,Regular
C03742,Customer 03742,customer03742@example.com,Germany,Berlin,2025-07-29,Regular
C03743,Customer 03743,customer03743@example.com,Australia,Sydney,2025-06-07,Regular
C03744,Customer 03744,customer03744@example.com,India,Delhi,2025-12-22,Regular
C03745,Customer 03745,customer03745@example.com,India,Hyderabad,2024-11-07,New
C03746,Customer 03746,customer03746@example.com,India,Bengaluru,2024-06-22,New
C03747,Customer 03747,customer03747@example.com,Canada,Montreal,2025-03-06,Premium
C03748,Customer 03748,customer03748@example.com,UK,Leeds,2025-04-07,Regular
C03749,Customer 03749,customer03749@example.com,UK,Leeds,2024-04-10,Regular
C03750,Customer 03750,customer03750@example.com,France,Lyon,2024-01-16,Regular
C03751,Customer 03751,customer03751@example.com,France,Paris,2025-12-09,Regular
C03752,Customer 03752,customer03752@example.com,UAE,Abu Dhabi,2024-09-14,Regular
C03753,Customer 03753,customer03753@example.com,India,Pune,2024-08-31,Regular
C03754,Customer 03754,customer03754@example.com,Canada,Vancouver,2024-12-13,New
C03755,Customer 03755,customer03755@example.com,India,Bengaluru,2024-09-05,Regular
C03756,Customer 03756,customer03756@example.com,India,Mumbai,2024-04-14,Regular
C03757,Customer 03757,customer03757@example.com,India,Bengaluru,2025-11-24,VIP
C03758,Customer 03758,customer03758@example.com,India,Bengaluru,2025-10-28,Regular
C03759,Customer 03759,customer03759@example.com,UK,Birmingham,2024-10-13,Regular
C03760,Customer 03760,customer03760@example.com,Germany,Munich,2024-06-17,New
C03761,Customer 03761,customer03761@example.com,India,Delhi,2025-02-23,New
C03762,Customer 03762,customer03762@example.com,Australia,Sydney,2024-02-16,Premium
C03763,Customer 03763,customer03763@example.com,USA,New York,2024-02-12,Premium
C03764,Customer 03764,customer03764@example.com,India,Chennai,2024-11-16,Regular
C03765,Customer 03765,customer03765@example.com,UK,Manchester,2024-08-08,Regular
C03766,Customer 03766,customer03766@example.com,India,Pune,2025-05-27,New
C03767,Customer 03767,customer03767@example.com,USA,Austin,2025-12-12,Regular
C03768,Customer 03768,customer03768@example.com,UK,Leeds,2025-03-16,New
C03769,Customer 03769,customer03769@example.com,India,Delhi,2024-05-23,Premium
C03770,Customer 03770,customer03770@example.com,India,Chennai,2024-01-28,Regular
C03771,Customer 03771,customer03771@example.com,USA,Seattle,2025-07-06,Regular
C03772,Customer 03772,customer03772@example.com,UAE,Dubai,2025-10-20,Premium
C03773,Customer 03773,customer03773@example.com,India,Hyderabad,2025-11-20,VIP
C03774,Customer 03774,customer03774@example.com,Australia,Melbourne,2024-06-15,Regular
C03775,Customer 03775,customer03775@example.com,Canada,Vancouver,2025-09-26,Premium
C03776,Customer 03776,customer03776@example.com,UAE,Dubai,2025-08-08,Premium
C03777,Customer 03777,customer03777@example.com,Germany,Munich,2024-09-05,Premium
C03778,Customer 03778,customer03778@example.com,USA,Chicago,2024-12-22,VIP
C03779,Customer 03779,customer03779@example.com,Canada,Montreal,2024-04-20,Regular
C03780,Customer 03780,customer03780@example.com,France,Marseille,2025-11-22,Regular
C03781,Customer 03781,customer03781@example.com,UK,Manchester,2025-11-30,Premium
C03782,Customer 03782,customer03782@example.com,India,Pune,2025-12-19,Regular
C03783,Customer 03783,customer03783@example.com,India,Chennai,2024-08-21,Regular
C03784,Customer 03784,customer03784@example.com,Germany,Berlin,2024-01-24,Regular
C03785,Customer 03785,customer03785@example.com,Germany,Munich,2024-01-26,Premium
C03786,Customer 03786,customer03786@example.com,India,Pune,2025-01-15,Regular
C03787,Customer 03787,customer03787@example.com,USA,Austin,2025-12-30,Regular
C03788,Customer 03788,customer03788@example.com,UK,Leeds,2024-12-11,Regular
C03789,Customer 03789,customer03789@example.com,India,Chennai,2025-01-12,New
C03790,Customer 03790,customer03790@example.com,Netherlands,Rotterdam,2025-06-05,New
C03791,Customer 03791,customer03791@example.com,India,Mumbai,2024-01-17,Regular
C03792,Customer 03792,customer03792@example.com,India,Chennai,2024-09-01,Regular
C03793,Customer 03793,customer03793@example.com,USA,San Francisco,2025-12-18,Premium
C03794,Customer 03794,customer03794@example.com,Australia,Melbourne,2025-09-15,Regular
C03795,Customer 03795,customer03795@example.com,India,Delhi,2025-12-17,Premium
C03796,Customer 03796,customer03796@example.com,Canada,Vancouver,2025-06-22,New
C03797,Customer 03797,customer03797@example.com,USA,Chicago,2025-08-05,VIP
C03798,Customer 03798,customer03798@example.com,India,Hyderabad,2025-11-18,Regular
C03799,Customer 03799,customer03799@example.com,India,Mumbai,2024-07-20,Regular
C03800,Customer 03800,customer03800@example.com,USA,San Francisco,2024-09-04,Regular
C03801,Customer 03801,customer03801@example.com,India,Bengaluru,2024-04-27,Regular
C03802,Customer 03802,customer03802@example.com,UAE,Dubai,2024-01-09,New
C03803,Customer 03803,customer03803@example.com,Germany,Munich,2025-08-20,New
C03804,Customer 03804,customer03804@example.com,Netherlands,Amsterdam,2024-01-23,Regular
C03805,Customer 03805,customer03805@example.com,India,Delhi,2024-08-27,Regular
C03806,Customer 03806,customer03806@example.com,Singapore,Singapore,2025-08-07,VIP
C03807,Customer 03807,customer03807@example.com,UK,Manchester,2024-01-27,Regular
C03808,Customer 03808,customer03808@example.com,India,Bengaluru,2024-03-21,VIP
C03809,Customer 03809,customer03809@example.com,India,Hyderabad,2025-08-18,New
C03810,Customer 03810,customer03810@example.com,India,Bengaluru,2024-07-17,New
C03811,Customer 03811,customer03811@example.com,Canada,Montreal,2025-07-08,Regular
C03812,Customer 03812,customer03812@example.com,UK,Manchester,2024-04-01,Premium
C03813,Customer 03813,customer03813@example.com,India,Mumbai,2024-03-24,Regular
C03814,Customer 03814,customer03814@example.com,USA,San Francisco,2024-10-26,New
C03815,Customer 03815,customer03815@example.com,India,Pune,2024-10-22,New
C03816,Customer 03816,customer03816@example.com,USA,New York,2025-10-08,Regular
C03817,Customer 03817,customer03817@example.com,UK,Manchester,2025-03-29,Regular
C03818,Customer 03818,customer03818@example.com,Germany,Hamburg,2024-10-07,Regular
C03819,Customer 03819,customer03819@example.com,Germany,Munich,2024-02-28,Premium
C03820,Customer 03820,customer03820@example.com,UK,Birmingham,2024-12-07,Regular
C03821,Customer 03821,customer03821@example.com,UK,Manchester,2025-04-09,Premium
C03822,Customer 03822,customer03822@example.com,UK,Manchester,2024-12-07,Regular
C03823,Customer 03823,customer03823@example.com,Germany,Berlin,2025-09-01,Regular
C03824,Customer 03824,customer03824@example.com,India,Chennai,2024-03-02,VIP
C03825,Customer 03825,customer03825@example.com,India,Mumbai,2025-09-16,Regular
C03826,Customer 03826,customer03826@example.com,India,Pune,2025-03-04,Regular
C03827,Customer 03827,customer03827@example.com,UK,Birmingham,2025-10-19,Premium
C03828,Customer 03828,customer03828@example.com,UK,London,2025-12-28,New
C03829,Customer 03829,customer03829@example.com,Germany,Hamburg,2024-09-12,Regular
C03830,Customer 03830,customer03830@example.com,India,Pune,2025-12-06,New
C03831,Customer 03831,customer03831@example.com,UK,Birmingham,2024-12-12,New
C03832,Customer 03832,customer03832@example.com,Germany,Hamburg,2025-06-09,New
C03833,Customer 03833,customer03833@example.com,Germany,Hamburg,2024-10-30,New
C03834,Customer 03834,customer03834@example.com,UK,Manchester,2025-09-06,Regular
C03835,Customer 03835,customer03835@example.com,UK,Manchester,2024-09-01,Premium
C03836,Customer 03836,customer03836@example.com,India,Delhi,2025-02-15,Regular
C03837,Customer 03837,customer03837@example.com,UAE,Sharjah,2024-08-04,Regular
C03838,Customer 03838,customer03838@example.com,India,Mumbai,2025-05-30,Regular
C03839,Customer 03839,customer03839@example.com,UAE,Dubai,2025-04-18,Premium
C03840,Customer 03840,customer03840@example.com,Canada,Vancouver,2024-02-05,Premium
C03841,Customer 03841,customer03841@example.com,USA,New York,2024-06-26,Premium
C03842,Customer 03842,customer03842@example.com,India,Hyderabad,2025-01-21,Premium
C03843,Customer 03843,customer03843@example.com,UK,London,2024-01-17,New
C03844,Customer 03844,customer03844@example.com,UK,Manchester,2025-12-11,Regular
C03845,Customer 03845,customer03845@example.com,India,Chennai,2024-02-17,Regular
C03846,Customer 03846,customer03846@example.com,Canada,Toronto,2024-03-02,Regular
C03847,Customer 03847,customer03847@example.com,Singapore,Singapore,2024-03-09,Regular
C03848,Customer 03848,customer03848@example.com,USA,San Francisco,2025-10-20,New
C03849,Customer 03849,customer03849@example.com,Canada,Vancouver,2024-12-31,New
C03850,Customer 03850,customer03850@example.com,India,Hyderabad,2024-06-10,Premium
C03851,Customer 03851,customer03851@example.com,UK,Birmingham,2025-05-02,Regular
C03852,Customer 03852,customer03852@example.com,India,Chennai,2025-03-06,Regular
C03853,Customer 03853,customer03853@example.com,USA,Chicago,2025-05-03,Regular
C03854,Customer 03854,customer03854@example.com,UAE,Dubai,2024-08-17,Regular
C03855,Customer 03855,customer03855@example.com,Canada,Vancouver,2025-01-04,Regular
C03856,Customer 03856,customer03856@example.com,India,Pune,2024-06-26,Regular
C03857,Customer 03857,customer03857@example.com,UK,Manchester,2025-02-13,New
C03858,Customer 03858,customer03858@example.com,USA,Austin,2025-07-21,New
C03859,Customer 03859,customer03859@example.com,UK,London,2025-08-12,Regular
C03860,Customer 03860,customer03860@example.com,Germany,Berlin,2024-09-26,Regular
C03861,Customer 03861,customer03861@example.com,Germany,Berlin,2024-07-24,New
C03862,Customer 03862,customer03862@example.com,USA,San Francisco,2024-03-22,Regular
C03863,Customer 03863,customer03863@example.com,UK,Manchester,2024-07-11,Regular
C03864,Customer 03864,customer03864@example.com,India,Hyderabad,2025-09-09,Premium
C03865,Customer 03865,customer03865@example.com,India,Chennai,2024-07-07,New
C03866,Customer 03866,customer03866@example.com,UK,Birmingham,2024-10-02,Premium
C03867,Customer 03867,customer03867@example.com,UK,London,2024-03-14,VIP
C03868,Customer 03868,customer03868@example.com,Canada,Vancouver,2024-01-10,Premium
C03869,Customer 03869,customer03869@example.com,Canada,Montreal,2025-09-26,Premium
C03870,Customer 03870,customer03870@example.com,India,Pune,2024-08-03,Regular
C03871,Customer 03871,customer03871@example.com,UK,Leeds,2024-10-16,Regular
C03872,Customer 03872,customer03872@example.com,India,Chennai,2025-03-20,Regular
C03873,Customer 03873,customer03873@example.com,India,Hyderabad,2025-07-05,Regular
C03874,Customer 03874,customer03874@example.com,Germany,Munich,2024-07-11,Regular
C03875,Customer 03875,customer03875@example.com,India,Mumbai,2025-09-30,Regular
C03876,Customer 03876,customer03876@example.com,UK,Birmingham,2024-10-15,Regular
C03877,Customer 03877,customer03877@example.com,India,Bengaluru,2025-08-05,VIP
C03878,Customer 03878,customer03878@example.com,France,Paris,2025-10-10,Regular
C03879,Customer 03879,customer03879@example.com,USA,Seattle,2024-05-23,Regular
C03880,Customer 03880,customer03880@example.com,India,Pune,2025-01-23,Regular
C03881,Customer 03881,customer03881@example.com,UK,Leeds,2025-02-10,New
C03882,Customer 03882,customer03882@example.com,Australia,Brisbane,2025-01-04,Regular
C03883,Customer 03883,customer03883@example.com,Singapore,Singapore,2025-03-16,New
C03884,Customer 03884,customer03884@example.com,India,Bengaluru,2025-10-12,Regular
C03885,Customer 03885,customer03885@example.com,France,Marseille,2025-07-17,Regular
C03886,Customer 03886,customer03886@example.com,UAE,Sharjah,2025-06-12,New
C03887,Customer 03887,customer03887@example.com,UAE,Sharjah,2025-11-07,New
C03888,Customer 03888,customer03888@example.com,USA,San Francisco,2024-01-13,Regular
C03889,Customer 03889,customer03889@example.com,USA,Austin,2025-12-02,Regular
C03890,Customer 03890,customer03890@example.com,UK,Manchester,2024-12-05,Regular
C03891,Customer 03891,customer03891@example.com,Australia,Brisbane,2024-11-07,Regular
C03892,Customer 03892,customer03892@example.com,USA,San Francisco,2024-04-13,Regular
C03893,Customer 03893,customer03893@example.com,Canada,Toronto,2024-12-04,Regular
C03894,Customer 03894,customer03894@example.com,UK,Leeds,2024-07-16,New
C03895,Customer 03895,customer03895@example.com,Australia,Melbourne,2024-10-26,Premium
C03896,Customer 03896,customer03896@example.com,Germany,Hamburg,2025-03-19,New
C03897,Customer 03897,customer03897@example.com,India,Pune,2024-12-24,Premium
C03898,Customer 03898,customer03898@example.com,Germany,Munich,2025-01-02,Regular
C03899,Customer 03899,customer03899@example.com,USA,Chicago,2024-06-17,Regular
C03900,Customer 03900,customer03900@example.com,Germany,Berlin,2024-05-28,Regular
C03901,Customer 03901,customer03901@example.com,UK,London,2024-02-11,Premium
C03902,Customer 03902,customer03902@example.com,UK,Leeds,2024-07-20,Premium
C03903,Customer 03903,customer03903@example.com,UAE,Sharjah,2024-08-31,Regular
C03904,Customer 03904,customer03904@example.com,India,Hyderabad,2025-10-30,New
C03905,Customer 03905,customer03905@example.com,Germany,Berlin,2025-04-08,Premium
C03906,Customer 03906,customer03906@example.com,UK,Birmingham,2025-03-24,New
C03907,Customer 03907,customer03907@example.com,USA,San Francisco,2025-03-12,Premium
C03908,Customer 03908,customer03908@example.com,India,Bengaluru,2025-06-14,Regular
C03909,Customer 03909,customer03909@example.com,USA,San Francisco,2025-07-18,Premium
C03910,Customer 03910,customer03910@example.com,India,Hyderabad,2025-08-19,Premium
C03911,Customer 03911,customer03911@example.com,India,Delhi,2024-09-29,New
C03912,Customer 03912,customer03912@example.com,India,Bengaluru,2025-03-05,Regular
C03913,Customer 03913,customer03913@example.com,India,Mumbai,2024-07-31,New
C03914,Customer 03914,customer03914@example.com,Singapore,Singapore,2024-04-13,New
C03915,Customer 03915,customer03915@example.com,Singapore,Singapore,2024-07-10,Regular
C03916,Customer 03916,customer03916@example.com,UK,Birmingham,2025-11-19,New
C03917,Customer 03917,customer03917@example.com,Australia,Melbourne,2025-10-20,Premium
C03918,Customer 03918,customer03918@example.com,India,Bengaluru,2025-01-14,VIP
C03919,Customer 03919,customer03919@example.com,Canada,Montreal,2024-03-21,Regular
C03920,Customer 03920,customer03920@example.com,Germany,Berlin,2025-12-05,Regular
C03921,Customer 03921,customer03921@example.com,UAE,Sharjah,2025-07-02,Premium
C03922,Customer 03922,customer03922@example.com,UK,Birmingham,2025-01-11,Premium
C03923,Customer 03923,customer03923@example.com,Germany,Munich,2024-06-02,Premium
C03924,Customer 03924,customer03924@example.com,India,Hyderabad,2025-10-03,Regular
C03925,Customer 03925,customer03925@example.com,Netherlands,Rotterdam,2025-07-24,Premium
C03926,Customer 03926,customer03926@example.com,India,Bengaluru,2024-08-27,New
C03927,Customer 03927,customer03927@example.com,USA,Chicago,2025-01-08,Premium
C03928,Customer 03928,customer03928@example.com,Canada,Montreal,2024-07-22,Premium
C03929,Customer 03929,customer03929@example.com,Canada,Toronto,2025-09-02,Premium
C03930,Customer 03930,customer03930@example.com,India,Mumbai,2024-12-15,Regular
C03931,Customer 03931,customer03931@example.com,UAE,Abu Dhabi,2025-11-18,Premium
C03932,Customer 03932,customer03932@example.com,India,Hyderabad,2024-05-22,Regular
C03933,Customer 03933,customer03933@example.com,USA,New York,2024-07-07,Regular
C03934,Customer 03934,customer03934@example.com,India,Hyderabad,2024-09-28,Premium
C03935,Customer 03935,customer03935@example.com,India,Delhi,2025-06-15,New
C03936,Customer 03936,customer03936@example.com,USA,Seattle,2024-10-26,Regular
C03937,Customer 03937,customer03937@example.com,UK,Leeds,2025-03-01,Premium
C03938,Customer 03938,customer03938@example.com,India,Bengaluru,2024-02-15,Premium
C03939,Customer 03939,customer03939@example.com,India,Delhi,2024-04-04,Premium
C03940,Customer 03940,customer03940@example.com,UK,Leeds,2024-03-04,New
C03941,Customer 03941,customer03941@example.com,Australia,Melbourne,2025-02-16,Regular
C03942,Customer 03942,customer03942@example.com,France,Lyon,2025-10-04,New
C03943,Customer 03943,customer03943@example.com,India,Chennai,2024-01-09,Premium
C03944,Customer 03944,customer03944@example.com,UK,Leeds,2025-04-03,Regular
C03945,Customer 03945,customer03945@example.com,India,Hyderabad,2025-12-15,Premium
C03946,Customer 03946,customer03946@example.com,India,Delhi,2025-02-12,Regular
C03947,Customer 03947,customer03947@example.com,Canada,Montreal,2025-04-14,VIP
C03948,Customer 03948,customer03948@example.com,USA,Chicago,2025-05-20,Regular
C03949,Customer 03949,customer03949@example.com,India,Bengaluru,2025-11-16,Regular
C03950,Customer 03950,customer03950@example.com,India,Delhi,2024-03-13,Regular
C03951,Customer 03951,customer03951@example.com,India,Hyderabad,2024-03-24,Premium
C03952,Customer 03952,customer03952@example.com,Germany,Berlin,2024-02-28,Regular
C03953,Customer 03953,customer03953@example.com,Singapore,Singapore,2024-01-21,New
C03954,Customer 03954,customer03954@example.com,India,Hyderabad,2025-04-02,Regular
C03955,Customer 03955,customer03955@example.com,India,Mumbai,2024-06-05,Premium
C03956,Customer 03956,customer03956@example.com,France,Lyon,2024-11-24,Regular
C03957,Customer 03957,customer03957@example.com,UAE,Dubai,2025-07-26,Regular
C03958,Customer 03958,customer03958@example.com,UK,London,2025-07-29,Regular
C03959,Customer 03959,customer03959@example.com,India,Mumbai,2025-11-10,Premium
C03960,Customer 03960,customer03960@example.com,India,Bengaluru,2024-07-21,Regular
C03961,Customer 03961,customer03961@example.com,USA,Seattle,2025-10-02,Premium
C03962,Customer 03962,customer03962@example.com,UK,Manchester,2024-04-15,Premium
C03963,Customer 03963,customer03963@example.com,India,Pune,2024-05-01,New
C03964,Customer 03964,customer03964@example.com,USA,New York,2024-11-13,Regular
C03965,Customer 03965,customer03965@example.com,India,Chennai,2024-06-30,Regular
C03966,Customer 03966,customer03966@example.com,Germany,Berlin,2025-09-06,VIP
C03967,Customer 03967,customer03967@example.com,India,Mumbai,2024-11-11,Regular
C03968,Customer 03968,customer03968@example.com,India,Chennai,2025-09-16,Regular
C03969,Customer 03969,customer03969@example.com,USA,San Francisco,2025-02-09,New
C03970,Customer 03970,customer03970@example.com,UK,Leeds,2024-03-10,Regular
C03971,Customer 03971,customer03971@example.com,Singapore,Singapore,2024-06-08,Regular
C03972,Customer 03972,customer03972@example.com,USA,Seattle,2024-08-27,Regular
C03973,Customer 03973,customer03973@example.com,India,Pune,2025-06-06,Regular
C03974,Customer 03974,customer03974@example.com,Canada,Toronto,2024-05-17,New
C03975,Customer 03975,customer03975@example.com,India,Chennai,2025-05-09,Regular
C03976,Customer 03976,customer03976@example.com,UAE,Abu Dhabi,2025-11-09,New
C03977,Customer 03977,customer03977@example.com,UK,Manchester,2024-09-03,New
C03978,Customer 03978,customer03978@example.com,USA,New York,2025-06-26,Premium
C03979,Customer 03979,customer03979@example.com,India,Hyderabad,2025-06-07,New
C03980,Customer 03980,customer03980@example.com,UK,Birmingham,2024-08-30,Regular
C03981,Customer 03981,customer03981@example.com,Germany,Berlin,2025-09-11,New
C03982,Customer 03982,customer03982@example.com,Germany,Berlin,2024-12-01,Regular
C03983,Customer 03983,customer03983@example.com,India,Delhi,2025-02-25,Regular
C03984,Customer 03984,customer03984@example.com,India,Pune,2024-07-12,New
C03985,Customer 03985,customer03985@example.com,Germany,Hamburg,2024-11-03,New
C03986,Customer 03986,customer03986@example.com,UAE,Sharjah,2025-10-06,Premium
C03987,Customer 03987,customer03987@example.com,India,Pune,2025-05-20,New
C03988,Customer 03988,customer03988@example.com,UK,Birmingham,2024-10-07,New
C03989,Customer 03989,customer03989@example.com,India,Pune,2025-11-05,Premium
C03990,Customer 03990,customer03990@example.com,France,Lyon,2025-03-14,Regular
C03991,Customer 03991,customer03991@example.com,India,Mumbai,2025-12-15,Premium
C03992,Customer 03992,customer03992@example.com,India,Bengaluru,2025-08-30,New
C03993,Customer 03993,customer03993@example.com,Australia,Sydney,2025-04-27,Regular
C03994,Customer 03994,customer03994@example.com,India,Hyderabad,2024-08-10,Regular
C03995,Customer 03995,customer03995@example.com,UK,Leeds,2024-04-26,VIP
C03996,Customer 03996,customer03996@example.com,UK,Leeds,2024-07-10,New
C03997,Customer 03997,customer03997@example.com,India,Bengaluru,2025-09-09,Regular
C03998,Customer 03998,customer03998@example.com,UK,London,2025-05-30,New
C03999,Customer 03999,customer03999@example.com,USA,Austin,2025-06-13,New
C04000,Customer 04000,customer04000@example.com,India,Hyderabad,2024-11-02,Premium
C04001,Customer 04001,customer04001@example.com,USA,Seattle,2025-06-15,New
C04002,Customer 04002,customer04002@example.com,Germany,Berlin,2024-05-01,Premium
C04003,Customer 04003,customer04003@example.com,Australia,Melbourne,2025-10-10,New
C04004,Customer 04004,customer04004@example.com,India,Pune,2025-08-14,Premium
C04005,Customer 04005,customer04005@example.com,India,Pune,2024-06-02,Regular
C04006,Customer 04006,customer04006@example.com,India,Chennai,2025-06-20,Premium
C04007,Customer 04007,customer04007@example.com,UK,Leeds,2025-03-27,New
C04008,Customer 04008,customer04008@example.com,UK,Manchester,2024-06-17,Premium
C04009,Customer 04009,customer04009@example.com,Canada,Toronto,2024-02-28,Regular
C04010,Customer 04010,customer04010@example.com,India,Hyderabad,2024-10-27,Regular
C04011,Customer 04011,customer04011@example.com,India,Bengaluru,2025-07-06,Premium
C04012,Customer 04012,customer04012@example.com,UK,Manchester,2025-07-03,Regular
C04013,Customer 04013,customer04013@example.com,Canada,Montreal,2024-04-26,Premium
C04014,Customer 04014,customer04014@example.com,India,Mumbai,2024-05-06,Regular
C04015,Customer 04015,customer04015@example.com,USA,New York,2025-02-08,Regular
C04016,Customer 04016,customer04016@example.com,India,Delhi,2025-02-02,Premium
C04017,Customer 04017,customer04017@example.com,France,Paris,2025-05-29,New
C04018,Customer 04018,customer04018@example.com,France,Lyon,2025-05-12,Regular
C04019,Customer 04019,customer04019@example.com,India,Delhi,2025-06-11,VIP
C04020,Customer 04020,customer04020@example.com,India,Delhi,2025-02-01,Regular
C04021,Customer 04021,customer04021@example.com,UK,Leeds,2024-09-21,Regular
C04022,Customer 04022,customer04022@example.com,India,Pune,2024-09-19,Regular
C04023,Customer 04023,customer04023@example.com,Canada,Vancouver,2025-02-01,Premium
C04024,Customer 04024,customer04024@example.com,Germany,Berlin,2025-10-07,VIP
C04025,Customer 04025,customer04025@example.com,Canada,Montreal,2025-12-25,VIP
C04026,Customer 04026,customer04026@example.com,Germany,Hamburg,2025-06-10,Regular
C04027,Customer 04027,customer04027@example.com,UK,Leeds,2025-03-11,Regular
C04028,Customer 04028,customer04028@example.com,India,Bengaluru,2024-12-25,New
C04029,Customer 04029,customer04029@example.com,Australia,Melbourne,2024-05-08,New
C04030,Customer 04030,customer04030@example.com,UK,Leeds,2025-09-25,New
C04031,Customer 04031,customer04031@example.com,Canada,Vancouver,2024-08-28,New
C04032,Customer 04032,customer04032@example.com,India,Bengaluru,2025-09-18,Premium
C04033,Customer 04033,customer04033@example.com,India,Delhi,2025-12-09,Premium
C04034,Customer 04034,customer04034@example.com,Netherlands,Amsterdam,2024-08-09,Regular
C04035,Customer 04035,customer04035@example.com,India,Mumbai,2024-08-01,VIP
C04036,Customer 04036,customer04036@example.com,Netherlands,Rotterdam,2025-08-14,VIP
C04037,Customer 04037,customer04037@example.com,Singapore,Singapore,2024-05-14,Regular
C04038,Customer 04038,customer04038@example.com,Germany,Munich,2025-01-20,Regular
C04039,Customer 04039,customer04039@example.com,Canada,Toronto,2024-10-29,New
C04040,Customer 04040,customer04040@example.com,USA,Austin,2024-10-13,Regular
C04041,Customer 04041,customer04041@example.com,France,Marseille,2025-07-15,New
C04042,Customer 04042,customer04042@example.com,India,Hyderabad,2024-07-07,Regular
C04043,Customer 04043,customer04043@example.com,UK,Manchester,2024-10-23,Premium
C04044,Customer 04044,customer04044@example.com,USA,New York,2025-06-09,Regular
C04045,Customer 04045,customer04045@example.com,UK,London,2025-01-23,New
C04046,Customer 04046,customer04046@example.com,UK,Birmingham,2025-04-03,Regular
C04047,Customer 04047,customer04047@example.com,India,Chennai,2024-09-17,Regular
C04048,Customer 04048,customer04048@example.com,USA,Seattle,2025-12-04,New
C04049,Customer 04049,customer04049@example.com,France,Marseille,2025-12-15,New
C04050,Customer 04050,customer04050@example.com,India,Bengaluru,2024-04-22,VIP
C04051,Customer 04051,customer04051@example.com,UAE,Sharjah,2024-02-05,Regular
C04052,Customer 04052,customer04052@example.com,Canada,Toronto,2024-03-19,Premium
C04053,Customer 04053,customer04053@example.com,Germany,Munich,2024-10-01,Regular
C04054,Customer 04054,customer04054@example.com,USA,San Francisco,2024-10-04,Regular
C04055,Customer 04055,customer04055@example.com,Australia,Melbourne,2025-11-04,Regular
C04056,Customer 04056,customer04056@example.com,India,Chennai,2024-11-07,Premium
C04057,Customer 04057,customer04057@example.com,Germany,Hamburg,2025-06-12,Premium
C04058,Customer 04058,customer04058@example.com,India,Delhi,2024-07-22,Regular
C04059,Customer 04059,customer04059@example.com,France,Marseille,2024-01-17,New
C04060,Customer 04060,customer04060@example.com,Netherlands,Amsterdam,2025-12-14,New
C04061,Customer 04061,customer04061@example.com,India,Delhi,2025-04-20,Premium
C04062,Customer 04062,customer04062@example.com,India,Mumbai,2025-05-25,Regular
C04063,Customer 04063,customer04063@example.com,Australia,Sydney,2024-07-28,New
C04064,Customer 04064,customer04064@example.com,India,Delhi,2025-05-13,Regular
C04065,Customer 04065,customer04065@example.com,France,Marseille,2025-02-05,Regular
C04066,Customer 04066,customer04066@example.com,India,Hyderabad,2025-03-04,Premium
C04067,Customer 04067,customer04067@example.com,India,Chennai,2024-03-18,Regular
C04068,Customer 04068,customer04068@example.com,Singapore,Singapore,2025-07-21,New
C04069,Customer 04069,customer04069@example.com,Canada,Toronto,2024-03-20,New
C04070,Customer 04070,customer04070@example.com,Germany,Munich,2024-11-01,Regular
C04071,Customer 04071,customer04071@example.com,India,Bengaluru,2024-02-27,New
C04072,Customer 04072,customer04072@example.com,Canada,Toronto,2025-06-13,Premium
C04073,Customer 04073,customer04073@example.com,USA,Chicago,2024-07-26,Regular
C04074,Customer 04074,customer04074@example.com,USA,Chicago,2025-05-25,Regular
C04075,Customer 04075,customer04075@example.com,Canada,Toronto,2024-05-14,Regular
C04076,Customer 04076,customer04076@example.com,USA,New York,2025-06-05,Regular
C04077,Customer 04077,customer04077@example.com,UK,Leeds,2025-08-03,Regular
C04078,Customer 04078,customer04078@example.com,India,Hyderabad,2024-03-23,Premium
C04079,Customer 04079,customer04079@example.com,Australia,Brisbane,2025-09-12,Regular
C04080,Customer 04080,customer04080@example.com,India,Delhi,2024-02-13,Premium
C04081,Customer 04081,customer04081@example.com,Canada,Toronto,2025-04-27,Regular
C04082,Customer 04082,customer04082@example.com,India,Pune,2025-10-05,New
C04083,Customer 04083,customer04083@example.com,USA,Chicago,2025-05-07,New
C04084,Customer 04084,customer04084@example.com,Australia,Brisbane,2025-05-13,Premium
C04085,Customer 04085,customer04085@example.com,India,Mumbai,2024-01-18,Premium
C04086,Customer 04086,customer04086@example.com,India,Mumbai,2025-08-27,Premium
C04087,Customer 04087,customer04087@example.com,India,Pune,2024-10-20,Premium
C04088,Customer 04088,customer04088@example.com,USA,New York,2024-05-27,Regular
C04089,Customer 04089,customer04089@example.com,Germany,Berlin,2025-04-16,Regular
C04090,Customer 04090,customer04090@example.com,India,Delhi,2024-06-20,VIP
C04091,Customer 04091,customer04091@example.com,Australia,Brisbane,2025-07-16,Premium
C04092,Customer 04092,customer04092@example.com,India,Delhi,2025-06-14,Regular
C04093,Customer 04093,customer04093@example.com,UK,Birmingham,2024-04-29,Regular
C04094,Customer 04094,customer04094@example.com,UAE,Abu Dhabi,2024-03-06,Regular
C04095,Customer 04095,customer04095@example.com,India,Chennai,2024-05-20,Regular
C04096,Customer 04096,customer04096@example.com,UK,Leeds,2025-03-21,Regular
C04097,Customer 04097,customer04097@example.com,India,Hyderabad,2025-05-20,Regular
C04098,Customer 04098,customer04098@example.com,India,Pune,2024-07-07,New
C04099,Customer 04099,customer04099@example.com,India,Chennai,2024-06-06,Premium
C04100,Customer 04100,customer04100@example.com,India,Chennai,2025-09-01,Premium
C04101,Customer 04101,customer04101@example.com,USA,San Francisco,2025-10-31,Premium
C04102,Customer 04102,customer04102@example.com,UK,Leeds,2024-09-02,Premium
C04103,Customer 04103,customer04103@example.com,USA,New York,2024-02-02,Regular
C04104,Customer 04104,customer04104@example.com,India,Delhi,2024-12-26,Premium
C04105,Customer 04105,customer04105@example.com,India,Bengaluru,2024-11-25,Regular
C04106,Customer 04106,customer04106@example.com,Canada,Toronto,2025-05-26,VIP
C04107,Customer 04107,customer04107@example.com,Singapore,Singapore,2024-03-11,New
C04108,Customer 04108,customer04108@example.com,India,Hyderabad,2024-11-08,Premium
C04109,Customer 04109,customer04109@example.com,France,Marseille,2025-12-28,Regular
C04110,Customer 04110,customer04110@example.com,USA,New York,2024-03-19,New
C04111,Customer 04111,customer04111@example.com,USA,Austin,2024-06-17,Regular
C04112,Customer 04112,customer04112@example.com,UK,Birmingham,2024-06-28,Regular
C04113,Customer 04113,customer04113@example.com,India,Delhi,2025-09-19,Regular
C04114,Customer 04114,customer04114@example.com,India,Mumbai,2024-09-16,Regular
C04115,Customer 04115,customer04115@example.com,USA,Seattle,2025-04-30,Premium
C04116,Customer 04116,customer04116@example.com,India,Pune,2024-01-05,Regular
C04117,Customer 04117,customer04117@example.com,UAE,Abu Dhabi,2024-10-23,Regular
C04118,Customer 04118,customer04118@example.com,UK,Leeds,2025-09-11,Regular
C04119,Customer 04119,customer04119@example.com,India,Hyderabad,2024-12-25,Regular
C04120,Customer 04120,customer04120@example.com,Canada,Toronto,2024-04-26,Regular
C04121,Customer 04121,customer04121@example.com,India,Mumbai,2024-12-22,Regular
C04122,Customer 04122,customer04122@example.com,USA,Seattle,2025-03-14,VIP
C04123,Customer 04123,customer04123@example.com,Canada,Toronto,2024-11-26,Regular
C04124,Customer 04124,customer04124@example.com,UAE,Sharjah,2025-06-08,Premium
C04125,Customer 04125,customer04125@example.com,Germany,Hamburg,2025-10-15,Premium
C04126,Customer 04126,customer04126@example.com,Canada,Montreal,2024-07-06,Premium
C04127,Customer 04127,customer04127@example.com,Canada,Montreal,2024-10-07,New
C04128,Customer 04128,customer04128@example.com,UAE,Abu Dhabi,2025-05-25,Regular
C04129,Customer 04129,customer04129@example.com,India,Hyderabad,2025-04-10,Regular
C04130,Customer 04130,customer04130@example.com,India,Delhi,2024-04-24,Premium
C04131,Customer 04131,customer04131@example.com,India,Mumbai,2024-08-23,New
C04132,Customer 04132,customer04132@example.com,India,Pune,2024-12-03,VIP
C04133,Customer 04133,customer04133@example.com,Canada,Toronto,2025-06-05,New
C04134,Customer 04134,customer04134@example.com,USA,New York,2024-07-17,New
C04135,Customer 04135,customer04135@example.com,USA,Seattle,2024-02-19,New
C04136,Customer 04136,customer04136@example.com,India,Mumbai,2024-05-21,Regular
C04137,Customer 04137,customer04137@example.com,Australia,Melbourne,2025-06-11,Premium
C04138,Customer 04138,customer04138@example.com,India,Hyderabad,2025-05-28,Regular
C04139,Customer 04139,customer04139@example.com,Canada,Vancouver,2025-10-31,Regular
C04140,Customer 04140,customer04140@example.com,USA,Austin,2024-01-30,New
C04141,Customer 04141,customer04141@example.com,India,Mumbai,2024-03-22,Regular
C04142,Customer 04142,customer04142@example.com,India,Mumbai,2024-01-31,New
C04143,Customer 04143,customer04143@example.com,India,Delhi,2024-11-28,Regular
C04144,Customer 04144,customer04144@example.com,Germany,Hamburg,2025-10-21,Regular
C04145,Customer 04145,customer04145@example.com,UAE,Sharjah,2024-06-25,Regular
C04146,Customer 04146,customer04146@example.com,USA,New York,2025-01-04,New
C04147,Customer 04147,customer04147@example.com,India,Bengaluru,2025-06-30,New
C04148,Customer 04148,customer04148@example.com,UK,Manchester,2025-06-18,Regular
C04149,Customer 04149,customer04149@example.com,Australia,Melbourne,2024-04-15,Premium
C04150,Customer 04150,customer04150@example.com,Australia,Brisbane,2024-04-06,Premium
C04151,Customer 04151,customer04151@example.com,India,Delhi,2024-08-17,Premium
C04152,Customer 04152,customer04152@example.com,India,Mumbai,2024-08-14,VIP
C04153,Customer 04153,customer04153@example.com,Canada,Vancouver,2025-01-05,Regular
C04154,Customer 04154,customer04154@example.com,UK,Leeds,2024-04-09,Regular
C04155,Customer 04155,customer04155@example.com,India,Chennai,2025-03-20,New
C04156,Customer 04156,customer04156@example.com,India,Pune,2025-04-12,Regular
C04157,Customer 04157,customer04157@example.com,USA,New York,2024-02-24,Regular
C04158,Customer 04158,customer04158@example.com,France,Paris,2024-07-13,Premium
C04159,Customer 04159,customer04159@example.com,Singapore,Singapore,2025-06-03,Regular
C04160,Customer 04160,customer04160@example.com,USA,Chicago,2025-02-27,Regular
C04161,Customer 04161,customer04161@example.com,USA,Seattle,2024-11-10,Regular
C04162,Customer 04162,customer04162@example.com,India,Pune,2024-05-07,Regular
C04163,Customer 04163,customer04163@example.com,USA,Seattle,2024-02-01,Regular
C04164,Customer 04164,customer04164@example.com,UK,Birmingham,2024-04-02,Premium
C04165,Customer 04165,customer04165@example.com,USA,New York,2025-06-02,New
C04166,Customer 04166,customer04166@example.com,UK,Manchester,2024-09-14,Premium
C04167,Customer 04167,customer04167@example.com,India,Hyderabad,2024-08-07,VIP
C04168,Customer 04168,customer04168@example.com,India,Mumbai,2024-04-15,Regular
C04169,Customer 04169,customer04169@example.com,India,Pune,2025-07-01,Regular
C04170,Customer 04170,customer04170@example.com,India,Chennai,2025-02-19,Premium
C04171,Customer 04171,customer04171@example.com,India,Delhi,2025-07-10,Regular
C04172,Customer 04172,customer04172@example.com,Netherlands,Amsterdam,2024-11-04,New
C04173,Customer 04173,customer04173@example.com,UK,London,2024-12-31,Premium
C04174,Customer 04174,customer04174@example.com,USA,Chicago,2025-06-04,Regular
C04175,Customer 04175,customer04175@example.com,France,Paris,2025-04-03,New
C04176,Customer 04176,customer04176@example.com,Netherlands,Amsterdam,2025-08-21,Regular
C04177,Customer 04177,customer04177@example.com,USA,New York,2025-01-04,New
C04178,Customer 04178,customer04178@example.com,Germany,Berlin,2024-11-26,New
C04179,Customer 04179,customer04179@example.com,India,Hyderabad,2025-11-19,Regular
C04180,Customer 04180,customer04180@example.com,India,Delhi,2025-10-03,Regular
C04181,Customer 04181,customer04181@example.com,UK,London,2025-12-07,Regular
C04182,Customer 04182,customer04182@example.com,Canada,Vancouver,2024-01-11,VIP
C04183,Customer 04183,customer04183@example.com,Canada,Montreal,2025-05-21,Premium
C04184,Customer 04184,customer04184@example.com,India,Bengaluru,2025-02-22,New
C04185,Customer 04185,customer04185@example.com,India,Mumbai,2024-05-01,New
C04186,Customer 04186,customer04186@example.com,USA,Austin,2024-08-22,Regular
C04187,Customer 04187,customer04187@example.com,India,Delhi,2024-11-26,Regular
C04188,Customer 04188,customer04188@example.com,USA,San Francisco,2025-06-26,Premium
C04189,Customer 04189,customer04189@example.com,Canada,Vancouver,2024-12-13,Regular
C04190,Customer 04190,customer04190@example.com,Canada,Montreal,2025-02-15,Regular
C04191,Customer 04191,customer04191@example.com,Australia,Sydney,2024-08-11,Regular
C04192,Customer 04192,customer04192@example.com,France,Marseille,2024-06-01,Premium
C04193,Customer 04193,customer04193@example.com,UK,London,2024-07-30,Premium
C04194,Customer 04194,customer04194@example.com,Australia,Sydney,2024-04-01,Regular
C04195,Customer 04195,customer04195@example.com,USA,Austin,2024-11-26,Regular
C04196,Customer 04196,customer04196@example.com,India,Delhi,2025-04-11,New
C04197,Customer 04197,customer04197@example.com,India,Chennai,2025-10-02,Regular
C04198,Customer 04198,customer04198@example.com,India,Delhi,2025-12-09,New
C04199,Customer 04199,customer04199@example.com,UK,Manchester,2025-07-07,Premium
C04200,Customer 04200,customer04200@example.com,USA,Seattle,2024-08-15,Regular
C04201,Customer 04201,customer04201@example.com,Germany,Hamburg,2024-07-12,Premium
C04202,Customer 04202,customer04202@example.com,India,Chennai,2025-06-13,VIP
C04203,Customer 04203,customer04203@example.com,India,Mumbai,2024-08-30,New
C04204,Customer 04204,customer04204@example.com,Singapore,Singapore,2025-01-23,Regular
C04205,Customer 04205,customer04205@example.com,India,Bengaluru,2024-10-02,Premium
C04206,Customer 04206,customer04206@example.com,UK,Birmingham,2025-03-25,Regular
C04207,Customer 04207,customer04207@example.com,USA,New York,2025-09-30,Regular
C04208,Customer 04208,customer04208@example.com,USA,Austin,2025-08-09,Regular
C04209,Customer 04209,customer04209@example.com,India,Hyderabad,2025-07-27,Regular
C04210,Customer 04210,customer04210@example.com,India,Delhi,2025-04-22,Regular
C04211,Customer 04211,customer04211@example.com,India,Hyderabad,2025-04-24,Regular
C04212,Customer 04212,customer04212@example.com,USA,Chicago,2024-10-14,New
C04213,Customer 04213,customer04213@example.com,USA,San Francisco,2025-11-28,New
C04214,Customer 04214,customer04214@example.com,India,Bengaluru,2025-11-20,New
C04215,Customer 04215,customer04215@example.com,USA,Chicago,2025-11-08,New
C04216,Customer 04216,customer04216@example.com,Germany,Hamburg,2025-11-25,Regular
C04217,Customer 04217,customer04217@example.com,India,Bengaluru,2025-06-23,New
C04218,Customer 04218,customer04218@example.com,UK,Manchester,2024-11-25,New
C04219,Customer 04219,customer04219@example.com,Canada,Vancouver,2025-04-14,Premium
C04220,Customer 04220,customer04220@example.com,India,Pune,2025-06-17,Premium
C04221,Customer 04221,customer04221@example.com,India,Delhi,2025-04-11,Premium
C04222,Customer 04222,customer04222@example.com,USA,San Francisco,2025-02-23,Premium
C04223,Customer 04223,customer04223@example.com,France,Paris,2025-08-30,New
C04224,Customer 04224,customer04224@example.com,Germany,Hamburg,2024-05-01,New
C04225,Customer 04225,customer04225@example.com,USA,New York,2024-11-03,Regular
C04226,Customer 04226,customer04226@example.com,Australia,Melbourne,2024-11-29,Premium
C04227,Customer 04227,customer04227@example.com,UK,Manchester,2025-02-23,Premium
C04228,Customer 04228,customer04228@example.com,USA,Chicago,2024-11-21,Regular
C04229,Customer 04229,customer04229@example.com,UK,London,2025-10-10,New
C04230,Customer 04230,customer04230@example.com,India,Bengaluru,2025-07-26,Regular
C04231,Customer 04231,customer04231@example.com,Canada,Vancouver,2024-09-06,Regular
C04232,Customer 04232,customer04232@example.com,USA,San Francisco,2024-04-04,Regular
C04233,Customer 04233,customer04233@example.com,UK,Birmingham,2024-10-22,Premium
C04234,Customer 04234,customer04234@example.com,UAE,Sharjah,2024-07-02,Regular
C04235,Customer 04235,customer04235@example.com,India,Pune,2024-09-16,Premium
C04236,Customer 04236,customer04236@example.com,India,Pune,2025-10-28,Regular
C04237,Customer 04237,customer04237@example.com,India,Mumbai,2024-07-04,Regular
C04238,Customer 04238,customer04238@example.com,Australia,Melbourne,2025-02-12,Premium
C04239,Customer 04239,customer04239@example.com,Canada,Vancouver,2024-03-09,Regular
C04240,Customer 04240,customer04240@example.com,India,Mumbai,2025-09-18,Regular
C04241,Customer 04241,customer04241@example.com,Canada,Vancouver,2024-01-08,Regular
C04242,Customer 04242,customer04242@example.com,UK,Birmingham,2024-09-21,Premium
C04243,Customer 04243,customer04243@example.com,Australia,Sydney,2025-04-28,New
C04244,Customer 04244,customer04244@example.com,UK,Leeds,2025-09-08,Regular
C04245,Customer 04245,customer04245@example.com,UK,Birmingham,2025-01-05,Regular
C04246,Customer 04246,customer04246@example.com,UAE,Sharjah,2025-11-07,Premium
C04247,Customer 04247,customer04247@example.com,India,Chennai,2024-03-23,VIP
C04248,Customer 04248,customer04248@example.com,India,Chennai,2025-10-07,New
C04249,Customer 04249,customer04249@example.com,USA,Seattle,2024-07-29,New
C04250,Customer 04250,customer04250@example.com,Singapore,Singapore,2024-11-08,Premium
C04251,Customer 04251,customer04251@example.com,UK,London,2025-08-26,Regular
C04252,Customer 04252,customer04252@example.com,India,Chennai,2024-12-02,Regular
C04253,Customer 04253,customer04253@example.com,India,Pune,2025-05-04,New
C04254,Customer 04254,customer04254@example.com,UK,Birmingham,2025-02-06,Regular
C04255,Customer 04255,customer04255@example.com,India,Chennai,2025-09-30,Regular
C04256,Customer 04256,customer04256@example.com,Canada,Montreal,2024-07-09,Regular
C04257,Customer 04257,customer04257@example.com,Netherlands,Rotterdam,2025-11-01,Regular
C04258,Customer 04258,customer04258@example.com,UK,Birmingham,2024-11-30,Premium
C04259,Customer 04259,customer04259@example.com,UK,London,2025-06-05,New
C04260,Customer 04260,customer04260@example.com,UK,Leeds,2025-09-10,New
C04261,Customer 04261,customer04261@example.com,India,Hyderabad,2024-03-27,Premium
C04262,Customer 04262,customer04262@example.com,France,Lyon,2025-08-01,Premium
C04263,Customer 04263,customer04263@example.com,UK,Birmingham,2024-03-02,Regular
C04264,Customer 04264,customer04264@example.com,UK,Birmingham,2025-01-21,Regular
C04265,Customer 04265,customer04265@example.com,Canada,Vancouver,2024-05-25,Regular
C04266,Customer 04266,customer04266@example.com,UK,Birmingham,2024-06-01,Regular
C04267,Customer 04267,customer04267@example.com,USA,Austin,2025-09-10,New
C04268,Customer 04268,customer04268@example.com,India,Bengaluru,2025-10-21,Regular
C04269,Customer 04269,customer04269@example.com,Germany,Berlin,2025-11-28,New
C04270,Customer 04270,customer04270@example.com,UAE,Sharjah,2024-12-14,Premium
C04271,Customer 04271,customer04271@example.com,USA,Chicago,2024-06-26,Regular
C04272,Customer 04272,customer04272@example.com,Singapore,Singapore,2025-05-01,Regular
C04273,Customer 04273,customer04273@example.com,India,Chennai,2025-10-22,New
C04274,Customer 04274,customer04274@example.com,UK,Leeds,2024-09-03,New
C04275,Customer 04275,customer04275@example.com,USA,Austin,2024-09-10,Regular
C04276,Customer 04276,customer04276@example.com,USA,Chicago,2025-05-14,Premium
C04277,Customer 04277,customer04277@example.com,UK,London,2025-06-24,Regular
C04278,Customer 04278,customer04278@example.com,India,Pune,2024-12-17,Premium
C04279,Customer 04279,customer04279@example.com,India,Delhi,2025-05-26,New
C04280,Customer 04280,customer04280@example.com,UK,Birmingham,2024-01-13,Regular
C04281,Customer 04281,customer04281@example.com,India,Mumbai,2025-07-12,New
C04282,Customer 04282,customer04282@example.com,Australia,Melbourne,2024-05-30,New
C04283,Customer 04283,customer04283@example.com,India,Delhi,2024-02-19,Premium
C04284,Customer 04284,customer04284@example.com,India,Delhi,2024-08-02,Premium
C04285,Customer 04285,customer04285@example.com,USA,New York,2025-10-05,Regular
C04286,Customer 04286,customer04286@example.com,USA,San Francisco,2025-01-06,Premium
C04287,Customer 04287,customer04287@example.com,France,Marseille,2024-04-22,VIP
C04288,Customer 04288,customer04288@example.com,USA,San Francisco,2024-09-08,New
C04289,Customer 04289,customer04289@example.com,India,Bengaluru,2024-12-06,VIP
C04290,Customer 04290,customer04290@example.com,Germany,Munich,2024-02-22,Regular
C04291,Customer 04291,customer04291@example.com,USA,Chicago,2024-05-09,Premium
C04292,Customer 04292,customer04292@example.com,India,Pune,2024-07-11,Regular
C04293,Customer 04293,customer04293@example.com,USA,San Francisco,2025-08-13,Regular
C04294,Customer 04294,customer04294@example.com,UAE,Sharjah,2024-02-26,Regular
C04295,Customer 04295,customer04295@example.com,UK,Leeds,2024-04-06,Regular
C04296,Customer 04296,customer04296@example.com,India,Pune,2024-07-16,Premium
C04297,Customer 04297,customer04297@example.com,India,Mumbai,2025-10-08,New
C04298,Customer 04298,customer04298@example.com,India,Chennai,2024-05-26,Regular
C04299,Customer 04299,customer04299@example.com,UK,Birmingham,2025-11-14,New
C04300,Customer 04300,customer04300@example.com,USA,Chicago,2025-07-28,Regular
C04301,Customer 04301,customer04301@example.com,India,Pune,2025-07-30,New
C04302,Customer 04302,customer04302@example.com,UAE,Sharjah,2024-10-21,New
C04303,Customer 04303,customer04303@example.com,Australia,Sydney,2025-12-23,Regular
C04304,Customer 04304,customer04304@example.com,USA,Austin,2025-09-12,Regular
C04305,Customer 04305,customer04305@example.com,Germany,Berlin,2025-11-14,New
C04306,Customer 04306,customer04306@example.com,India,Delhi,2024-01-12,Regular
C04307,Customer 04307,customer04307@example.com,UK,Manchester,2024-11-28,VIP
C04308,Customer 04308,customer04308@example.com,USA,Austin,2024-08-07,New
C04309,Customer 04309,customer04309@example.com,Germany,Hamburg,2025-02-01,Regular
C04310,Customer 04310,customer04310@example.com,Germany,Hamburg,2024-12-07,New
C04311,Customer 04311,customer04311@example.com,India,Bengaluru,2025-05-26,New
C04312,Customer 04312,customer04312@example.com,UAE,Sharjah,2024-06-20,Regular
C04313,Customer 04313,customer04313@example.com,India,Mumbai,2025-04-12,Regular
C04314,Customer 04314,customer04314@example.com,France,Marseille,2024-06-14,Regular
C04315,Customer 04315,customer04315@example.com,Singapore,Singapore,2025-11-29,New
C04316,Customer 04316,customer04316@example.com,India,Bengaluru,2024-06-18,Regular
C04317,Customer 04317,customer04317@example.com,Australia,Melbourne,2025-07-17,Premium
C04318,Customer 04318,customer04318@example.com,India,Bengaluru,2025-05-26,New
C04319,Customer 04319,customer04319@example.com,UK,Birmingham,2024-07-07,New
C04320,Customer 04320,customer04320@example.com,USA,Seattle,2024-04-29,New
C04321,Customer 04321,customer04321@example.com,USA,Austin,2024-04-14,Regular
C04322,Customer 04322,customer04322@example.com,UAE,Abu Dhabi,2025-11-04,New
C04323,Customer 04323,customer04323@example.com,Canada,Vancouver,2024-02-10,Regular
C04324,Customer 04324,customer04324@example.com,UK,Birmingham,2025-11-07,New
C04325,Customer 04325,customer04325@example.com,Germany,Munich,2024-11-16,New
C04326,Customer 04326,customer04326@example.com,Singapore,Singapore,2024-11-30,New
C04327,Customer 04327,customer04327@example.com,India,Delhi,2024-06-08,Regular
C04328,Customer 04328,customer04328@example.com,Netherlands,Amsterdam,2024-09-20,New
C04329,Customer 04329,customer04329@example.com,India,Pune,2025-06-13,Regular
C04330,Customer 04330,customer04330@example.com,Germany,Hamburg,2025-11-15,Regular
C04331,Customer 04331,customer04331@example.com,India,Chennai,2025-04-21,Regular
C04332,Customer 04332,customer04332@example.com,India,Chennai,2024-12-17,Regular
C04333,Customer 04333,customer04333@example.com,UK,London,2025-06-28,Premium
C04334,Customer 04334,customer04334@example.com,USA,Seattle,2024-07-28,Regular
C04335,Customer 04335,customer04335@example.com,UK,Manchester,2025-05-10,Premium
C04336,Customer 04336,customer04336@example.com,India,Chennai,2025-01-16,Regular
C04337,Customer 04337,customer04337@example.com,USA,New York,2025-11-06,New
C04338,Customer 04338,customer04338@example.com,UAE,Sharjah,2025-04-25,Regular
C04339,Customer 04339,customer04339@example.com,UK,Leeds,2024-01-05,Regular
C04340,Customer 04340,customer04340@example.com,India,Chennai,2024-02-03,Regular
C04341,Customer 04341,customer04341@example.com,UK,Birmingham,2024-05-24,New
C04342,Customer 04342,customer04342@example.com,India,Delhi,2024-12-16,Regular
C04343,Customer 04343,customer04343@example.com,Germany,Berlin,2025-08-05,Premium
C04344,Customer 04344,customer04344@example.com,Germany,Berlin,2025-04-09,Regular
C04345,Customer 04345,customer04345@example.com,USA,Chicago,2024-12-13,VIP
C04346,Customer 04346,customer04346@example.com,UK,Manchester,2024-05-04,Regular
C04347,Customer 04347,customer04347@example.com,Germany,Munich,2024-09-27,New
C04348,Customer 04348,customer04348@example.com,USA,Seattle,2024-12-22,Regular
C04349,Customer 04349,customer04349@example.com,Germany,Hamburg,2025-06-10,Regular
C04350,Customer 04350,customer04350@example.com,USA,Seattle,2025-05-12,Regular
C04351,Customer 04351,customer04351@example.com,Germany,Berlin,2024-06-01,Regular
C04352,Customer 04352,customer04352@example.com,USA,Austin,2024-02-22,Regular
C04353,Customer 04353,customer04353@example.com,UK,Manchester,2024-05-28,New
C04354,Customer 04354,customer04354@example.com,Singapore,Singapore,2025-05-17,Regular
C04355,Customer 04355,customer04355@example.com,USA,Seattle,2025-03-25,Regular
C04356,Customer 04356,customer04356@example.com,USA,Austin,2024-08-06,VIP
C04357,Customer 04357,customer04357@example.com,India,Pune,2025-09-16,Regular
C04358,Customer 04358,customer04358@example.com,USA,Chicago,2024-10-03,Premium
C04359,Customer 04359,customer04359@example.com,USA,Austin,2025-03-27,Regular
C04360,Customer 04360,customer04360@example.com,India,Pune,2025-03-03,New
C04361,Customer 04361,customer04361@example.com,India,Hyderabad,2024-03-23,Regular
C04362,Customer 04362,customer04362@example.com,USA,New York,2024-08-05,Regular
C04363,Customer 04363,customer04363@example.com,Australia,Melbourne,2025-06-10,VIP
C04364,Customer 04364,customer04364@example.com,USA,Austin,2025-02-07,Regular
C04365,Customer 04365,customer04365@example.com,India,Bengaluru,2024-10-16,Premium
C04366,Customer 04366,customer04366@example.com,Canada,Toronto,2025-02-23,Premium
C04367,Customer 04367,customer04367@example.com,India,Chennai,2024-12-04,Regular
C04368,Customer 04368,customer04368@example.com,UK,Manchester,2025-12-11,Regular
C04369,Customer 04369,customer04369@example.com,India,Delhi,2025-10-31,Regular
C04370,Customer 04370,customer04370@example.com,India,Hyderabad,2025-02-22,Regular
C04371,Customer 04371,customer04371@example.com,India,Bengaluru,2024-07-25,Regular
C04372,Customer 04372,customer04372@example.com,UK,Leeds,2025-11-16,Regular
C04373,Customer 04373,customer04373@example.com,India,Pune,2025-11-26,Regular
C04374,Customer 04374,customer04374@example.com,UK,Leeds,2024-09-21,New
C04375,Customer 04375,customer04375@example.com,USA,Seattle,2024-02-05,Regular
C04376,Customer 04376,customer04376@example.com,UK,Leeds,2025-01-07,Premium
C04377,Customer 04377,customer04377@example.com,UK,Leeds,2025-05-02,Regular
C04378,Customer 04378,customer04378@example.com,Germany,Munich,2024-09-15,Regular
C04379,Customer 04379,customer04379@example.com,India,Hyderabad,2025-06-14,New
C04380,Customer 04380,customer04380@example.com,UK,London,2024-01-23,Premium
C04381,Customer 04381,customer04381@example.com,India,Chennai,2024-04-13,Regular
C04382,Customer 04382,customer04382@example.com,India,Bengaluru,2024-08-28,VIP
C04383,Customer 04383,customer04383@example.com,USA,Austin,2025-12-16,VIP
C04384,Customer 04384,customer04384@example.com,USA,New York,2024-09-09,Premium
C04385,Customer 04385,customer04385@example.com,France,Lyon,2024-05-21,New
C04386,Customer 04386,customer04386@example.com,USA,San Francisco,2025-10-16,Regular
C04387,Customer 04387,customer04387@example.com,Singapore,Singapore,2025-03-26,Premium
C04388,Customer 04388,customer04388@example.com,India,Hyderabad,2024-11-02,Premium
C04389,Customer 04389,customer04389@example.com,India,Pune,2025-05-14,Premium
C04390,Customer 04390,customer04390@example.com,India,Hyderabad,2025-09-13,Regular
C04391,Customer 04391,customer04391@example.com,India,Pune,2024-01-08,Regular
C04392,Customer 04392,customer04392@example.com,USA,Chicago,2024-03-09,New
C04393,Customer 04393,customer04393@example.com,USA,Chicago,2025-12-02,Premium
C04394,Customer 04394,customer04394@example.com,India,Pune,2025-11-21,Premium
C04395,Customer 04395,customer04395@example.com,UAE,Abu Dhabi,2025-07-28,New
C04396,Customer 04396,customer04396@example.com,Germany,Munich,2024-03-08,New
C04397,Customer 04397,customer04397@example.com,India,Bengaluru,2025-12-18,Regular
C04398,Customer 04398,customer04398@example.com,India,Hyderabad,2025-02-11,Regular
C04399,Customer 04399,customer04399@example.com,India,Delhi,2025-06-01,New
C04400,Customer 04400,customer04400@example.com,India,Chennai,2024-04-28,Regular
C04401,Customer 04401,customer04401@example.com,India,Chennai,2024-01-31,New
C04402,Customer 04402,customer04402@example.com,USA,Austin,2025-06-01,New
C04403,Customer 04403,customer04403@example.com,India,Bengaluru,2025-04-27,Premium
C04404,Customer 04404,customer04404@example.com,UK,London,2024-07-25,Regular
C04405,Customer 04405,customer04405@example.com,Netherlands,Amsterdam,2025-10-30,Premium
C04406,Customer 04406,customer04406@example.com,Canada,Vancouver,2025-08-01,Premium
C04407,Customer 04407,customer04407@example.com,UAE,Abu Dhabi,2025-01-21,Regular
C04408,Customer 04408,customer04408@example.com,India,Delhi,2025-02-15,Premium
C04409,Customer 04409,customer04409@example.com,UK,Birmingham,2025-01-04,VIP
C04410,Customer 04410,customer04410@example.com,USA,Seattle,2024-12-18,Regular
C04411,Customer 04411,customer04411@example.com,India,Pune,2024-12-01,Regular
C04412,Customer 04412,customer04412@example.com,India,Bengaluru,2024-10-15,Regular
C04413,Customer 04413,customer04413@example.com,Canada,Vancouver,2024-05-19,Premium
C04414,Customer 04414,customer04414@example.com,USA,Seattle,2024-10-26,New
C04415,Customer 04415,customer04415@example.com,UK,Birmingham,2024-01-13,Regular
C04416,Customer 04416,customer04416@example.com,UK,Manchester,2025-10-25,Premium
C04417,Customer 04417,customer04417@example.com,UK,Manchester,2025-03-03,Premium
C04418,Customer 04418,customer04418@example.com,India,Delhi,2025-02-03,Regular
C04419,Customer 04419,customer04419@example.com,India,Hyderabad,2024-04-18,Regular
C04420,Customer 04420,customer04420@example.com,India,Bengaluru,2025-04-29,Regular
C04421,Customer 04421,customer04421@example.com,India,Bengaluru,2024-12-21,Regular
C04422,Customer 04422,customer04422@example.com,Singapore,Singapore,2024-05-28,Premium
C04423,Customer 04423,customer04423@example.com,USA,Chicago,2025-12-16,New
C04424,Customer 04424,customer04424@example.com,Australia,Brisbane,2024-11-02,Regular
C04425,Customer 04425,customer04425@example.com,India,Hyderabad,2025-06-16,Premium
C04426,Customer 04426,customer04426@example.com,UK,Manchester,2024-02-29,Regular
C04427,Customer 04427,customer04427@example.com,India,Hyderabad,2025-03-10,Premium
C04428,Customer 04428,customer04428@example.com,India,Mumbai,2024-01-21,Regular
C04429,Customer 04429,customer04429@example.com,India,Pune,2025-01-16,Premium
C04430,Customer 04430,customer04430@example.com,Germany,Hamburg,2024-09-01,VIP
C04431,Customer 04431,customer04431@example.com,Canada,Toronto,2024-03-13,Regular
C04432,Customer 04432,customer04432@example.com,USA,Seattle,2025-03-24,Premium
C04433,Customer 04433,customer04433@example.com,UK,Birmingham,2024-03-16,VIP
C04434,Customer 04434,customer04434@example.com,UAE,Sharjah,2025-11-28,VIP
C04435,Customer 04435,customer04435@example.com,India,Chennai,2025-08-12,Regular
C04436,Customer 04436,customer04436@example.com,India,Hyderabad,2025-01-24,Regular
C04437,Customer 04437,customer04437@example.com,India,Chennai,2025-07-30,Regular
C04438,Customer 04438,customer04438@example.com,Germany,Berlin,2024-12-07,Regular
C04439,Customer 04439,customer04439@example.com,Netherlands,Amsterdam,2024-10-16,Regular
C04440,Customer 04440,customer04440@example.com,India,Pune,2025-07-21,New
C04441,Customer 04441,customer04441@example.com,France,Paris,2024-11-26,Regular
C04442,Customer 04442,customer04442@example.com,Germany,Berlin,2024-09-15,Regular
C04443,Customer 04443,customer04443@example.com,India,Pune,2025-03-01,Premium
C04444,Customer 04444,customer04444@example.com,UK,London,2025-12-02,Premium
C04445,Customer 04445,customer04445@example.com,UK,Leeds,2024-01-06,Regular
C04446,Customer 04446,customer04446@example.com,Singapore,Singapore,2024-01-06,Regular
C04447,Customer 04447,customer04447@example.com,India,Delhi,2024-07-09,Premium
C04448,Customer 04448,customer04448@example.com,Germany,Berlin,2024-05-27,New
C04449,Customer 04449,customer04449@example.com,India,Chennai,2025-02-08,New
C04450,Customer 04450,customer04450@example.com,Australia,Melbourne,2024-09-14,Premium
C04451,Customer 04451,customer04451@example.com,UK,Leeds,2025-12-30,New
C04452,Customer 04452,customer04452@example.com,USA,Chicago,2025-04-23,Premium
C04453,Customer 04453,customer04453@example.com,Germany,Berlin,2024-03-30,Premium
C04454,Customer 04454,customer04454@example.com,Germany,Hamburg,2024-01-10,Regular
C04455,Customer 04455,customer04455@example.com,France,Marseille,2024-03-27,Premium
C04456,Customer 04456,customer04456@example.com,India,Pune,2024-05-30,Regular
C04457,Customer 04457,customer04457@example.com,Canada,Toronto,2025-09-16,Premium
C04458,Customer 04458,customer04458@example.com,India,Mumbai,2024-01-30,Premium
C04459,Customer 04459,customer04459@example.com,UK,Leeds,2024-05-07,New
C04460,Customer 04460,customer04460@example.com,USA,New York,2024-03-18,Regular
C04461,Customer 04461,customer04461@example.com,UK,Birmingham,2025-02-24,Regular
C04462,Customer 04462,customer04462@example.com,USA,San Francisco,2024-02-24,New
C04463,Customer 04463,customer04463@example.com,Netherlands,Amsterdam,2025-04-24,VIP
C04464,Customer 04464,customer04464@example.com,India,Delhi,2024-10-31,Regular
C04465,Customer 04465,customer04465@example.com,Canada,Toronto,2025-06-29,Regular
C04466,Customer 04466,customer04466@example.com,UK,London,2024-04-14,New
C04467,Customer 04467,customer04467@example.com,India,Mumbai,2024-06-20,Regular
C04468,Customer 04468,customer04468@example.com,India,Hyderabad,2025-05-13,Premium
C04469,Customer 04469,customer04469@example.com,UAE,Dubai,2024-01-22,Regular
C04470,Customer 04470,customer04470@example.com,France,Lyon,2024-10-13,Premium
C04471,Customer 04471,customer04471@example.com,UAE,Dubai,2025-01-25,Premium
C04472,Customer 04472,customer04472@example.com,Netherlands,Amsterdam,2025-09-08,Regular
C04473,Customer 04473,customer04473@example.com,India,Mumbai,2024-05-28,Regular
C04474,Customer 04474,customer04474@example.com,UK,Manchester,2024-09-28,New
C04475,Customer 04475,customer04475@example.com,Canada,Vancouver,2024-10-25,New
C04476,Customer 04476,customer04476@example.com,UK,Leeds,2024-06-20,New
C04477,Customer 04477,customer04477@example.com,UK,Birmingham,2024-02-16,Premium
C04478,Customer 04478,customer04478@example.com,UK,Manchester,2025-09-17,VIP
C04479,Customer 04479,customer04479@example.com,USA,New York,2024-07-25,New
C04480,Customer 04480,customer04480@example.com,USA,San Francisco,2025-03-28,Regular
C04481,Customer 04481,customer04481@example.com,India,Delhi,2025-01-29,New
C04482,Customer 04482,customer04482@example.com,UK,Manchester,2024-10-27,Premium
C04483,Customer 04483,customer04483@example.com,USA,Seattle,2025-12-08,Regular
C04484,Customer 04484,customer04484@example.com,USA,Austin,2025-11-06,Regular
C04485,Customer 04485,customer04485@example.com,India,Bengaluru,2024-06-24,Regular
C04486,Customer 04486,customer04486@example.com,Australia,Sydney,2024-04-19,Regular
C04487,Customer 04487,customer04487@example.com,India,Hyderabad,2025-11-14,Regular
C04488,Customer 04488,customer04488@example.com,UK,London,2024-07-20,New
C04489,Customer 04489,customer04489@example.com,Germany,Berlin,2024-06-16,New
C04490,Customer 04490,customer04490@example.com,USA,San Francisco,2025-09-05,Regular
C04491,Customer 04491,customer04491@example.com,India,Pune,2024-03-26,Premium
C04492,Customer 04492,customer04492@example.com,Canada,Vancouver,2025-10-15,Regular
C04493,Customer 04493,customer04493@example.com,USA,Chicago,2025-12-25,New
C04494,Customer 04494,customer04494@example.com,Germany,Berlin,2024-02-20,Premium
C04495,Customer 04495,customer04495@example.com,Australia,Brisbane,2024-04-21,New
C04496,Customer 04496,customer04496@example.com,USA,New York,2025-04-07,New
C04497,Customer 04497,customer04497@example.com,UK,London,2025-03-17,Premium
C04498,Customer 04498,customer04498@example.com,India,Mumbai,2024-09-27,Regular
C04499,Customer 04499,customer04499@example.com,India,Pune,2025-07-30,Regular
C04500,Customer 04500,customer04500@example.com,UK,Manchester,2024-12-09,Premium
C04501,Customer 04501,customer04501@example.com,USA,Seattle,2024-07-01,Premium
C04502,Customer 04502,customer04502@example.com,USA,Austin,2025-05-17,New
C04503,Customer 04503,customer04503@example.com,India,Mumbai,2024-01-10,Regular
C04504,Customer 04504,customer04504@example.com,India,Delhi,2025-05-08,Regular
C04505,Customer 04505,customer04505@example.com,UK,London,2024-08-21,VIP
C04506,Customer 04506,customer04506@example.com,India,Hyderabad,2024-10-24,VIP
C04507,Customer 04507,customer04507@example.com,Australia,Sydney,2024-08-31,Regular
C04508,Customer 04508,customer04508@example.com,India,Hyderabad,2025-05-23,Regular
C04509,Customer 04509,customer04509@example.com,USA,Austin,2024-12-16,New
C04510,Customer 04510,customer04510@example.com,UAE,Abu Dhabi,2024-09-23,New
C04511,Customer 04511,customer04511@example.com,India,Pune,2025-09-21,Regular
C04512,Customer 04512,customer04512@example.com,UK,Birmingham,2025-10-17,Regular
C04513,Customer 04513,customer04513@example.com,India,Delhi,2024-07-19,Regular
C04514,Customer 04514,customer04514@example.com,USA,New York,2024-08-26,Regular
C04515,Customer 04515,customer04515@example.com,USA,New York,2024-11-29,Premium
C04516,Customer 04516,customer04516@example.com,UK,London,2025-02-18,Premium
C04517,Customer 04517,customer04517@example.com,USA,New York,2025-04-28,Premium
C04518,Customer 04518,customer04518@example.com,France,Paris,2025-03-12,New
C04519,Customer 04519,customer04519@example.com,India,Pune,2024-09-02,Premium
C04520,Customer 04520,customer04520@example.com,India,Pune,2024-01-08,Premium
C04521,Customer 04521,customer04521@example.com,France,Paris,2024-05-31,New
C04522,Customer 04522,customer04522@example.com,USA,Austin,2025-01-26,Regular
C04523,Customer 04523,customer04523@example.com,France,Lyon,2024-07-29,VIP
C04524,Customer 04524,customer04524@example.com,USA,Seattle,2025-01-01,Regular
C04525,Customer 04525,customer04525@example.com,Germany,Hamburg,2025-10-31,Regular
C04526,Customer 04526,customer04526@example.com,UK,Birmingham,2025-07-23,New
C04527,Customer 04527,customer04527@example.com,Australia,Brisbane,2024-03-26,Regular
C04528,Customer 04528,customer04528@example.com,UAE,Dubai,2024-02-24,Regular
C04529,Customer 04529,customer04529@example.com,USA,Austin,2025-12-13,New
C04530,Customer 04530,customer04530@example.com,India,Mumbai,2025-09-25,Regular
C04531,Customer 04531,customer04531@example.com,India,Bengaluru,2025-03-21,New
C04532,Customer 04532,customer04532@example.com,India,Hyderabad,2025-09-11,Premium
C04533,Customer 04533,customer04533@example.com,India,Delhi,2024-10-30,VIP
C04534,Customer 04534,customer04534@example.com,India,Delhi,2024-05-11,Regular
C04535,Customer 04535,customer04535@example.com,USA,Seattle,2025-02-24,Regular
C04536,Customer 04536,customer04536@example.com,USA,Austin,2025-01-19,Regular
C04537,Customer 04537,customer04537@example.com,UK,Leeds,2024-07-16,New
C04538,Customer 04538,customer04538@example.com,USA,Seattle,2024-02-16,VIP
C04539,Customer 04539,customer04539@example.com,India,Delhi,2024-07-21,New
C04540,Customer 04540,customer04540@example.com,India,Pune,2024-09-17,New
C04541,Customer 04541,customer04541@example.com,India,Bengaluru,2025-11-20,Regular
C04542,Customer 04542,customer04542@example.com,USA,New York,2024-01-24,Regular
C04543,Customer 04543,customer04543@example.com,India,Bengaluru,2025-11-17,Regular
C04544,Customer 04544,customer04544@example.com,India,Pune,2024-12-05,New
C04545,Customer 04545,customer04545@example.com,UK,London,2025-02-15,Premium
C04546,Customer 04546,customer04546@example.com,Germany,Berlin,2024-09-17,Regular
C04547,Customer 04547,customer04547@example.com,India,Hyderabad,2024-10-12,New
C04548,Customer 04548,customer04548@example.com,USA,Seattle,2025-05-27,Regular
C04549,Customer 04549,customer04549@example.com,Canada,Montreal,2024-03-26,New
C04550,Customer 04550,customer04550@example.com,Germany,Munich,2025-03-05,Regular
C04551,Customer 04551,customer04551@example.com,UAE,Sharjah,2025-08-03,Regular
C04552,Customer 04552,customer04552@example.com,India,Pune,2024-01-31,Premium
C04553,Customer 04553,customer04553@example.com,India,Delhi,2025-12-10,Regular
C04554,Customer 04554,customer04554@example.com,France,Paris,2025-08-25,New
C04555,Customer 04555,customer04555@example.com,UK,Leeds,2025-03-15,New
C04556,Customer 04556,customer04556@example.com,USA,Austin,2024-12-14,Regular
C04557,Customer 04557,customer04557@example.com,Canada,Montreal,2025-02-15,New
C04558,Customer 04558,customer04558@example.com,Canada,Toronto,2025-06-11,Regular
C04559,Customer 04559,customer04559@example.com,UAE,Sharjah,2024-11-05,New
C04560,Customer 04560,customer04560@example.com,Netherlands,Amsterdam,2025-01-30,Regular
C04561,Customer 04561,customer04561@example.com,Australia,Melbourne,2024-12-03,Regular
C04562,Customer 04562,customer04562@example.com,India,Delhi,2025-11-04,New
C04563,Customer 04563,customer04563@example.com,France,Paris,2025-03-12,Regular
C04564,Customer 04564,customer04564@example.com,India,Delhi,2025-12-04,New
C04565,Customer 04565,customer04565@example.com,India,Delhi,2025-10-24,Regular
C04566,Customer 04566,customer04566@example.com,France,Paris,2024-12-30,Regular
C04567,Customer 04567,customer04567@example.com,India,Hyderabad,2024-04-22,New
C04568,Customer 04568,customer04568@example.com,India,Mumbai,2024-06-24,Regular
C04569,Customer 04569,customer04569@example.com,India,Pune,2024-05-28,Regular
C04570,Customer 04570,customer04570@example.com,France,Lyon,2024-06-26,Premium
C04571,Customer 04571,customer04571@example.com,UK,London,2025-01-16,VIP
C04572,Customer 04572,customer04572@example.com,Canada,Montreal,2024-08-10,New
C04573,Customer 04573,customer04573@example.com,India,Pune,2024-09-15,Regular
C04574,Customer 04574,customer04574@example.com,Australia,Brisbane,2024-07-07,Regular
C04575,Customer 04575,customer04575@example.com,Australia,Brisbane,2024-11-01,New
C04576,Customer 04576,customer04576@example.com,India,Chennai,2025-01-12,New
C04577,Customer 04577,customer04577@example.com,UK,Manchester,2025-08-24,Premium
C04578,Customer 04578,customer04578@example.com,India,Pune,2024-12-08,Regular
C04579,Customer 04579,customer04579@example.com,Singapore,Singapore,2024-06-04,VIP
C04580,Customer 04580,customer04580@example.com,USA,San Francisco,2025-12-12,Regular
C04581,Customer 04581,customer04581@example.com,UAE,Sharjah,2024-02-24,New
C04582,Customer 04582,customer04582@example.com,India,Pune,2025-03-17,Premium
C04583,Customer 04583,customer04583@example.com,Germany,Hamburg,2025-11-15,Premium
C04584,Customer 04584,customer04584@example.com,Australia,Brisbane,2024-07-18,Premium
C04585,Customer 04585,customer04585@example.com,Canada,Toronto,2025-02-06,Premium
C04586,Customer 04586,customer04586@example.com,Singapore,Singapore,2025-09-05,Regular
C04587,Customer 04587,customer04587@example.com,UK,Manchester,2025-10-24,New
C04588,Customer 04588,customer04588@example.com,India,Delhi,2025-09-14,New
C04589,Customer 04589,customer04589@example.com,Canada,Vancouver,2025-08-25,Regular
C04590,Customer 04590,customer04590@example.com,Australia,Brisbane,2024-06-25,VIP
C04591,Customer 04591,customer04591@example.com,USA,Seattle,2025-03-24,Premium
C04592,Customer 04592,customer04592@example.com,India,Bengaluru,2025-06-24,Premium
C04593,Customer 04593,customer04593@example.com,UK,London,2024-10-27,Regular
C04594,Customer 04594,customer04594@example.com,India,Hyderabad,2025-12-07,Regular
C04595,Customer 04595,customer04595@example.com,UK,Manchester,2024-11-02,Premium
C04596,Customer 04596,customer04596@example.com,USA,San Francisco,2024-09-23,Regular
C04597,Customer 04597,customer04597@example.com,Australia,Melbourne,2024-08-01,Regular
C04598,Customer 04598,customer04598@example.com,India,Delhi,2025-08-16,Regular
C04599,Customer 04599,customer04599@example.com,UK,Manchester,2025-10-01,Regular
C04600,Customer 04600,customer04600@example.com,India,Hyderabad,2025-04-27,VIP
C04601,Customer 04601,customer04601@example.com,India,Delhi,2024-09-18,Regular
C04602,Customer 04602,customer04602@example.com,Germany,Munich,2024-03-07,New
C04603,Customer 04603,customer04603@example.com,UAE,Dubai,2025-07-27,Regular
C04604,Customer 04604,customer04604@example.com,UK,Birmingham,2024-05-12,Regular
C04605,Customer 04605,customer04605@example.com,Australia,Melbourne,2025-10-10,Regular
C04606,Customer 04606,customer04606@example.com,France,Paris,2025-06-23,New
C04607,Customer 04607,customer04607@example.com,Germany,Hamburg,2025-05-26,Premium
C04608,Customer 04608,customer04608@example.com,India,Bengaluru,2024-07-29,Premium
C04609,Customer 04609,customer04609@example.com,Singapore,Singapore,2025-12-17,New
C04610,Customer 04610,customer04610@example.com,UK,Leeds,2024-09-09,New
C04611,Customer 04611,customer04611@example.com,India,Bengaluru,2024-02-07,Regular
C04612,Customer 04612,customer04612@example.com,India,Hyderabad,2024-02-12,Premium
C04613,Customer 04613,customer04613@example.com,UK,Leeds,2025-09-20,New
C04614,Customer 04614,customer04614@example.com,India,Delhi,2025-02-08,New
C04615,Customer 04615,customer04615@example.com,India,Chennai,2025-12-02,Regular
C04616,Customer 04616,customer04616@example.com,India,Delhi,2024-02-15,Regular
C04617,Customer 04617,customer04617@example.com,Germany,Berlin,2025-03-29,Regular
C04618,Customer 04618,customer04618@example.com,France,Lyon,2025-11-08,Premium
C04619,Customer 04619,customer04619@example.com,India,Delhi,2024-10-31,VIP
C04620,Customer 04620,customer04620@example.com,France,Lyon,2025-12-15,New
C04621,Customer 04621,customer04621@example.com,France,Paris,2024-08-20,Regular
C04622,Customer 04622,customer04622@example.com,Australia,Melbourne,2024-09-01,New
C04623,Customer 04623,customer04623@example.com,India,Pune,2025-12-21,New
C04624,Customer 04624,customer04624@example.com,Canada,Montreal,2024-10-21,New
C04625,Customer 04625,customer04625@example.com,UAE,Dubai,2025-01-17,Regular
C04626,Customer 04626,customer04626@example.com,Canada,Toronto,2024-06-06,Premium
C04627,Customer 04627,customer04627@example.com,India,Delhi,2025-02-08,Regular
C04628,Customer 04628,customer04628@example.com,UK,Leeds,2024-01-01,Regular
C04629,Customer 04629,customer04629@example.com,USA,New York,2024-08-04,New
C04630,Customer 04630,customer04630@example.com,USA,San Francisco,2025-05-21,Regular
C04631,Customer 04631,customer04631@example.com,India,Chennai,2025-08-03,New
C04632,Customer 04632,customer04632@example.com,India,Hyderabad,2024-01-30,Regular
C04633,Customer 04633,customer04633@example.com,Germany,Berlin,2025-09-18,Regular
C04634,Customer 04634,customer04634@example.com,France,Marseille,2025-06-03,Premium
C04635,Customer 04635,customer04635@example.com,India,Chennai,2024-10-01,New
C04636,Customer 04636,customer04636@example.com,Singapore,Singapore,2025-05-06,Regular
C04637,Customer 04637,customer04637@example.com,India,Chennai,2024-02-05,New
C04638,Customer 04638,customer04638@example.com,Canada,Montreal,2024-11-06,Regular
C04639,Customer 04639,customer04639@example.com,Australia,Sydney,2024-02-13,Regular
C04640,Customer 04640,customer04640@example.com,Germany,Hamburg,2024-06-03,Premium
C04641,Customer 04641,customer04641@example.com,UAE,Sharjah,2024-03-17,Regular
C04642,Customer 04642,customer04642@example.com,India,Delhi,2025-08-12,Regular
C04643,Customer 04643,customer04643@example.com,France,Lyon,2025-09-04,Regular
C04644,Customer 04644,customer04644@example.com,India,Mumbai,2025-03-13,New
C04645,Customer 04645,customer04645@example.com,Canada,Toronto,2025-03-07,Regular
C04646,Customer 04646,customer04646@example.com,Australia,Sydney,2025-06-25,Premium
C04647,Customer 04647,customer04647@example.com,Canada,Vancouver,2024-02-08,Regular
C04648,Customer 04648,customer04648@example.com,India,Mumbai,2024-08-26,Premium
C04649,Customer 04649,customer04649@example.com,France,Marseille,2024-01-13,Regular
C04650,Customer 04650,customer04650@example.com,India,Chennai,2024-05-01,Regular
C04651,Customer 04651,customer04651@example.com,India,Chennai,2024-05-23,Regular
C04652,Customer 04652,customer04652@example.com,Canada,Vancouver,2025-11-14,New
C04653,Customer 04653,customer04653@example.com,UK,Birmingham,2025-03-30,Regular
C04654,Customer 04654,customer04654@example.com,Germany,Hamburg,2025-01-02,Premium
C04655,Customer 04655,customer04655@example.com,UK,Leeds,2024-09-03,Regular
C04656,Customer 04656,customer04656@example.com,India,Hyderabad,2024-02-14,Regular
C04657,Customer 04657,customer04657@example.com,Germany,Berlin,2025-01-09,Premium
C04658,Customer 04658,customer04658@example.com,USA,Chicago,2024-10-17,Regular
C04659,Customer 04659,customer04659@example.com,India,Hyderabad,2024-07-25,Premium
C04660,Customer 04660,customer04660@example.com,Australia,Melbourne,2025-06-02,Regular
C04661,Customer 04661,customer04661@example.com,USA,Austin,2024-08-29,Regular
C04662,Customer 04662,customer04662@example.com,USA,Austin,2025-09-13,Regular
C04663,Customer 04663,customer04663@example.com,UK,Birmingham,2024-04-23,New
C04664,Customer 04664,customer04664@example.com,Germany,Hamburg,2024-10-28,Premium
C04665,Customer 04665,customer04665@example.com,Germany,Berlin,2024-10-02,Premium
C04666,Customer 04666,customer04666@example.com,Canada,Toronto,2024-04-05,Regular
C04667,Customer 04667,customer04667@example.com,India,Bengaluru,2024-10-20,New
C04668,Customer 04668,customer04668@example.com,Germany,Munich,2025-12-01,Regular
C04669,Customer 04669,customer04669@example.com,Canada,Toronto,2024-12-25,Regular
C04670,Customer 04670,customer04670@example.com,Canada,Montreal,2024-10-14,Regular
C04671,Customer 04671,customer04671@example.com,UK,Leeds,2024-06-02,Regular
C04672,Customer 04672,customer04672@example.com,France,Paris,2025-07-23,Premium
C04673,Customer 04673,customer04673@example.com,Australia,Melbourne,2025-02-26,Regular
C04674,Customer 04674,customer04674@example.com,India,Chennai,2024-02-19,VIP
C04675,Customer 04675,customer04675@example.com,UK,Manchester,2024-07-25,Regular
C04676,Customer 04676,customer04676@example.com,France,Paris,2025-07-17,VIP
C04677,Customer 04677,customer04677@example.com,India,Hyderabad,2025-10-23,New
C04678,Customer 04678,customer04678@example.com,Singapore,Singapore,2025-07-18,New
C04679,Customer 04679,customer04679@example.com,Canada,Toronto,2024-07-31,Premium
C04680,Customer 04680,customer04680@example.com,USA,Seattle,2024-03-06,Regular
C04681,Customer 04681,customer04681@example.com,India,Bengaluru,2024-08-19,Premium
C04682,Customer 04682,customer04682@example.com,India,Pune,2025-10-24,Regular
C04683,Customer 04683,customer04683@example.com,UAE,Abu Dhabi,2025-12-17,Premium
C04684,Customer 04684,customer04684@example.com,India,Hyderabad,2024-11-15,New
C04685,Customer 04685,customer04685@example.com,Australia,Melbourne,2024-05-16,New
C04686,Customer 04686,customer04686@example.com,UK,London,2025-10-08,Regular
C04687,Customer 04687,customer04687@example.com,India,Pune,2025-07-19,Premium
C04688,Customer 04688,customer04688@example.com,India,Pune,2024-03-05,Regular
C04689,Customer 04689,customer04689@example.com,USA,San Francisco,2025-05-28,Regular
C04690,Customer 04690,customer04690@example.com,Singapore,Singapore,2024-05-11,Regular
C04691,Customer 04691,customer04691@example.com,UK,Leeds,2024-11-29,New
C04692,Customer 04692,customer04692@example.com,UK,Leeds,2024-02-01,Regular
C04693,Customer 04693,customer04693@example.com,India,Pune,2025-05-12,Regular
C04694,Customer 04694,customer04694@example.com,USA,San Francisco,2024-08-30,Regular
C04695,Customer 04695,customer04695@example.com,UK,Manchester,2024-07-10,Regular
C04696,Customer 04696,customer04696@example.com,France,Lyon,2024-05-21,Premium
C04697,Customer 04697,customer04697@example.com,UK,London,2025-10-21,New
C04698,Customer 04698,customer04698@example.com,UK,London,2025-08-23,Regular
C04699,Customer 04699,customer04699@example.com,India,Chennai,2025-07-14,Regular
C04700,Customer 04700,customer04700@example.com,Netherlands,Rotterdam,2025-10-09,Regular
C04701,Customer 04701,customer04701@example.com,India,Chennai,2024-07-09,Regular
C04702,Customer 04702,customer04702@example.com,India,Delhi,2024-05-28,Premium
C04703,Customer 04703,customer04703@example.com,Canada,Montreal,2025-08-21,Regular
C04704,Customer 04704,customer04704@example.com,USA,Chicago,2025-02-19,New
C04705,Customer 04705,customer04705@example.com,UK,Manchester,2025-06-03,New
C04706,Customer 04706,customer04706@example.com,UK,Manchester,2024-01-16,Premium
C04707,Customer 04707,customer04707@example.com,Germany,Berlin,2024-04-15,Regular
C04708,Customer 04708,customer04708@example.com,India,Delhi,2024-10-09,New
C04709,Customer 04709,customer04709@example.com,Germany,Hamburg,2024-04-13,New
C04710,Customer 04710,customer04710@example.com,USA,San Francisco,2024-12-26,Regular
C04711,Customer 04711,customer04711@example.com,UK,Birmingham,2025-10-19,Regular
C04712,Customer 04712,customer04712@example.com,UK,Leeds,2024-02-04,New
C04713,Customer 04713,customer04713@example.com,India,Delhi,2024-04-22,Regular
C04714,Customer 04714,customer04714@example.com,Australia,Brisbane,2024-11-03,Regular
C04715,Customer 04715,customer04715@example.com,USA,Chicago,2024-02-22,Premium
C04716,Customer 04716,customer04716@example.com,India,Mumbai,2024-03-21,New
C04717,Customer 04717,customer04717@example.com,USA,Seattle,2025-09-07,Premium
C04718,Customer 04718,customer04718@example.com,Netherlands,Rotterdam,2025-01-03,Regular
C04719,Customer 04719,customer04719@example.com,UK,Birmingham,2024-08-29,New
C04720,Customer 04720,customer04720@example.com,UAE,Abu Dhabi,2024-01-31,Regular
C04721,Customer 04721,customer04721@example.com,India,Bengaluru,2025-12-04,New
C04722,Customer 04722,customer04722@example.com,India,Bengaluru,2024-12-26,Regular
C04723,Customer 04723,customer04723@example.com,India,Delhi,2024-08-20,Regular
C04724,Customer 04724,customer04724@example.com,UK,Birmingham,2025-09-01,New
C04725,Customer 04725,customer04725@example.com,India,Pune,2024-02-03,New
C04726,Customer 04726,customer04726@example.com,India,Chennai,2024-08-30,Premium
C04727,Customer 04727,customer04727@example.com,UAE,Abu Dhabi,2024-02-28,Regular
C04728,Customer 04728,customer04728@example.com,Germany,Hamburg,2025-06-12,Regular
C04729,Customer 04729,customer04729@example.com,Australia,Brisbane,2024-03-18,Regular
C04730,Customer 04730,customer04730@example.com,India,Chennai,2025-12-18,Premium
C04731,Customer 04731,customer04731@example.com,India,Pune,2024-10-28,Regular
C04732,Customer 04732,customer04732@example.com,India,Bengaluru,2025-11-08,Regular
C04733,Customer 04733,customer04733@example.com,Australia,Sydney,2024-04-21,New
C04734,Customer 04734,customer04734@example.com,UAE,Dubai,2025-02-16,New
C04735,Customer 04735,customer04735@example.com,UK,Birmingham,2024-11-12,Regular
C04736,Customer 04736,customer04736@example.com,India,Pune,2024-05-24,Regular
C04737,Customer 04737,customer04737@example.com,USA,Austin,2025-10-29,Regular
C04738,Customer 04738,customer04738@example.com,India,Pune,2025-11-20,Regular
C04739,Customer 04739,customer04739@example.com,UK,Manchester,2025-10-09,Regular
C04740,Customer 04740,customer04740@example.com,USA,Chicago,2024-01-18,Regular
C04741,Customer 04741,customer04741@example.com,Canada,Montreal,2024-12-16,New
C04742,Customer 04742,customer04742@example.com,India,Chennai,2024-06-03,New
C04743,Customer 04743,customer04743@example.com,India,Pune,2025-05-20,Premium
C04744,Customer 04744,customer04744@example.com,Netherlands,Rotterdam,2024-12-25,Regular
C04745,Customer 04745,customer04745@example.com,India,Pune,2024-11-27,Regular
C04746,Customer 04746,customer04746@example.com,India,Hyderabad,2025-06-11,Regular
C04747,Customer 04747,customer04747@example.com,India,Mumbai,2024-01-12,Regular
C04748,Customer 04748,customer04748@example.com,India,Chennai,2024-03-15,New
C04749,Customer 04749,customer04749@example.com,UK,Leeds,2024-07-30,Premium
C04750,Customer 04750,customer04750@example.com,Germany,Hamburg,2025-11-21,Regular
C04751,Customer 04751,customer04751@example.com,India,Chennai,2025-10-02,New
C04752,Customer 04752,customer04752@example.com,UK,Leeds,2024-10-09,Premium
C04753,Customer 04753,customer04753@example.com,Canada,Montreal,2024-07-13,Regular
C04754,Customer 04754,customer04754@example.com,UK,Birmingham,2024-01-30,Premium
C04755,Customer 04755,customer04755@example.com,France,Lyon,2024-01-09,New
C04756,Customer 04756,customer04756@example.com,France,Paris,2024-11-04,New
C04757,Customer 04757,customer04757@example.com,India,Chennai,2025-03-20,New
C04758,Customer 04758,customer04758@example.com,Australia,Sydney,2024-11-05,New
C04759,Customer 04759,customer04759@example.com,UK,London,2025-11-07,Premium
C04760,Customer 04760,customer04760@example.com,Netherlands,Rotterdam,2025-12-05,Regular
C04761,Customer 04761,customer04761@example.com,UK,Manchester,2025-03-01,Regular
C04762,Customer 04762,customer04762@example.com,Netherlands,Amsterdam,2025-12-04,Premium
C04763,Customer 04763,customer04763@example.com,Australia,Brisbane,2025-08-13,Regular
C04764,Customer 04764,customer04764@example.com,India,Hyderabad,2025-11-21,Premium
C04765,Customer 04765,customer04765@example.com,USA,Chicago,2024-03-31,Premium
C04766,Customer 04766,customer04766@example.com,Netherlands,Rotterdam,2025-03-31,Regular
C04767,Customer 04767,customer04767@example.com,France,Paris,2025-03-19,New
C04768,Customer 04768,customer04768@example.com,India,Mumbai,2025-12-27,Premium
C04769,Customer 04769,customer04769@example.com,Canada,Montreal,2024-03-19,Regular
C04770,Customer 04770,customer04770@example.com,India,Mumbai,2025-04-19,Premium
C04771,Customer 04771,customer04771@example.com,India,Bengaluru,2024-04-12,New
C04772,Customer 04772,customer04772@example.com,UK,London,2025-09-14,Regular
C04773,Customer 04773,customer04773@example.com,India,Pune,2025-03-31,Regular
C04774,Customer 04774,customer04774@example.com,Germany,Munich,2024-11-09,New
C04775,Customer 04775,customer04775@example.com,India,Bengaluru,2024-09-03,Regular
C04776,Customer 04776,customer04776@example.com,Germany,Hamburg,2024-08-21,New
C04777,Customer 04777,customer04777@example.com,India,Hyderabad,2025-08-16,Regular
C04778,Customer 04778,customer04778@example.com,India,Mumbai,2025-10-05,Premium
C04779,Customer 04779,customer04779@example.com,India,Delhi,2024-08-22,Regular
C04780,Customer 04780,customer04780@example.com,India,Hyderabad,2025-01-21,Premium
C04781,Customer 04781,customer04781@example.com,India,Chennai,2025-09-02,New
C04782,Customer 04782,customer04782@example.com,India,Pune,2024-02-07,Regular
C04783,Customer 04783,customer04783@example.com,USA,San Francisco,2024-06-09,Premium
C04784,Customer 04784,customer04784@example.com,India,Bengaluru,2025-04-06,Regular
C04785,Customer 04785,customer04785@example.com,UK,Leeds,2025-03-24,Premium
C04786,Customer 04786,customer04786@example.com,UK,Manchester,2024-04-26,Regular
C04787,Customer 04787,customer04787@example.com,France,Marseille,2024-08-28,Regular
C04788,Customer 04788,customer04788@example.com,UAE,Sharjah,2024-01-26,Premium
C04789,Customer 04789,customer04789@example.com,UK,Birmingham,2025-10-09,New
C04790,Customer 04790,customer04790@example.com,India,Pune,2025-07-15,New
C04791,Customer 04791,customer04791@example.com,India,Pune,2024-10-24,Regular
C04792,Customer 04792,customer04792@example.com,Singapore,Singapore,2024-06-02,Premium
C04793,Customer 04793,customer04793@example.com,India,Delhi,2025-10-13,Premium
C04794,Customer 04794,customer04794@example.com,India,Delhi,2025-04-12,New
C04795,Customer 04795,customer04795@example.com,India,Delhi,2024-02-18,VIP
C04796,Customer 04796,customer04796@example.com,India,Pune,2025-10-15,Regular
C04797,Customer 04797,customer04797@example.com,India,Mumbai,2024-02-15,Premium
C04798,Customer 04798,customer04798@example.com,Germany,Hamburg,2025-11-05,Regular
C04799,Customer 04799,customer04799@example.com,India,Hyderabad,2024-10-11,Regular
C04800,Customer 04800,customer04800@example.com,USA,New York,2025-09-19,Premium
C04801,Customer 04801,customer04801@example.com,India,Pune,2024-03-22,Regular
C04802,Customer 04802,customer04802@example.com,India,Mumbai,2024-02-13,VIP
C04803,Customer 04803,customer04803@example.com,UAE,Dubai,2025-12-06,Regular
C04804,Customer 04804,customer04804@example.com,India,Chennai,2024-09-29,Regular
C04805,Customer 04805,customer04805@example.com,Germany,Munich,2025-01-28,Premium
C04806,Customer 04806,customer04806@example.com,USA,Chicago,2025-08-17,VIP
C04807,Customer 04807,customer04807@example.com,India,Pune,2024-02-27,Regular
C04808,Customer 04808,customer04808@example.com,Singapore,Singapore,2025-07-18,New
C04809,Customer 04809,customer04809@example.com,India,Chennai,2024-01-01,Premium
C04810,Customer 04810,customer04810@example.com,France,Marseille,2024-08-03,Premium
C04811,Customer 04811,customer04811@example.com,India,Pune,2024-11-12,Regular
C04812,Customer 04812,customer04812@example.com,France,Marseille,2024-08-15,Regular
C04813,Customer 04813,customer04813@example.com,India,Bengaluru,2025-04-17,Premium
C04814,Customer 04814,customer04814@example.com,USA,Chicago,2025-04-28,New
C04815,Customer 04815,customer04815@example.com,Australia,Melbourne,2025-11-01,VIP
C04816,Customer 04816,customer04816@example.com,UAE,Abu Dhabi,2024-10-13,Regular
C04817,Customer 04817,customer04817@example.com,UAE,Dubai,2025-05-25,Regular
C04818,Customer 04818,customer04818@example.com,Germany,Hamburg,2025-07-31,Regular
C04819,Customer 04819,customer04819@example.com,France,Paris,2025-04-02,Regular
C04820,Customer 04820,customer04820@example.com,India,Bengaluru,2024-04-04,Regular
C04821,Customer 04821,customer04821@example.com,India,Bengaluru,2025-05-07,VIP
C04822,Customer 04822,customer04822@example.com,India,Pune,2024-05-29,Regular
C04823,Customer 04823,customer04823@example.com,UK,London,2024-01-23,Premium
C04824,Customer 04824,customer04824@example.com,UK,Leeds,2024-08-02,New
C04825,Customer 04825,customer04825@example.com,USA,New York,2025-02-02,Premium
C04826,Customer 04826,customer04826@example.com,India,Delhi,2025-02-13,Regular
C04827,Customer 04827,customer04827@example.com,Canada,Vancouver,2024-05-10,New
C04828,Customer 04828,customer04828@example.com,India,Chennai,2024-05-27,New
C04829,Customer 04829,customer04829@example.com,India,Mumbai,2025-01-15,Regular
C04830,Customer 04830,customer04830@example.com,UK,Manchester,2024-04-18,VIP
C04831,Customer 04831,customer04831@example.com,Germany,Berlin,2025-07-05,Regular
C04832,Customer 04832,customer04832@example.com,Australia,Brisbane,2024-04-30,Regular
C04833,Customer 04833,customer04833@example.com,USA,Austin,2024-10-21,New
C04834,Customer 04834,customer04834@example.com,India,Hyderabad,2024-04-29,Regular
C04835,Customer 04835,customer04835@example.com,USA,Austin,2025-03-31,New
C04836,Customer 04836,customer04836@example.com,India,Delhi,2025-06-13,Regular
C04837,Customer 04837,customer04837@example.com,UK,Manchester,2024-06-17,Regular
C04838,Customer 04838,customer04838@example.com,UK,London,2025-12-10,VIP
C04839,Customer 04839,customer04839@example.com,India,Bengaluru,2024-05-22,Regular
C04840,Customer 04840,customer04840@example.com,India,Mumbai,2024-02-06,New
C04841,Customer 04841,customer04841@example.com,Singapore,Singapore,2025-11-28,Premium
C04842,Customer 04842,customer04842@example.com,Singapore,Singapore,2024-09-17,Premium
C04843,Customer 04843,customer04843@example.com,UK,Leeds,2024-08-18,Premium
C04844,Customer 04844,customer04844@example.com,India,Chennai,2024-09-10,New
C04845,Customer 04845,customer04845@example.com,India,Chennai,2024-11-24,Regular
C04846,Customer 04846,customer04846@example.com,UK,Birmingham,2024-10-23,VIP
C04847,Customer 04847,customer04847@example.com,UAE,Dubai,2024-01-10,New
C04848,Customer 04848,customer04848@example.com,India,Pune,2025-03-21,Regular
C04849,Customer 04849,customer04849@example.com,Australia,Melbourne,2024-08-17,Regular
C04850,Customer 04850,customer04850@example.com,India,Chennai,2025-06-19,Regular
C04851,Customer 04851,customer04851@example.com,Netherlands,Amsterdam,2024-03-18,Premium
C04852,Customer 04852,customer04852@example.com,UK,Manchester,2025-02-28,Regular
C04853,Customer 04853,customer04853@example.com,Australia,Brisbane,2024-07-11,Premium
C04854,Customer 04854,customer04854@example.com,India,Hyderabad,2025-02-04,Regular
C04855,Customer 04855,customer04855@example.com,USA,San Francisco,2024-04-18,VIP
C04856,Customer 04856,customer04856@example.com,India,Bengaluru,2024-09-19,Regular
C04857,Customer 04857,customer04857@example.com,India,Delhi,2024-11-24,New
C04858,Customer 04858,customer04858@example.com,UAE,Sharjah,2024-12-28,Regular
C04859,Customer 04859,customer04859@example.com,UAE,Sharjah,2025-01-12,Premium
C04860,Customer 04860,customer04860@example.com,France,Lyon,2024-12-06,Premium
C04861,Customer 04861,customer04861@example.com,USA,New York,2024-09-15,Regular
C04862,Customer 04862,customer04862@example.com,Germany,Munich,2024-11-30,Regular
C04863,Customer 04863,customer04863@example.com,India,Bengaluru,2024-03-25,Premium
C04864,Customer 04864,customer04864@example.com,India,Bengaluru,2025-06-05,Premium
C04865,Customer 04865,customer04865@example.com,India,Pune,2025-07-24,Regular
C04866,Customer 04866,customer04866@example.com,USA,Austin,2024-11-03,Premium
C04867,Customer 04867,customer04867@example.com,UK,Birmingham,2024-09-18,Regular
C04868,Customer 04868,customer04868@example.com,India,Mumbai,2025-09-22,New
C04869,Customer 04869,customer04869@example.com,USA,Austin,2025-11-10,New
C04870,Customer 04870,customer04870@example.com,Germany,Berlin,2025-12-01,VIP
C04871,Customer 04871,customer04871@example.com,UK,Leeds,2025-03-27,New
C04872,Customer 04872,customer04872@example.com,India,Chennai,2024-09-07,Regular
C04873,Customer 04873,customer04873@example.com,India,Pune,2024-11-19,Premium
C04874,Customer 04874,customer04874@example.com,India,Hyderabad,2024-08-16,New
C04875,Customer 04875,customer04875@example.com,India,Hyderabad,2025-12-02,Premium
C04876,Customer 04876,customer04876@example.com,USA,Austin,2025-09-27,Premium
C04877,Customer 04877,customer04877@example.com,USA,Seattle,2025-08-18,VIP
C04878,Customer 04878,customer04878@example.com,Canada,Toronto,2024-10-23,Regular
C04879,Customer 04879,customer04879@example.com,UK,Manchester,2025-12-27,Regular
C04880,Customer 04880,customer04880@example.com,Germany,Berlin,2024-08-24,Premium
C04881,Customer 04881,customer04881@example.com,India,Pune,2025-09-16,Regular
C04882,Customer 04882,customer04882@example.com,UK,Birmingham,2024-08-04,Regular
C04883,Customer 04883,customer04883@example.com,Germany,Munich,2024-09-02,Regular
C04884,Customer 04884,customer04884@example.com,India,Hyderabad,2025-03-23,Regular
C04885,Customer 04885,customer04885@example.com,India,Delhi,2024-11-14,Premium
C04886,Customer 04886,customer04886@example.com,France,Lyon,2025-03-07,Regular
C04887,Customer 04887,customer04887@example.com,India,Chennai,2025-02-07,New
C04888,Customer 04888,customer04888@example.com,Canada,Montreal,2024-02-06,New
C04889,Customer 04889,customer04889@example.com,India,Mumbai,2025-07-29,New
C04890,Customer 04890,customer04890@example.com,Canada,Toronto,2025-12-31,Regular
C04891,Customer 04891,customer04891@example.com,India,Chennai,2024-12-07,Premium
C04892,Customer 04892,customer04892@example.com,India,Mumbai,2025-01-23,New
C04893,Customer 04893,customer04893@example.com,USA,San Francisco,2024-02-03,Regular
C04894,Customer 04894,customer04894@example.com,India,Chennai,2024-02-08,Premium
C04895,Customer 04895,customer04895@example.com,UK,Leeds,2025-08-01,Regular
C04896,Customer 04896,customer04896@example.com,India,Delhi,2024-07-27,Regular
C04897,Customer 04897,customer04897@example.com,India,Hyderabad,2024-05-31,VIP
C04898,Customer 04898,customer04898@example.com,India,Mumbai,2024-12-30,Regular
C04899,Customer 04899,customer04899@example.com,India,Pune,2024-07-17,Premium
C04900,Customer 04900,customer04900@example.com,UAE,Dubai,2025-08-23,Premium
C04901,Customer 04901,customer04901@example.com,India,Mumbai,2024-03-19,Premium
C04902,Customer 04902,customer04902@example.com,UK,London,2025-04-21,Premium
C04903,Customer 04903,customer04903@example.com,India,Hyderabad,2025-03-09,Regular
C04904,Customer 04904,customer04904@example.com,India,Bengaluru,2024-02-01,Premium
C04905,Customer 04905,customer04905@example.com,UAE,Sharjah,2024-03-27,Premium
C04906,Customer 04906,customer04906@example.com,India,Chennai,2025-07-04,Regular
C04907,Customer 04907,customer04907@example.com,Singapore,Singapore,2025-01-27,Regular
C04908,Customer 04908,customer04908@example.com,India,Pune,2025-09-04,Premium
C04909,Customer 04909,customer04909@example.com,Australia,Sydney,2024-08-31,Regular
C04910,Customer 04910,customer04910@example.com,USA,Chicago,2024-08-19,Premium
C04911,Customer 04911,customer04911@example.com,France,Marseille,2025-08-02,Regular
C04912,Customer 04912,customer04912@example.com,USA,Chicago,2024-07-10,Regular
C04913,Customer 04913,customer04913@example.com,USA,Seattle,2025-06-23,New
C04914,Customer 04914,customer04914@example.com,India,Hyderabad,2024-09-26,Regular
C04915,Customer 04915,customer04915@example.com,India,Bengaluru,2024-03-17,Regular
C04916,Customer 04916,customer04916@example.com,UAE,Sharjah,2024-06-15,Regular
C04917,Customer 04917,customer04917@example.com,India,Pune,2024-10-10,Regular
C04918,Customer 04918,customer04918@example.com,UK,Leeds,2025-12-04,Regular
C04919,Customer 04919,customer04919@example.com,Australia,Brisbane,2024-03-29,Regular
C04920,Customer 04920,customer04920@example.com,India,Hyderabad,2025-06-27,Premium
C04921,Customer 04921,customer04921@example.com,Singapore,Singapore,2025-10-10,Regular
C04922,Customer 04922,customer04922@example.com,Australia,Sydney,2024-06-04,Regular
C04923,Customer 04923,customer04923@example.com,USA,Seattle,2024-09-06,New
C04924,Customer 04924,customer04924@example.com,France,Marseille,2024-04-04,Regular
C04925,Customer 04925,customer04925@example.com,India,Mumbai,2024-01-17,Regular
C04926,Customer 04926,customer04926@example.com,India,Hyderabad,2024-04-26,Regular
C04927,Customer 04927,customer04927@example.com,UK,London,2024-11-28,Regular
C04928,Customer 04928,customer04928@example.com,India,Hyderabad,2025-06-05,New
C04929,Customer 04929,customer04929@example.com,Australia,Sydney,2024-03-20,Regular
C04930,Customer 04930,customer04930@example.com,UAE,Dubai,2025-10-07,VIP
C04931,Customer 04931,customer04931@example.com,UK,Birmingham,2025-03-07,Regular
C04932,Customer 04932,customer04932@example.com,India,Chennai,2024-07-21,Premium
C04933,Customer 04933,customer04933@example.com,Singapore,Singapore,2024-04-25,Regular
C04934,Customer 04934,customer04934@example.com,UK,Manchester,2024-08-07,Regular
C04935,Customer 04935,customer04935@example.com,UK,Birmingham,2024-09-09,New
C04936,Customer 04936,customer04936@example.com,UK,Leeds,2024-06-17,New
C04937,Customer 04937,customer04937@example.com,UAE,Abu Dhabi,2024-11-11,Premium
C04938,Customer 04938,customer04938@example.com,USA,Seattle,2025-12-17,Regular
C04939,Customer 04939,customer04939@example.com,Australia,Brisbane,2025-01-06,New
C04940,Customer 04940,customer04940@example.com,Germany,Munich,2025-08-05,Regular
C04941,Customer 04941,customer04941@example.com,India,Delhi,2024-06-04,Regular
C04942,Customer 04942,customer04942@example.com,UK,Birmingham,2025-09-05,Regular
C04943,Customer 04943,customer04943@example.com,Germany,Berlin,2024-01-13,Regular
C04944,Customer 04944,customer04944@example.com,UK,Leeds,2025-05-22,Regular
C04945,Customer 04945,customer04945@example.com,Germany,Hamburg,2025-04-09,Regular
C04946,Customer 04946,customer04946@example.com,UAE,Dubai,2024-08-07,New
C04947,Customer 04947,customer04947@example.com,USA,San Francisco,2024-01-15,Regular
C04948,Customer 04948,customer04948@example.com,Australia,Sydney,2024-04-26,Regular
C04949,Customer 04949,customer04949@example.com,Germany,Hamburg,2024-11-26,Regular
C04950,Customer 04950,customer04950@example.com,Germany,Hamburg,2024-02-25,Premium
C04951,Customer 04951,customer04951@example.com,UK,London,2024-12-16,Regular
C04952,Customer 04952,customer04952@example.com,India,Pune,2024-05-11,Regular
C04953,Customer 04953,customer04953@example.com,UK,London,2024-08-13,Regular
C04954,Customer 04954,customer04954@example.com,Canada,Montreal,2024-11-03,Regular
C04955,Customer 04955,customer04955@example.com,UK,London,2025-04-19,Premium
C04956,Customer 04956,customer04956@example.com,Australia,Melbourne,2024-08-09,New
C04957,Customer 04957,customer04957@example.com,UK,London,2024-06-21,Premium
C04958,Customer 04958,customer04958@example.com,USA,Austin,2024-12-05,Regular
C04959,Customer 04959,customer04959@example.com,India,Pune,2025-05-20,Regular
C04960,Customer 04960,customer04960@example.com,Australia,Melbourne,2024-06-05,Regular
C04961,Customer 04961,customer04961@example.com,USA,San Francisco,2024-05-30,New
C04962,Customer 04962,customer04962@example.com,India,Hyderabad,2025-11-27,Regular
C04963,Customer 04963,customer04963@example.com,India,Mumbai,2024-06-26,Regular
C04964,Customer 04964,customer04964@example.com,Australia,Melbourne,2025-06-16,New
C04965,Customer 04965,customer04965@example.com,UK,Leeds,2024-04-21,Premium
C04966,Customer 04966,customer04966@example.com,India,Delhi,2025-11-13,Premium
C04967,Customer 04967,customer04967@example.com,Singapore,Singapore,2024-05-17,New
C04968,Customer 04968,customer04968@example.com,Canada,Vancouver,2024-08-20,Regular
C04969,Customer 04969,customer04969@example.com,Singapore,Singapore,2024-11-27,New
C04970,Customer 04970,customer04970@example.com,UK,Manchester,2025-06-25,Premium
C04971,Customer 04971,customer04971@example.com,UK,Manchester,2024-11-02,Regular
C04972,Customer 04972,customer04972@example.com,France,Marseille,2024-06-09,Regular
C04973,Customer 04973,customer04973@example.com,USA,Seattle,2025-02-05,Regular
C04974,Customer 04974,customer04974@example.com,Canada,Montreal,2025-08-12,Regular
C04975,Customer 04975,customer04975@example.com,India,Mumbai,2024-10-04,Premium
C04976,Customer 04976,customer04976@example.com,UK,Manchester,2024-11-15,Premium
C04977,Customer 04977,customer04977@example.com,India,Mumbai,2025-06-16,Regular
C04978,Customer 04978,customer04978@example.com,India,Pune,2025-05-11,Regular
C04979,Customer 04979,customer04979@example.com,India,Pune,2024-12-28,Regular
C04980,Customer 04980,customer04980@example.com,India,Pune,2025-01-06,New
C04981,Customer 04981,customer04981@example.com,Singapore,Singapore,2025-10-16,New
C04982,Customer 04982,customer04982@example.com,India,Hyderabad,2024-02-05,Regular
C04983,Customer 04983,customer04983@example.com,Canada,Montreal,2024-10-29,Premium
C04984,Customer 04984,customer04984@example.com,Germany,Hamburg,2025-03-13,Premium
C04985,Customer 04985,customer04985@example.com,USA,Chicago,2025-12-26,New
C04986,Customer 04986,customer04986@example.com,India,Hyderabad,2024-02-01,Regular
C04987,Customer 04987,customer04987@example.com,Australia,Sydney,2024-07-04,Regular
C04988,Customer 04988,customer04988@example.com,USA,New York,2024-06-22,Premium
C04989,Customer 04989,customer04989@example.com,Australia,Brisbane,2025-07-19,Premium
C04990,Customer 04990,customer04990@example.com,Australia,Brisbane,2025-11-03,New
C04991,Customer 04991,customer04991@example.com,Singapore,Singapore,2024-09-06,Regular
C04992,Customer 04992,customer04992@example.com,USA,San Francisco,2024-10-05,Premium
C04993,Customer 04993,customer04993@example.com,India,Chennai,2025-11-13,New
C04994,Customer 04994,customer04994@example.com,USA,New York,2025-11-25,Regular
C04995,Customer 04995,customer04995@example.com,India,Mumbai,2024-01-02,Regular
C04996,Customer 04996,customer04996@example.com,France,Paris,2024-07-12,New
C04997,Customer 04997,customer04997@example.com,India,Pune,2024-06-14,Regular
C04998,Customer 04998,customer04998@example.com,India,Pune,2024-04-19,New
C04999,Customer 04999,customer04999@example.com,Germany,Hamburg,2025-01-14,Regular
C05000,Customer 05000,customer05000@example.com,USA,Austin,2025-08-05,Premium
C05001,Customer 05001,customer05001@example.com,UK,Manchester,2025-11-06,Regular
C05002,Customer 05002,customer05002@example.com,UK,Leeds,2024-10-11,New
C05003,Customer 05003,customer05003@example.com,France,Marseille,2025-02-24,New
C05004,Customer 05004,customer05004@example.com,India,Chennai,2024-04-22,Regular
C05005,Customer 05005,customer05005@example.com,France,Paris,2024-08-15,Regular
C05006,Customer 05006,customer05006@example.com,India,Bengaluru,2025-04-15,Regular
C05007,Customer 05007,customer05007@example.com,Australia,Sydney,2025-06-11,New
C05008,Customer 05008,customer05008@example.com,Germany,Berlin,2025-05-10,Premium
C05009,Customer 05009,customer05009@example.com,India,Chennai,2024-01-31,Premium
C05010,Customer 05010,customer05010@example.com,UK,Birmingham,2024-06-10,Premium
C05011,Customer 05011,customer05011@example.com,India,Bengaluru,2025-12-05,Regular
C05012,Customer 05012,customer05012@example.com,Canada,Toronto,2025-12-22,Regular
C05013,Customer 05013,customer05013@example.com,USA,Chicago,2025-01-12,Regular
C05014,Customer 05014,customer05014@example.com,USA,San Francisco,2025-03-21,Premium
C05015,Customer 05015,customer05015@example.com,India,Hyderabad,2025-03-02,New
C05016,Customer 05016,customer05016@example.com,India,Chennai,2025-11-26,Premium
C05017,Customer 05017,customer05017@example.com,India,Delhi,2025-05-18,Regular
C05018,Customer 05018,customer05018@example.com,India,Pune,2025-06-10,Premium
C05019,Customer 05019,customer05019@example.com,USA,San Francisco,2025-12-21,Premium
C05020,Customer 05020,customer05020@example.com,France,Paris,2025-11-14,Regular
C05021,Customer 05021,customer05021@example.com,Canada,Vancouver,2025-06-15,Premium
C05022,Customer 05022,customer05022@example.com,UK,London,2025-08-04,Regular
C05023,Customer 05023,customer05023@example.com,Singapore,Singapore,2025-06-03,VIP
C05024,Customer 05024,customer05024@example.com,Canada,Toronto,2024-02-03,Premium
C05025,Customer 05025,customer05025@example.com,UAE,Dubai,2025-11-21,VIP
C05026,Customer 05026,customer05026@example.com,USA,San Francisco,2025-05-04,New
C05027,Customer 05027,customer05027@example.com,India,Delhi,2025-09-11,Regular
C05028,Customer 05028,customer05028@example.com,India,Mumbai,2025-02-26,Premium
C05029,Customer 05029,customer05029@example.com,Australia,Melbourne,2025-04-12,Premium
C05030,Customer 05030,customer05030@example.com,India,Bengaluru,2024-01-24,New
C05031,Customer 05031,customer05031@example.com,India,Pune,2024-08-03,New
C05032,Customer 05032,customer05032@example.com,USA,Chicago,2024-02-24,Regular
C05033,Customer 05033,customer05033@example.com,USA,New York,2024-01-26,Premium
C05034,Customer 05034,customer05034@example.com,USA,Austin,2024-10-07,Premium
C05035,Customer 05035,customer05035@example.com,India,Chennai,2024-11-22,Regular
C05036,Customer 05036,customer05036@example.com,UK,London,2024-07-04,New
C05037,Customer 05037,customer05037@example.com,USA,Chicago,2025-05-09,Regular
C05038,Customer 05038,customer05038@example.com,Singapore,Singapore,2024-01-12,Regular
C05039,Customer 05039,customer05039@example.com,Australia,Melbourne,2025-10-02,Premium
C05040,Customer 05040,customer05040@example.com,UAE,Abu Dhabi,2025-03-09,Regular
C05041,Customer 05041,customer05041@example.com,Australia,Melbourne,2024-07-26,Regular
C05042,Customer 05042,customer05042@example.com,USA,San Francisco,2024-05-12,Premium
C05043,Customer 05043,customer05043@example.com,India,Pune,2024-12-04,Regular
C05044,Customer 05044,customer05044@example.com,Canada,Vancouver,2024-07-14,Regular
C05045,Customer 05045,customer05045@example.com,USA,San Francisco,2024-09-18,Premium
C05046,Customer 05046,customer05046@example.com,USA,Chicago,2024-10-08,Regular
C05047,Customer 05047,customer05047@example.com,UK,Birmingham,2025-01-03,Premium
C05048,Customer 05048,customer05048@example.com,USA,Austin,2024-04-12,New
C05049,Customer 05049,customer05049@example.com,India,Delhi,2025-09-23,Premium
C05050,Customer 05050,customer05050@example.com,USA,Chicago,2024-07-01,New
C05051,Customer 05051,customer05051@example.com,India,Hyderabad,2025-02-26,New
C05052,Customer 05052,customer05052@example.com,Germany,Munich,2024-01-09,Regular
C05053,Customer 05053,customer05053@example.com,India,Bengaluru,2025-07-10,VIP
C05054,Customer 05054,customer05054@example.com,India,Bengaluru,2024-08-31,VIP
C05055,Customer 05055,customer05055@example.com,UK,Leeds,2025-09-15,New
C05056,Customer 05056,customer05056@example.com,Canada,Vancouver,2025-07-20,New
C05057,Customer 05057,customer05057@example.com,UK,Birmingham,2025-01-27,Regular
C05058,Customer 05058,customer05058@example.com,India,Bengaluru,2025-06-10,Regular
C05059,Customer 05059,customer05059@example.com,USA,Austin,2024-02-06,Premium
C05060,Customer 05060,customer05060@example.com,India,Delhi,2024-06-26,Regular
C05061,Customer 05061,customer05061@example.com,UAE,Abu Dhabi,2025-09-30,Premium
C05062,Customer 05062,customer05062@example.com,UAE,Abu Dhabi,2025-09-20,Premium
C05063,Customer 05063,customer05063@example.com,UK,Birmingham,2024-03-12,Regular
C05064,Customer 05064,customer05064@example.com,India,Mumbai,2024-12-17,Premium
C05065,Customer 05065,customer05065@example.com,Australia,Melbourne,2025-09-14,New
C05066,Customer 05066,customer05066@example.com,India,Chennai,2024-05-28,New
C05067,Customer 05067,customer05067@example.com,UK,London,2025-11-27,Premium
C05068,Customer 05068,customer05068@example.com,India,Bengaluru,2024-04-14,Regular
C05069,Customer 05069,customer05069@example.com,UAE,Sharjah,2025-10-20,New
C05070,Customer 05070,customer05070@example.com,India,Chennai,2024-08-08,Premium
C05071,Customer 05071,customer05071@example.com,USA,New York,2025-01-08,Regular
C05072,Customer 05072,customer05072@example.com,Australia,Melbourne,2025-06-01,Regular
C05073,Customer 05073,customer05073@example.com,UK,Manchester,2024-09-16,Premium
C05074,Customer 05074,customer05074@example.com,India,Chennai,2024-10-25,Regular
C05075,Customer 05075,customer05075@example.com,Singapore,Singapore,2024-02-11,VIP
C05076,Customer 05076,customer05076@example.com,USA,Austin,2025-05-06,New
C05077,Customer 05077,customer05077@example.com,USA,New York,2025-03-14,Regular
C05078,Customer 05078,customer05078@example.com,India,Pune,2024-02-16,Premium
C05079,Customer 05079,customer05079@example.com,UK,London,2024-03-25,Regular
C05080,Customer 05080,customer05080@example.com,UK,London,2025-11-16,Premium
C05081,Customer 05081,customer05081@example.com,India,Chennai,2024-02-27,Premium
C05082,Customer 05082,customer05082@example.com,India,Pune,2025-12-11,Premium
C05083,Customer 05083,customer05083@example.com,Germany,Berlin,2024-07-27,Regular
C05084,Customer 05084,customer05084@example.com,India,Chennai,2024-09-04,Regular
C05085,Customer 05085,customer05085@example.com,India,Chennai,2024-07-29,Premium
C05086,Customer 05086,customer05086@example.com,UK,Leeds,2024-02-08,Regular
C05087,Customer 05087,customer05087@example.com,Australia,Brisbane,2024-09-08,Regular
C05088,Customer 05088,customer05088@example.com,India,Bengaluru,2025-10-04,Regular
C05089,Customer 05089,customer05089@example.com,USA,New York,2025-02-16,New
C05090,Customer 05090,customer05090@example.com,India,Chennai,2025-03-21,New
C05091,Customer 05091,customer05091@example.com,India,Mumbai,2024-02-21,VIP
C05092,Customer 05092,customer05092@example.com,India,Chennai,2025-01-08,Regular
C05093,Customer 05093,customer05093@example.com,Germany,Hamburg,2025-06-09,New
C05094,Customer 05094,customer05094@example.com,India,Delhi,2024-06-04,Premium
C05095,Customer 05095,customer05095@example.com,India,Pune,2025-06-25,Regular
C05096,Customer 05096,customer05096@example.com,UK,Manchester,2024-03-30,Premium
C05097,Customer 05097,customer05097@example.com,Germany,Munich,2025-11-09,New
C05098,Customer 05098,customer05098@example.com,India,Delhi,2024-12-16,Premium
C05099,Customer 05099,customer05099@example.com,UK,Manchester,2024-03-09,Regular
C05100,Customer 05100,customer05100@example.com,India,Chennai,2024-06-11,Premium
C05101,Customer 05101,customer05101@example.com,UK,Birmingham,2024-08-29,New
C05102,Customer 05102,customer05102@example.com,USA,Chicago,2025-05-09,Regular
C05103,Customer 05103,customer05103@example.com,USA,Seattle,2025-01-17,Regular
C05104,Customer 05104,customer05104@example.com,India,Chennai,2024-02-21,Premium
C05105,Customer 05105,customer05105@example.com,India,Chennai,2025-10-15,New
C05106,Customer 05106,customer05106@example.com,India,Hyderabad,2024-03-03,Regular
C05107,Customer 05107,customer05107@example.com,UK,Leeds,2025-05-23,New
C05108,Customer 05108,customer05108@example.com,India,Mumbai,2024-10-18,New
C05109,Customer 05109,customer05109@example.com,Australia,Brisbane,2024-03-31,Regular
C05110,Customer 05110,customer05110@example.com,Singapore,Singapore,2025-10-25,Premium
C05111,Customer 05111,customer05111@example.com,Singapore,Singapore,2025-02-27,Premium
C05112,Customer 05112,customer05112@example.com,France,Marseille,2025-10-30,VIP
C05113,Customer 05113,customer05113@example.com,USA,Chicago,2024-12-30,Premium
C05114,Customer 05114,customer05114@example.com,Canada,Montreal,2024-05-29,New
C05115,Customer 05115,customer05115@example.com,India,Bengaluru,2024-09-27,Premium
C05116,Customer 05116,customer05116@example.com,USA,Seattle,2025-08-03,Regular
C05117,Customer 05117,customer05117@example.com,UK,Manchester,2024-04-25,Premium
C05118,Customer 05118,customer05118@example.com,UK,Manchester,2025-12-04,New
C05119,Customer 05119,customer05119@example.com,Australia,Brisbane,2025-05-30,Premium
C05120,Customer 05120,customer05120@example.com,India,Chennai,2025-08-09,New
C05121,Customer 05121,customer05121@example.com,India,Pune,2024-08-28,Regular
C05122,Customer 05122,customer05122@example.com,UAE,Dubai,2024-01-30,New
C05123,Customer 05123,customer05123@example.com,India,Pune,2024-05-22,New
C05124,Customer 05124,customer05124@example.com,UK,Leeds,2024-11-21,Regular
C05125,Customer 05125,customer05125@example.com,UAE,Abu Dhabi,2025-11-25,Premium
C05126,Customer 05126,customer05126@example.com,USA,New York,2024-01-16,Premium
C05127,Customer 05127,customer05127@example.com,USA,Chicago,2024-04-20,Regular
C05128,Customer 05128,customer05128@example.com,India,Delhi,2025-12-13,New
C05129,Customer 05129,customer05129@example.com,India,Bengaluru,2024-04-16,Regular
C05130,Customer 05130,customer05130@example.com,France,Paris,2025-01-13,Premium
C05131,Customer 05131,customer05131@example.com,USA,Austin,2024-06-10,New
C05132,Customer 05132,customer05132@example.com,USA,Austin,2024-10-09,Regular
C05133,Customer 05133,customer05133@example.com,India,Bengaluru,2024-09-25,New
C05134,Customer 05134,customer05134@example.com,India,Hyderabad,2025-04-28,Regular
C05135,Customer 05135,customer05135@example.com,Singapore,Singapore,2025-10-28,New
C05136,Customer 05136,customer05136@example.com,UK,Birmingham,2024-03-13,New
C05137,Customer 05137,customer05137@example.com,USA,Seattle,2024-07-15,New
C05138,Customer 05138,customer05138@example.com,India,Delhi,2024-08-30,Regular
C05139,Customer 05139,customer05139@example.com,Canada,Vancouver,2025-08-20,Regular
C05140,Customer 05140,customer05140@example.com,UAE,Dubai,2024-09-15,Regular
C05141,Customer 05141,customer05141@example.com,USA,New York,2024-05-28,New
C05142,Customer 05142,customer05142@example.com,India,Pune,2025-01-24,New
C05143,Customer 05143,customer05143@example.com,USA,Austin,2025-02-19,New
C05144,Customer 05144,customer05144@example.com,Australia,Sydney,2025-03-01,Premium
C05145,Customer 05145,customer05145@example.com,UK,Birmingham,2025-12-02,Regular
C05146,Customer 05146,customer05146@example.com,France,Marseille,2024-08-04,Premium
C05147,Customer 05147,customer05147@example.com,USA,Austin,2024-03-26,Regular
C05148,Customer 05148,customer05148@example.com,France,Marseille,2024-08-03,New
C05149,Customer 05149,customer05149@example.com,USA,San Francisco,2025-02-26,New
C05150,Customer 05150,customer05150@example.com,India,Chennai,2024-11-15,Regular
C05151,Customer 05151,customer05151@example.com,India,Bengaluru,2024-04-27,Regular
C05152,Customer 05152,customer05152@example.com,India,Delhi,2025-02-18,Premium
C05153,Customer 05153,customer05153@example.com,UAE,Sharjah,2025-08-21,Premium
C05154,Customer 05154,customer05154@example.com,Australia,Melbourne,2024-02-09,Regular
C05155,Customer 05155,customer05155@example.com,Canada,Vancouver,2024-06-09,Regular
C05156,Customer 05156,customer05156@example.com,India,Chennai,2025-12-03,New
C05157,Customer 05157,customer05157@example.com,India,Pune,2025-06-20,Regular
C05158,Customer 05158,customer05158@example.com,Australia,Sydney,2025-02-23,Premium
C05159,Customer 05159,customer05159@example.com,UK,Birmingham,2025-10-25,New
C05160,Customer 05160,customer05160@example.com,India,Delhi,2024-04-04,VIP
C05161,Customer 05161,customer05161@example.com,USA,Chicago,2025-03-17,Regular
C05162,Customer 05162,customer05162@example.com,India,Chennai,2025-07-11,Regular
C05163,Customer 05163,customer05163@example.com,India,Delhi,2025-10-11,New
C05164,Customer 05164,customer05164@example.com,UK,Birmingham,2025-04-10,Regular
C05165,Customer 05165,customer05165@example.com,India,Mumbai,2024-10-14,Regular
C05166,Customer 05166,customer05166@example.com,Netherlands,Rotterdam,2025-11-06,Regular
C05167,Customer 05167,customer05167@example.com,India,Delhi,2025-02-15,Regular
C05168,Customer 05168,customer05168@example.com,India,Chennai,2025-02-03,New
C05169,Customer 05169,customer05169@example.com,India,Hyderabad,2025-06-11,Regular
C05170,Customer 05170,customer05170@example.com,Australia,Brisbane,2024-01-18,Regular
C05171,Customer 05171,customer05171@example.com,UK,Manchester,2024-05-15,Regular
C05172,Customer 05172,customer05172@example.com,USA,Seattle,2025-04-08,Premium
C05173,Customer 05173,customer05173@example.com,India,Bengaluru,2024-09-04,Regular
C05174,Customer 05174,customer05174@example.com,India,Bengaluru,2025-12-10,Regular
C05175,Customer 05175,customer05175@example.com,UK,London,2024-01-01,Regular
C05176,Customer 05176,customer05176@example.com,Germany,Hamburg,2025-12-02,Premium
C05177,Customer 05177,customer05177@example.com,France,Marseille,2025-01-15,New
C05178,Customer 05178,customer05178@example.com,India,Mumbai,2025-05-23,New
C05179,Customer 05179,customer05179@example.com,USA,Chicago,2025-04-04,Regular
C05180,Customer 05180,customer05180@example.com,UAE,Dubai,2025-05-19,Premium
C05181,Customer 05181,customer05181@example.com,UK,Manchester,2025-04-20,New
C05182,Customer 05182,customer05182@example.com,Germany,Berlin,2025-07-10,New
C05183,Customer 05183,customer05183@example.com,India,Mumbai,2024-02-01,Regular
C05184,Customer 05184,customer05184@example.com,UAE,Sharjah,2024-04-27,New
C05185,Customer 05185,customer05185@example.com,Australia,Brisbane,2024-07-02,Premium
C05186,Customer 05186,customer05186@example.com,UAE,Dubai,2024-07-09,Regular
C05187,Customer 05187,customer05187@example.com,Canada,Montreal,2025-12-28,Premium
C05188,Customer 05188,customer05188@example.com,UK,Manchester,2024-03-14,New
C05189,Customer 05189,customer05189@example.com,UAE,Abu Dhabi,2025-09-14,Regular
C05190,Customer 05190,customer05190@example.com,India,Mumbai,2024-04-12,Premium
C05191,Customer 05191,customer05191@example.com,India,Pune,2025-08-08,Regular
C05192,Customer 05192,customer05192@example.com,Canada,Toronto,2025-02-23,Regular
C05193,Customer 05193,customer05193@example.com,Australia,Melbourne,2025-04-17,Regular
C05194,Customer 05194,customer05194@example.com,UAE,Sharjah,2024-04-23,Premium
C05195,Customer 05195,customer05195@example.com,India,Delhi,2025-01-13,New
C05196,Customer 05196,customer05196@example.com,Germany,Munich,2024-11-08,Regular
C05197,Customer 05197,customer05197@example.com,Australia,Sydney,2024-11-25,Regular
C05198,Customer 05198,customer05198@example.com,India,Chennai,2024-12-04,Premium
C05199,Customer 05199,customer05199@example.com,UK,Manchester,2024-08-25,Regular
C05200,Customer 05200,customer05200@example.com,India,Pune,2024-06-21,New
C05201,Customer 05201,customer05201@example.com,India,Delhi,2024-03-19,Regular
C05202,Customer 05202,customer05202@example.com,Netherlands,Amsterdam,2025-04-08,VIP
C05203,Customer 05203,customer05203@example.com,USA,Chicago,2025-08-27,Premium
C05204,Customer 05204,customer05204@example.com,Canada,Toronto,2025-05-15,Regular
C05205,Customer 05205,customer05205@example.com,Singapore,Singapore,2025-07-15,Regular
C05206,Customer 05206,customer05206@example.com,UK,Manchester,2024-10-11,Regular
C05207,Customer 05207,customer05207@example.com,Germany,Berlin,2024-08-10,New
C05208,Customer 05208,customer05208@example.com,UK,London,2025-08-15,New
C05209,Customer 05209,customer05209@example.com,France,Marseille,2024-09-22,Regular
C05210,Customer 05210,customer05210@example.com,India,Bengaluru,2025-10-28,Regular
C05211,Customer 05211,customer05211@example.com,UAE,Dubai,2025-01-07,New
C05212,Customer 05212,customer05212@example.com,India,Bengaluru,2024-08-20,Premium
C05213,Customer 05213,customer05213@example.com,India,Mumbai,2024-08-23,Regular
C05214,Customer 05214,customer05214@example.com,Australia,Sydney,2025-11-01,Regular
C05215,Customer 05215,customer05215@example.com,UK,Leeds,2024-11-09,New
C05216,Customer 05216,customer05216@example.com,USA,San Francisco,2025-01-14,Regular
C05217,Customer 05217,customer05217@example.com,UK,London,2025-09-05,Regular
C05218,Customer 05218,customer05218@example.com,Australia,Brisbane,2025-07-16,Regular
C05219,Customer 05219,customer05219@example.com,India,Pune,2025-02-23,Regular
C05220,Customer 05220,customer05220@example.com,India,Pune,2024-02-21,Regular
C05221,Customer 05221,customer05221@example.com,India,Mumbai,2025-12-21,Premium
C05222,Customer 05222,customer05222@example.com,UK,London,2025-10-04,Regular
C05223,Customer 05223,customer05223@example.com,India,Bengaluru,2025-05-23,New
C05224,Customer 05224,customer05224@example.com,UK,Leeds,2024-07-23,Premium
C05225,Customer 05225,customer05225@example.com,UK,Leeds,2025-12-31,New
C05226,Customer 05226,customer05226@example.com,India,Delhi,2024-09-13,Regular
C05227,Customer 05227,customer05227@example.com,USA,Chicago,2024-07-03,New
C05228,Customer 05228,customer05228@example.com,France,Paris,2024-05-24,Regular
C05229,Customer 05229,customer05229@example.com,India,Delhi,2025-11-20,Regular
C05230,Customer 05230,customer05230@example.com,USA,San Francisco,2024-01-14,New
C05231,Customer 05231,customer05231@example.com,Canada,Toronto,2024-09-02,Premium
C05232,Customer 05232,customer05232@example.com,UK,Manchester,2024-07-05,Regular
C05233,Customer 05233,customer05233@example.com,Canada,Montreal,2024-12-02,Regular
C05234,Customer 05234,customer05234@example.com,UK,Birmingham,2024-09-15,Regular
C05235,Customer 05235,customer05235@example.com,UK,Manchester,2024-02-09,Regular
C05236,Customer 05236,customer05236@example.com,India,Pune,2025-08-23,Regular
C05237,Customer 05237,customer05237@example.com,Canada,Montreal,2025-09-28,Premium
C05238,Customer 05238,customer05238@example.com,Canada,Vancouver,2025-02-21,Premium
C05239,Customer 05239,customer05239@example.com,India,Delhi,2024-12-16,Regular
C05240,Customer 05240,customer05240@example.com,UK,London,2024-01-09,Regular
C05241,Customer 05241,customer05241@example.com,Singapore,Singapore,2024-12-15,Premium
C05242,Customer 05242,customer05242@example.com,UK,Leeds,2024-03-24,Regular
C05243,Customer 05243,customer05243@example.com,UK,Leeds,2025-06-16,New
C05244,Customer 05244,customer05244@example.com,UAE,Dubai,2024-12-23,New
C05245,Customer 05245,customer05245@example.com,Canada,Toronto,2025-01-12,Premium
C05246,Customer 05246,customer05246@example.com,USA,New York,2024-06-20,New
C05247,Customer 05247,customer05247@example.com,Germany,Berlin,2024-01-25,Premium
C05248,Customer 05248,customer05248@example.com,France,Marseille,2025-01-27,Regular
C05249,Customer 05249,customer05249@example.com,UK,Leeds,2024-04-12,Regular
C05250,Customer 05250,customer05250@example.com,UK,Manchester,2025-12-02,Regular
C05251,Customer 05251,customer05251@example.com,UK,London,2024-08-23,New
C05252,Customer 05252,customer05252@example.com,Singapore,Singapore,2025-02-13,Premium
C05253,Customer 05253,customer05253@example.com,Canada,Vancouver,2025-07-02,Regular
C05254,Customer 05254,customer05254@example.com,India,Chennai,2024-11-27,Regular
C05255,Customer 05255,customer05255@example.com,France,Marseille,2025-10-25,Regular
C05256,Customer 05256,customer05256@example.com,UK,London,2025-06-15,New
C05257,Customer 05257,customer05257@example.com,India,Chennai,2025-10-10,Regular
C05258,Customer 05258,customer05258@example.com,USA,San Francisco,2024-01-29,New
C05259,Customer 05259,customer05259@example.com,UK,London,2025-06-26,Regular
C05260,Customer 05260,customer05260@example.com,France,Paris,2024-01-19,Premium
C05261,Customer 05261,customer05261@example.com,India,Delhi,2024-05-27,Regular
C05262,Customer 05262,customer05262@example.com,Germany,Hamburg,2025-04-15,Premium
C05263,Customer 05263,customer05263@example.com,USA,Chicago,2025-05-05,Regular
C05264,Customer 05264,customer05264@example.com,India,Chennai,2024-10-09,New
C05265,Customer 05265,customer05265@example.com,Singapore,Singapore,2025-11-05,Regular
C05266,Customer 05266,customer05266@example.com,USA,Seattle,2024-04-22,Premium
C05267,Customer 05267,customer05267@example.com,India,Chennai,2025-03-30,New
C05268,Customer 05268,customer05268@example.com,UK,Leeds,2025-10-23,Premium
C05269,Customer 05269,customer05269@example.com,France,Lyon,2024-11-25,Regular
C05270,Customer 05270,customer05270@example.com,India,Hyderabad,2024-09-11,New
C05271,Customer 05271,customer05271@example.com,India,Pune,2025-08-21,Regular
C05272,Customer 05272,customer05272@example.com,India,Chennai,2025-02-02,Regular
C05273,Customer 05273,customer05273@example.com,India,Delhi,2025-09-01,Regular
C05274,Customer 05274,customer05274@example.com,Germany,Berlin,2025-05-22,Premium
C05275,Customer 05275,customer05275@example.com,UK,Leeds,2025-10-05,Premium
C05276,Customer 05276,customer05276@example.com,India,Delhi,2025-04-10,Premium
C05277,Customer 05277,customer05277@example.com,India,Mumbai,2025-02-10,Premium
C05278,Customer 05278,customer05278@example.com,India,Chennai,2025-08-31,Premium
C05279,Customer 05279,customer05279@example.com,UAE,Sharjah,2024-04-07,Premium
C05280,Customer 05280,customer05280@example.com,India,Pune,2024-10-16,New
C05281,Customer 05281,customer05281@example.com,Netherlands,Amsterdam,2025-10-18,Regular
C05282,Customer 05282,customer05282@example.com,UK,Leeds,2024-06-04,New
C05283,Customer 05283,customer05283@example.com,India,Bengaluru,2024-06-10,Regular
C05284,Customer 05284,customer05284@example.com,France,Lyon,2025-09-15,Premium
C05285,Customer 05285,customer05285@example.com,UK,Leeds,2025-11-27,New
C05286,Customer 05286,customer05286@example.com,Canada,Toronto,2025-12-17,Regular
C05287,Customer 05287,customer05287@example.com,Netherlands,Amsterdam,2024-04-06,Regular
C05288,Customer 05288,customer05288@example.com,India,Mumbai,2025-01-11,New
C05289,Customer 05289,customer05289@example.com,India,Chennai,2025-07-20,Regular
C05290,Customer 05290,customer05290@example.com,Australia,Brisbane,2025-03-25,Regular
C05291,Customer 05291,customer05291@example.com,India,Delhi,2024-04-26,New
C05292,Customer 05292,customer05292@example.com,India,Mumbai,2025-08-27,Regular
C05293,Customer 05293,customer05293@example.com,India,Bengaluru,2025-12-16,Regular
C05294,Customer 05294,customer05294@example.com,India,Hyderabad,2025-05-20,Regular
C05295,Customer 05295,customer05295@example.com,Australia,Brisbane,2024-07-07,New
C05296,Customer 05296,customer05296@example.com,India,Pune,2025-04-20,Regular
C05297,Customer 05297,customer05297@example.com,UK,London,2024-11-18,New
C05298,Customer 05298,customer05298@example.com,USA,San Francisco,2025-08-18,Premium
C05299,Customer 05299,customer05299@example.com,UK,London,2024-06-28,Regular
C05300,Customer 05300,customer05300@example.com,India,Chennai,2024-06-29,Premium
C05301,Customer 05301,customer05301@example.com,Germany,Berlin,2025-11-23,Regular
C05302,Customer 05302,customer05302@example.com,India,Delhi,2024-10-13,Premium
C05303,Customer 05303,customer05303@example.com,Australia,Brisbane,2025-04-19,Regular
C05304,Customer 05304,customer05304@example.com,France,Paris,2025-09-09,Regular
C05305,Customer 05305,customer05305@example.com,UK,Birmingham,2025-10-02,Regular
C05306,Customer 05306,customer05306@example.com,USA,Seattle,2024-09-18,New
C05307,Customer 05307,customer05307@example.com,UK,Birmingham,2025-06-06,Premium
C05308,Customer 05308,customer05308@example.com,UK,London,2024-06-10,Regular
C05309,Customer 05309,customer05309@example.com,France,Paris,2025-05-01,VIP
C05310,Customer 05310,customer05310@example.com,France,Lyon,2024-06-29,Premium
C05311,Customer 05311,customer05311@example.com,India,Pune,2025-12-25,New
C05312,Customer 05312,customer05312@example.com,USA,San Francisco,2025-04-13,Regular
C05313,Customer 05313,customer05313@example.com,UAE,Abu Dhabi,2024-01-21,Regular
C05314,Customer 05314,customer05314@example.com,Singapore,Singapore,2024-10-01,Regular
C05315,Customer 05315,customer05315@example.com,UK,Leeds,2024-09-16,Regular
C05316,Customer 05316,customer05316@example.com,UK,Birmingham,2024-11-28,Premium
C05317,Customer 05317,customer05317@example.com,India,Chennai,2025-04-10,Regular
C05318,Customer 05318,customer05318@example.com,Singapore,Singapore,2024-04-25,Regular
C05319,Customer 05319,customer05319@example.com,India,Pune,2025-02-16,Regular
C05320,Customer 05320,customer05320@example.com,USA,Seattle,2025-06-20,Regular
C05321,Customer 05321,customer05321@example.com,India,Bengaluru,2025-12-23,Regular
C05322,Customer 05322,customer05322@example.com,India,Delhi,2024-09-13,Regular
C05323,Customer 05323,customer05323@example.com,UK,Leeds,2024-06-16,Regular
C05324,Customer 05324,customer05324@example.com,Netherlands,Amsterdam,2025-06-16,Regular
C05325,Customer 05325,customer05325@example.com,India,Mumbai,2025-08-20,Regular
C05326,Customer 05326,customer05326@example.com,USA,San Francisco,2024-01-15,Regular
C05327,Customer 05327,customer05327@example.com,India,Chennai,2024-02-19,VIP
C05328,Customer 05328,customer05328@example.com,India,Delhi,2024-10-30,New
C05329,Customer 05329,customer05329@example.com,UK,Birmingham,2025-05-01,Regular
C05330,Customer 05330,customer05330@example.com,USA,Austin,2025-02-19,New
C05331,Customer 05331,customer05331@example.com,India,Chennai,2024-10-31,New
C05332,Customer 05332,customer05332@example.com,India,Mumbai,2024-07-14,Premium
C05333,Customer 05333,customer05333@example.com,India,Pune,2025-01-22,Premium
C05334,Customer 05334,customer05334@example.com,India,Delhi,2025-03-30,Regular
C05335,Customer 05335,customer05335@example.com,Singapore,Singapore,2025-12-13,Premium
C05336,Customer 05336,customer05336@example.com,UAE,Sharjah,2025-12-05,Premium
C05337,Customer 05337,customer05337@example.com,India,Hyderabad,2025-10-19,Regular
C05338,Customer 05338,customer05338@example.com,USA,Chicago,2024-11-05,Premium
C05339,Customer 05339,customer05339@example.com,UAE,Abu Dhabi,2024-05-06,Regular
C05340,Customer 05340,customer05340@example.com,India,Pune,2024-06-23,Regular
C05341,Customer 05341,customer05341@example.com,Germany,Berlin,2024-05-13,Premium
C05342,Customer 05342,customer05342@example.com,UAE,Dubai,2024-03-06,New
C05343,Customer 05343,customer05343@example.com,India,Bengaluru,2025-01-27,Premium
C05344,Customer 05344,customer05344@example.com,India,Chennai,2024-12-30,New
C05345,Customer 05345,customer05345@example.com,Singapore,Singapore,2024-10-05,Premium
C05346,Customer 05346,customer05346@example.com,USA,Austin,2024-12-28,Regular
C05347,Customer 05347,customer05347@example.com,India,Chennai,2024-06-19,Regular
C05348,Customer 05348,customer05348@example.com,India,Chennai,2024-02-20,New
C05349,Customer 05349,customer05349@example.com,UK,London,2024-11-23,Premium
C05350,Customer 05350,customer05350@example.com,Canada,Toronto,2025-10-26,New
C05351,Customer 05351,customer05351@example.com,Australia,Melbourne,2025-08-14,Regular
C05352,Customer 05352,customer05352@example.com,Netherlands,Amsterdam,2024-05-24,Regular
C05353,Customer 05353,customer05353@example.com,India,Hyderabad,2024-09-30,Regular
C05354,Customer 05354,customer05354@example.com,USA,Chicago,2024-06-03,VIP
C05355,Customer 05355,customer05355@example.com,USA,Seattle,2025-05-22,New
C05356,Customer 05356,customer05356@example.com,UK,Leeds,2024-12-28,Regular
C05357,Customer 05357,customer05357@example.com,India,Hyderabad,2024-11-20,Regular
C05358,Customer 05358,customer05358@example.com,Singapore,Singapore,2025-10-16,Regular
C05359,Customer 05359,customer05359@example.com,France,Lyon,2024-10-24,New
C05360,Customer 05360,customer05360@example.com,UK,Manchester,2025-05-08,Premium
C05361,Customer 05361,customer05361@example.com,USA,Austin,2025-06-29,Premium
C05362,Customer 05362,customer05362@example.com,India,Hyderabad,2024-10-30,New
C05363,Customer 05363,customer05363@example.com,USA,San Francisco,2025-04-11,New
C05364,Customer 05364,customer05364@example.com,Canada,Toronto,2024-08-26,VIP
C05365,Customer 05365,customer05365@example.com,USA,Seattle,2025-10-11,New
C05366,Customer 05366,customer05366@example.com,Netherlands,Rotterdam,2025-05-31,Regular
C05367,Customer 05367,customer05367@example.com,USA,San Francisco,2024-06-24,Regular
C05368,Customer 05368,customer05368@example.com,UK,Birmingham,2025-02-13,Regular
C05369,Customer 05369,customer05369@example.com,Australia,Brisbane,2025-12-26,Regular
C05370,Customer 05370,customer05370@example.com,India,Chennai,2024-12-29,Premium
C05371,Customer 05371,customer05371@example.com,UK,London,2024-01-23,Regular
C05372,Customer 05372,customer05372@example.com,India,Bengaluru,2024-11-13,Premium
C05373,Customer 05373,customer05373@example.com,UK,Leeds,2025-06-08,Regular
C05374,Customer 05374,customer05374@example.com,Germany,Munich,2024-10-02,Regular
C05375,Customer 05375,customer05375@example.com,UK,London,2025-08-26,New
C05376,Customer 05376,customer05376@example.com,Germany,Berlin,2025-09-11,Premium
C05377,Customer 05377,customer05377@example.com,USA,San Francisco,2024-08-16,Regular
C05378,Customer 05378,customer05378@example.com,India,Mumbai,2025-10-25,Regular
C05379,Customer 05379,customer05379@example.com,Germany,Berlin,2024-04-17,Premium
C05380,Customer 05380,customer05380@example.com,India,Hyderabad,2024-06-24,Premium
C05381,Customer 05381,customer05381@example.com,India,Chennai,2024-11-15,VIP
C05382,Customer 05382,customer05382@example.com,UK,Manchester,2024-10-12,Regular
C05383,Customer 05383,customer05383@example.com,India,Chennai,2024-11-24,Premium
C05384,Customer 05384,customer05384@example.com,India,Bengaluru,2025-10-18,Regular
C05385,Customer 05385,customer05385@example.com,USA,New York,2024-12-21,VIP
C05386,Customer 05386,customer05386@example.com,USA,Austin,2024-01-14,Premium
C05387,Customer 05387,customer05387@example.com,UK,Manchester,2024-10-01,VIP
C05388,Customer 05388,customer05388@example.com,Singapore,Singapore,2024-03-11,VIP
C05389,Customer 05389,customer05389@example.com,USA,Chicago,2024-07-13,New
C05390,Customer 05390,customer05390@example.com,France,Paris,2025-06-06,Premium
C05391,Customer 05391,customer05391@example.com,India,Mumbai,2024-04-15,Regular
C05392,Customer 05392,customer05392@example.com,USA,Seattle,2024-07-14,Regular
C05393,Customer 05393,customer05393@example.com,France,Lyon,2024-05-24,VIP
C05394,Customer 05394,customer05394@example.com,USA,Seattle,2024-12-15,New
C05395,Customer 05395,customer05395@example.com,Canada,Vancouver,2025-02-27,Regular
C05396,Customer 05396,customer05396@example.com,UK,Manchester,2025-04-15,Premium
C05397,Customer 05397,customer05397@example.com,India,Chennai,2025-11-16,Regular
C05398,Customer 05398,customer05398@example.com,UK,London,2024-08-03,Regular
C05399,Customer 05399,customer05399@example.com,UK,London,2024-04-02,New
C05400,Customer 05400,customer05400@example.com,France,Paris,2024-09-16,New
C05401,Customer 05401,customer05401@example.com,India,Chennai,2025-07-28,Regular
C05402,Customer 05402,customer05402@example.com,Singapore,Singapore,2025-06-24,Regular
C05403,Customer 05403,customer05403@example.com,Singapore,Singapore,2024-10-11,New
C05404,Customer 05404,customer05404@example.com,India,Mumbai,2025-04-28,VIP
C05405,Customer 05405,customer05405@example.com,India,Mumbai,2025-01-06,Regular
C05406,Customer 05406,customer05406@example.com,France,Paris,2024-03-10,Regular
C05407,Customer 05407,customer05407@example.com,Singapore,Singapore,2025-01-13,Regular
C05408,Customer 05408,customer05408@example.com,UK,Leeds,2024-10-05,Regular
C05409,Customer 05409,customer05409@example.com,India,Delhi,2024-10-28,Regular
C05410,Customer 05410,customer05410@example.com,USA,San Francisco,2024-09-11,Regular
C05411,Customer 05411,customer05411@example.com,Canada,Toronto,2025-11-14,Regular
C05412,Customer 05412,customer05412@example.com,India,Mumbai,2025-11-22,New
C05413,Customer 05413,customer05413@example.com,Australia,Sydney,2024-09-20,Premium
C05414,Customer 05414,customer05414@example.com,India,Delhi,2025-11-25,Regular
C05415,Customer 05415,customer05415@example.com,India,Chennai,2025-12-17,Regular
C05416,Customer 05416,customer05416@example.com,UK,London,2025-02-27,VIP
C05417,Customer 05417,customer05417@example.com,UK,London,2024-07-31,Regular
C05418,Customer 05418,customer05418@example.com,India,Chennai,2025-11-01,Premium
C05419,Customer 05419,customer05419@example.com,UK,Birmingham,2024-04-09,Regular
C05420,Customer 05420,customer05420@example.com,India,Mumbai,2024-04-21,New
C05421,Customer 05421,customer05421@example.com,India,Hyderabad,2024-11-03,VIP
C05422,Customer 05422,customer05422@example.com,India,Chennai,2025-11-08,Regular
C05423,Customer 05423,customer05423@example.com,Singapore,Singapore,2025-04-19,Regular
C05424,Customer 05424,customer05424@example.com,UK,Birmingham,2025-07-01,Premium
C05425,Customer 05425,customer05425@example.com,UK,Leeds,2024-04-21,Regular
C05426,Customer 05426,customer05426@example.com,USA,Seattle,2024-03-27,Regular
C05427,Customer 05427,customer05427@example.com,Netherlands,Rotterdam,2024-07-01,Premium
C05428,Customer 05428,customer05428@example.com,India,Bengaluru,2025-08-19,Regular
C05429,Customer 05429,customer05429@example.com,Canada,Vancouver,2024-06-13,New
C05430,Customer 05430,customer05430@example.com,Canada,Vancouver,2024-03-30,New
C05431,Customer 05431,customer05431@example.com,USA,Seattle,2025-03-30,Premium
C05432,Customer 05432,customer05432@example.com,India,Chennai,2024-08-25,New
C05433,Customer 05433,customer05433@example.com,Canada,Toronto,2025-06-17,Regular
C05434,Customer 05434,customer05434@example.com,India,Delhi,2025-11-09,Regular
C05435,Customer 05435,customer05435@example.com,USA,New York,2025-12-27,Regular
C05436,Customer 05436,customer05436@example.com,Australia,Melbourne,2024-02-27,Regular
C05437,Customer 05437,customer05437@example.com,India,Hyderabad,2025-06-25,VIP
C05438,Customer 05438,customer05438@example.com,Germany,Munich,2025-09-09,Regular
C05439,Customer 05439,customer05439@example.com,India,Pune,2025-02-05,Regular
C05440,Customer 05440,customer05440@example.com,Germany,Berlin,2025-11-09,Premium
C05441,Customer 05441,customer05441@example.com,UK,Manchester,2025-10-27,Regular
C05442,Customer 05442,customer05442@example.com,India,Mumbai,2025-06-02,Premium
C05443,Customer 05443,customer05443@example.com,India,Delhi,2024-07-15,Regular
C05444,Customer 05444,customer05444@example.com,Singapore,Singapore,2024-02-15,Regular
C05445,Customer 05445,customer05445@example.com,India,Chennai,2025-06-13,VIP
C05446,Customer 05446,customer05446@example.com,India,Chennai,2025-01-31,Regular
C05447,Customer 05447,customer05447@example.com,India,Hyderabad,2025-10-26,Regular
C05448,Customer 05448,customer05448@example.com,USA,Austin,2024-03-14,New
C05449,Customer 05449,customer05449@example.com,USA,Chicago,2025-02-19,VIP
C05450,Customer 05450,customer05450@example.com,India,Mumbai,2025-10-18,Premium
C05451,Customer 05451,customer05451@example.com,India,Hyderabad,2025-09-05,Regular
C05452,Customer 05452,customer05452@example.com,India,Delhi,2024-11-30,Premium
C05453,Customer 05453,customer05453@example.com,India,Pune,2025-09-24,Regular
C05454,Customer 05454,customer05454@example.com,UK,Birmingham,2025-11-18,Regular
C05455,Customer 05455,customer05455@example.com,Canada,Toronto,2025-07-28,Premium
C05456,Customer 05456,customer05456@example.com,India,Chennai,2024-10-22,Premium
C05457,Customer 05457,customer05457@example.com,UK,Manchester,2024-03-24,Regular
C05458,Customer 05458,customer05458@example.com,UK,Leeds,2024-01-15,New
C05459,Customer 05459,customer05459@example.com,Singapore,Singapore,2024-05-13,New
C05460,Customer 05460,customer05460@example.com,Singapore,Singapore,2025-04-22,Premium
C05461,Customer 05461,customer05461@example.com,Germany,Berlin,2025-09-24,Premium
C05462,Customer 05462,customer05462@example.com,India,Chennai,2024-11-14,Regular
C05463,Customer 05463,customer05463@example.com,India,Mumbai,2025-01-26,Premium
C05464,Customer 05464,customer05464@example.com,India,Bengaluru,2025-04-23,Regular
C05465,Customer 05465,customer05465@example.com,India,Pune,2025-10-01,Premium
C05466,Customer 05466,customer05466@example.com,UK,Manchester,2025-01-02,New
C05467,Customer 05467,customer05467@example.com,Australia,Melbourne,2025-01-01,Regular
C05468,Customer 05468,customer05468@example.com,France,Marseille,2024-10-14,Regular
C05469,Customer 05469,customer05469@example.com,Germany,Berlin,2025-01-12,Regular
C05470,Customer 05470,customer05470@example.com,UK,Manchester,2025-11-22,Premium
C05471,Customer 05471,customer05471@example.com,Canada,Montreal,2025-04-07,Premium
C05472,Customer 05472,customer05472@example.com,India,Bengaluru,2025-08-16,Regular
C05473,Customer 05473,customer05473@example.com,India,Mumbai,2024-01-13,Premium
C05474,Customer 05474,customer05474@example.com,Canada,Toronto,2025-06-19,Regular
C05475,Customer 05475,customer05475@example.com,India,Bengaluru,2024-06-16,Regular
C05476,Customer 05476,customer05476@example.com,UK,Manchester,2024-09-26,Regular
C05477,Customer 05477,customer05477@example.com,India,Bengaluru,2024-03-10,Regular
C05478,Customer 05478,customer05478@example.com,Canada,Montreal,2024-11-13,Regular
C05479,Customer 05479,customer05479@example.com,Australia,Melbourne,2025-01-10,Regular
C05480,Customer 05480,customer05480@example.com,India,Bengaluru,2024-03-29,Premium
C05481,Customer 05481,customer05481@example.com,Germany,Berlin,2025-12-01,Regular
C05482,Customer 05482,customer05482@example.com,India,Hyderabad,2024-09-13,Regular
C05483,Customer 05483,customer05483@example.com,UK,London,2024-08-04,New
C05484,Customer 05484,customer05484@example.com,Australia,Brisbane,2025-03-25,VIP
C05485,Customer 05485,customer05485@example.com,Canada,Montreal,2025-06-27,Regular
C05486,Customer 05486,customer05486@example.com,Netherlands,Rotterdam,2024-05-20,Premium
C05487,Customer 05487,customer05487@example.com,India,Chennai,2024-06-09,Regular
C05488,Customer 05488,customer05488@example.com,Canada,Toronto,2024-02-01,Regular
C05489,Customer 05489,customer05489@example.com,USA,San Francisco,2024-05-31,Regular
C05490,Customer 05490,customer05490@example.com,UAE,Dubai,2024-09-16,Regular
C05491,Customer 05491,customer05491@example.com,India,Delhi,2025-12-28,Regular
C05492,Customer 05492,customer05492@example.com,Australia,Melbourne,2024-10-05,Regular
C05493,Customer 05493,customer05493@example.com,USA,San Francisco,2024-10-11,Regular
C05494,Customer 05494,customer05494@example.com,India,Mumbai,2025-09-01,Premium
C05495,Customer 05495,customer05495@example.com,UK,Leeds,2025-06-25,New
C05496,Customer 05496,customer05496@example.com,India,Chennai,2025-08-24,Regular
C05497,Customer 05497,customer05497@example.com,USA,Austin,2024-05-27,New
C05498,Customer 05498,customer05498@example.com,France,Lyon,2025-10-17,New
C05499,Customer 05499,customer05499@example.com,USA,Chicago,2024-03-07,Regular
C05500,Customer 05500,customer05500@example.com,USA,San Francisco,2025-07-23,New
C05501,Customer 05501,customer05501@example.com,USA,Austin,2024-10-05,Regular
C05502,Customer 05502,customer05502@example.com,India,Delhi,2025-03-18,Regular
C05503,Customer 05503,customer05503@example.com,India,Bengaluru,2025-02-02,Regular
C05504,Customer 05504,customer05504@example.com,UK,Manchester,2024-05-07,New
C05505,Customer 05505,customer05505@example.com,India,Hyderabad,2024-12-02,Regular
C05506,Customer 05506,customer05506@example.com,India,Chennai,2025-04-26,Premium
C05507,Customer 05507,customer05507@example.com,UK,Leeds,2025-12-21,Regular
C05508,Customer 05508,customer05508@example.com,India,Delhi,2024-07-04,Premium
C05509,Customer 05509,customer05509@example.com,India,Chennai,2024-06-17,New
C05510,Customer 05510,customer05510@example.com,UK,London,2025-11-14,Premium
C05511,Customer 05511,customer05511@example.com,India,Chennai,2024-09-16,Regular
C05512,Customer 05512,customer05512@example.com,UAE,Abu Dhabi,2025-12-17,Regular
C05513,Customer 05513,customer05513@example.com,France,Lyon,2025-10-08,Premium
C05514,Customer 05514,customer05514@example.com,Canada,Montreal,2025-07-11,Regular
C05515,Customer 05515,customer05515@example.com,India,Bengaluru,2025-05-21,Regular
C05516,Customer 05516,customer05516@example.com,Australia,Melbourne,2025-06-04,Regular
C05517,Customer 05517,customer05517@example.com,Germany,Berlin,2025-04-15,Regular
C05518,Customer 05518,customer05518@example.com,Australia,Brisbane,2024-06-09,Regular
C05519,Customer 05519,customer05519@example.com,India,Chennai,2024-10-15,Regular
C05520,Customer 05520,customer05520@example.com,USA,Seattle,2024-12-05,Premium
C05521,Customer 05521,customer05521@example.com,Germany,Munich,2025-05-16,Regular
C05522,Customer 05522,customer05522@example.com,USA,New York,2024-04-15,Regular
C05523,Customer 05523,customer05523@example.com,USA,New York,2025-04-19,Regular
C05524,Customer 05524,customer05524@example.com,UK,Manchester,2025-08-22,Premium
C05525,Customer 05525,customer05525@example.com,USA,Seattle,2025-04-07,Premium
C05526,Customer 05526,customer05526@example.com,India,Chennai,2025-04-27,New
C05527,Customer 05527,customer05527@example.com,USA,New York,2025-12-04,Regular
C05528,Customer 05528,customer05528@example.com,India,Mumbai,2024-06-01,Regular
C05529,Customer 05529,customer05529@example.com,UK,Birmingham,2025-10-10,Regular
C05530,Customer 05530,customer05530@example.com,India,Chennai,2024-05-28,Regular
C05531,Customer 05531,customer05531@example.com,USA,Austin,2024-07-06,Premium
C05532,Customer 05532,customer05532@example.com,India,Bengaluru,2025-10-14,Premium
C05533,Customer 05533,customer05533@example.com,Canada,Montreal,2024-05-10,Regular
C05534,Customer 05534,customer05534@example.com,Germany,Munich,2025-03-27,Regular
C05535,Customer 05535,customer05535@example.com,India,Bengaluru,2025-05-30,Regular
C05536,Customer 05536,customer05536@example.com,India,Mumbai,2025-05-05,New
C05537,Customer 05537,customer05537@example.com,India,Delhi,2025-04-20,VIP
C05538,Customer 05538,customer05538@example.com,France,Marseille,2024-09-19,Regular
C05539,Customer 05539,customer05539@example.com,USA,Austin,2025-06-21,Regular
C05540,Customer 05540,customer05540@example.com,UK,Birmingham,2025-04-03,Premium
C05541,Customer 05541,customer05541@example.com,India,Bengaluru,2025-06-19,New
C05542,Customer 05542,customer05542@example.com,USA,Seattle,2025-09-28,Premium
C05543,Customer 05543,customer05543@example.com,France,Lyon,2025-11-14,Premium
C05544,Customer 05544,customer05544@example.com,Germany,Berlin,2024-10-21,Premium
C05545,Customer 05545,customer05545@example.com,USA,Seattle,2025-03-10,New
C05546,Customer 05546,customer05546@example.com,India,Pune,2024-10-01,Regular
C05547,Customer 05547,customer05547@example.com,India,Mumbai,2025-08-10,New
C05548,Customer 05548,customer05548@example.com,India,Mumbai,2024-11-03,Regular
C05549,Customer 05549,customer05549@example.com,India,Delhi,2025-12-26,Regular
C05550,Customer 05550,customer05550@example.com,India,Mumbai,2025-01-10,New
C05551,Customer 05551,customer05551@example.com,India,Delhi,2024-06-06,Regular
C05552,Customer 05552,customer05552@example.com,UK,Manchester,2024-07-22,Regular
C05553,Customer 05553,customer05553@example.com,UAE,Sharjah,2025-10-22,Premium
C05554,Customer 05554,customer05554@example.com,USA,Chicago,2024-03-15,Regular
C05555,Customer 05555,customer05555@example.com,Germany,Hamburg,2025-01-14,Regular
C05556,Customer 05556,customer05556@example.com,Canada,Montreal,2024-10-30,Regular
C05557,Customer 05557,customer05557@example.com,India,Bengaluru,2024-03-02,Premium
C05558,Customer 05558,customer05558@example.com,Australia,Sydney,2025-07-23,Regular
C05559,Customer 05559,customer05559@example.com,India,Pune,2024-04-17,Regular
C05560,Customer 05560,customer05560@example.com,USA,Austin,2024-07-05,New
C05561,Customer 05561,customer05561@example.com,India,Bengaluru,2024-08-16,Regular
C05562,Customer 05562,customer05562@example.com,Netherlands,Rotterdam,2024-02-17,Premium
C05563,Customer 05563,customer05563@example.com,India,Delhi,2024-09-24,Premium
C05564,Customer 05564,customer05564@example.com,India,Bengaluru,2025-12-27,Regular
C05565,Customer 05565,customer05565@example.com,UAE,Dubai,2024-09-10,Regular
C05566,Customer 05566,customer05566@example.com,India,Pune,2024-03-27,New
C05567,Customer 05567,customer05567@example.com,Canada,Toronto,2024-06-29,VIP
C05568,Customer 05568,customer05568@example.com,Australia,Melbourne,2024-01-25,Regular
C05569,Customer 05569,customer05569@example.com,Germany,Berlin,2025-01-22,Premium
C05570,Customer 05570,customer05570@example.com,Singapore,Singapore,2024-08-09,Regular
C05571,Customer 05571,customer05571@example.com,Singapore,Singapore,2025-01-31,Premium
C05572,Customer 05572,customer05572@example.com,India,Delhi,2025-05-25,Premium
C05573,Customer 05573,customer05573@example.com,Germany,Berlin,2025-07-14,New
C05574,Customer 05574,customer05574@example.com,USA,San Francisco,2025-03-15,VIP
C05575,Customer 05575,customer05575@example.com,USA,San Francisco,2024-06-23,Premium
C05576,Customer 05576,customer05576@example.com,India,Pune,2024-11-06,Regular
C05577,Customer 05577,customer05577@example.com,Canada,Vancouver,2024-09-30,Premium
C05578,Customer 05578,customer05578@example.com,Netherlands,Rotterdam,2024-02-04,Premium
C05579,Customer 05579,customer05579@example.com,UAE,Abu Dhabi,2024-08-04,Premium
C05580,Customer 05580,customer05580@example.com,UK,Birmingham,2025-12-21,Regular
C05581,Customer 05581,customer05581@example.com,India,Chennai,2025-11-02,Regular
C05582,Customer 05582,customer05582@example.com,UK,London,2025-02-11,New
C05583,Customer 05583,customer05583@example.com,Germany,Munich,2025-06-02,Premium
C05584,Customer 05584,customer05584@example.com,Canada,Toronto,2024-09-25,VIP
C05585,Customer 05585,customer05585@example.com,UK,Manchester,2025-09-29,Regular
C05586,Customer 05586,customer05586@example.com,India,Hyderabad,2025-04-19,Regular
C05587,Customer 05587,customer05587@example.com,UK,Manchester,2024-11-20,Premium
C05588,Customer 05588,customer05588@example.com,UK,Birmingham,2024-12-21,Regular
C05589,Customer 05589,customer05589@example.com,UAE,Abu Dhabi,2024-03-30,Regular
C05590,Customer 05590,customer05590@example.com,USA,New York,2024-02-11,Regular
C05591,Customer 05591,customer05591@example.com,India,Delhi,2024-12-30,New
C05592,Customer 05592,customer05592@example.com,USA,Austin,2025-11-01,New
C05593,Customer 05593,customer05593@example.com,India,Mumbai,2024-07-20,Regular
C05594,Customer 05594,customer05594@example.com,Singapore,Singapore,2024-12-31,Regular
C05595,Customer 05595,customer05595@example.com,UK,Birmingham,2024-10-14,Premium
C05596,Customer 05596,customer05596@example.com,UK,Birmingham,2025-08-25,Regular
C05597,Customer 05597,customer05597@example.com,UK,Birmingham,2025-04-25,New
C05598,Customer 05598,customer05598@example.com,Canada,Toronto,2025-09-28,Regular
C05599,Customer 05599,customer05599@example.com,Canada,Vancouver,2025-05-15,Regular
C05600,Customer 05600,customer05600@example.com,Canada,Toronto,2025-09-29,Regular
C05601,Customer 05601,customer05601@example.com,India,Mumbai,2024-02-21,Regular
C05602,Customer 05602,customer05602@example.com,India,Pune,2024-04-12,Regular
C05603,Customer 05603,customer05603@example.com,India,Chennai,2024-12-26,Regular
C05604,Customer 05604,customer05604@example.com,Canada,Toronto,2025-02-27,New
C05605,Customer 05605,customer05605@example.com,India,Chennai,2025-11-29,Regular
C05606,Customer 05606,customer05606@example.com,USA,San Francisco,2024-07-23,New
C05607,Customer 05607,customer05607@example.com,France,Marseille,2024-01-14,New
C05608,Customer 05608,customer05608@example.com,France,Marseille,2025-09-07,Regular
C05609,Customer 05609,customer05609@example.com,UK,Manchester,2025-09-20,New
C05610,Customer 05610,customer05610@example.com,UK,Birmingham,2025-04-14,VIP
C05611,Customer 05611,customer05611@example.com,India,Mumbai,2025-04-10,Regular
C05612,Customer 05612,customer05612@example.com,Canada,Vancouver,2024-10-30,Regular
C05613,Customer 05613,customer05613@example.com,Germany,Hamburg,2025-08-27,Premium
C05614,Customer 05614,customer05614@example.com,India,Chennai,2025-03-02,Regular
C05615,Customer 05615,customer05615@example.com,UK,Leeds,2025-10-17,Regular
C05616,Customer 05616,customer05616@example.com,Germany,Hamburg,2024-04-19,Regular
C05617,Customer 05617,customer05617@example.com,France,Lyon,2025-11-05,Regular
C05618,Customer 05618,customer05618@example.com,India,Hyderabad,2025-07-18,Regular
C05619,Customer 05619,customer05619@example.com,USA,Seattle,2025-05-29,Regular
C05620,Customer 05620,customer05620@example.com,India,Chennai,2024-03-08,Premium
C05621,Customer 05621,customer05621@example.com,India,Mumbai,2024-09-02,New
C05622,Customer 05622,customer05622@example.com,UAE,Abu Dhabi,2025-01-23,New
C05623,Customer 05623,customer05623@example.com,Germany,Hamburg,2025-10-11,Regular
C05624,Customer 05624,customer05624@example.com,Australia,Sydney,2024-11-03,Regular
C05625,Customer 05625,customer05625@example.com,India,Bengaluru,2024-12-17,Regular
C05626,Customer 05626,customer05626@example.com,Germany,Hamburg,2024-03-06,Premium
C05627,Customer 05627,customer05627@example.com,UK,Birmingham,2025-04-04,Premium
C05628,Customer 05628,customer05628@example.com,India,Delhi,2024-12-12,Premium
C05629,Customer 05629,customer05629@example.com,USA,San Francisco,2024-11-20,Regular
C05630,Customer 05630,customer05630@example.com,India,Chennai,2025-10-28,VIP
C05631,Customer 05631,customer05631@example.com,Australia,Melbourne,2025-08-21,Regular
C05632,Customer 05632,customer05632@example.com,USA,New York,2024-02-02,New
C05633,Customer 05633,customer05633@example.com,India,Hyderabad,2024-03-08,Regular
C05634,Customer 05634,customer05634@example.com,India,Bengaluru,2024-07-05,Premium
C05635,Customer 05635,customer05635@example.com,India,Mumbai,2024-07-10,New
C05636,Customer 05636,customer05636@example.com,India,Bengaluru,2024-07-31,Regular
C05637,Customer 05637,customer05637@example.com,USA,Austin,2025-08-22,Premium
C05638,Customer 05638,customer05638@example.com,Germany,Munich,2025-03-03,Regular
C05639,Customer 05639,customer05639@example.com,India,Pune,2024-12-16,Regular
C05640,Customer 05640,customer05640@example.com,India,Mumbai,2024-04-17,Regular
C05641,Customer 05641,customer05641@example.com,USA,Austin,2024-08-27,Regular
C05642,Customer 05642,customer05642@example.com,Germany,Hamburg,2024-08-03,Regular
C05643,Customer 05643,customer05643@example.com,India,Pune,2024-06-25,Regular
C05644,Customer 05644,customer05644@example.com,India,Delhi,2025-07-18,Regular
C05645,Customer 05645,customer05645@example.com,USA,Austin,2024-11-25,Premium
C05646,Customer 05646,customer05646@example.com,India,Delhi,2025-07-14,VIP
C05647,Customer 05647,customer05647@example.com,India,Mumbai,2025-09-17,Premium
C05648,Customer 05648,customer05648@example.com,Australia,Brisbane,2025-03-25,New
C05649,Customer 05649,customer05649@example.com,USA,San Francisco,2025-08-29,New
C05650,Customer 05650,customer05650@example.com,USA,San Francisco,2025-03-22,Regular
C05651,Customer 05651,customer05651@example.com,Australia,Melbourne,2025-06-20,Premium
C05652,Customer 05652,customer05652@example.com,Canada,Vancouver,2025-10-05,VIP
C05653,Customer 05653,customer05653@example.com,India,Bengaluru,2024-06-27,Premium
C05654,Customer 05654,customer05654@example.com,UK,Manchester,2025-01-29,Regular
C05655,Customer 05655,customer05655@example.com,India,Hyderabad,2024-05-24,New
C05656,Customer 05656,customer05656@example.com,India,Bengaluru,2024-07-16,Premium
C05657,Customer 05657,customer05657@example.com,Canada,Montreal,2024-03-24,New
C05658,Customer 05658,customer05658@example.com,France,Paris,2025-10-30,New
C05659,Customer 05659,customer05659@example.com,Singapore,Singapore,2024-03-25,Premium
C05660,Customer 05660,customer05660@example.com,USA,New York,2025-04-01,Regular
C05661,Customer 05661,customer05661@example.com,India,Bengaluru,2025-04-20,New
C05662,Customer 05662,customer05662@example.com,India,Bengaluru,2024-09-09,Regular
C05663,Customer 05663,customer05663@example.com,Germany,Munich,2024-03-12,New
C05664,Customer 05664,customer05664@example.com,USA,New York,2024-08-10,Regular
C05665,Customer 05665,customer05665@example.com,USA,New York,2024-10-02,Regular
C05666,Customer 05666,customer05666@example.com,Germany,Berlin,2024-09-02,Premium
C05667,Customer 05667,customer05667@example.com,Canada,Vancouver,2024-12-06,Regular
C05668,Customer 05668,customer05668@example.com,Germany,Hamburg,2025-07-26,Regular
C05669,Customer 05669,customer05669@example.com,India,Hyderabad,2025-04-15,New
C05670,Customer 05670,customer05670@example.com,Australia,Sydney,2025-03-29,Regular
C05671,Customer 05671,customer05671@example.com,France,Lyon,2024-01-07,Regular
C05672,Customer 05672,customer05672@example.com,India,Chennai,2024-07-06,Premium
C05673,Customer 05673,customer05673@example.com,USA,New York,2024-01-04,Regular
C05674,Customer 05674,customer05674@example.com,India,Hyderabad,2025-10-06,Regular
C05675,Customer 05675,customer05675@example.com,Singapore,Singapore,2024-05-04,Premium
C05676,Customer 05676,customer05676@example.com,India,Chennai,2024-01-15,Regular
C05677,Customer 05677,customer05677@example.com,USA,Chicago,2025-06-08,New
C05678,Customer 05678,customer05678@example.com,India,Hyderabad,2025-09-21,Regular
C05679,Customer 05679,customer05679@example.com,Canada,Montreal,2024-08-27,Regular
C05680,Customer 05680,customer05680@example.com,India,Delhi,2024-12-25,New
C05681,Customer 05681,customer05681@example.com,India,Mumbai,2025-06-01,Regular
C05682,Customer 05682,customer05682@example.com,UK,Manchester,2024-11-15,Regular
C05683,Customer 05683,customer05683@example.com,UAE,Dubai,2024-08-18,VIP
C05684,Customer 05684,customer05684@example.com,India,Pune,2024-01-30,Regular
C05685,Customer 05685,customer05685@example.com,India,Mumbai,2025-06-17,New
C05686,Customer 05686,customer05686@example.com,Australia,Melbourne,2024-06-04,Regular
C05687,Customer 05687,customer05687@example.com,UK,Manchester,2025-09-21,Regular
C05688,Customer 05688,customer05688@example.com,UAE,Dubai,2025-12-05,New
C05689,Customer 05689,customer05689@example.com,India,Chennai,2025-02-02,Regular
C05690,Customer 05690,customer05690@example.com,USA,Chicago,2024-12-11,Premium
C05691,Customer 05691,customer05691@example.com,India,Hyderabad,2024-07-13,Premium
C05692,Customer 05692,customer05692@example.com,India,Hyderabad,2024-06-16,New
C05693,Customer 05693,customer05693@example.com,Canada,Montreal,2025-01-11,Premium
C05694,Customer 05694,customer05694@example.com,USA,Austin,2025-05-03,Regular
C05695,Customer 05695,customer05695@example.com,Australia,Melbourne,2024-12-27,Regular
C05696,Customer 05696,customer05696@example.com,India,Delhi,2025-04-26,Premium
C05697,Customer 05697,customer05697@example.com,UK,Leeds,2024-08-31,Premium
C05698,Customer 05698,customer05698@example.com,UK,Birmingham,2025-08-03,New
C05699,Customer 05699,customer05699@example.com,Netherlands,Rotterdam,2025-08-29,New
C05700,Customer 05700,customer05700@example.com,India,Bengaluru,2025-08-11,Regular
C05701,Customer 05701,customer05701@example.com,India,Pune,2024-06-19,Regular
C05702,Customer 05702,customer05702@example.com,UK,Manchester,2025-05-27,Premium
C05703,Customer 05703,customer05703@example.com,USA,San Francisco,2025-02-09,New
C05704,Customer 05704,customer05704@example.com,India,Chennai,2025-07-27,Regular
C05705,Customer 05705,customer05705@example.com,UAE,Abu Dhabi,2024-07-25,Regular
C05706,Customer 05706,customer05706@example.com,India,Pune,2024-06-02,New
C05707,Customer 05707,customer05707@example.com,France,Marseille,2024-02-17,Premium
C05708,Customer 05708,customer05708@example.com,India,Pune,2025-10-10,Premium
C05709,Customer 05709,customer05709@example.com,Canada,Montreal,2024-01-01,Regular
C05710,Customer 05710,customer05710@example.com,UAE,Abu Dhabi,2025-02-10,New
C05711,Customer 05711,customer05711@example.com,India,Chennai,2024-04-16,New
C05712,Customer 05712,customer05712@example.com,Singapore,Singapore,2024-06-21,Regular
C05713,Customer 05713,customer05713@example.com,UK,Birmingham,2025-05-20,Regular
C05714,Customer 05714,customer05714@example.com,UAE,Abu Dhabi,2024-05-09,Regular
C05715,Customer 05715,customer05715@example.com,Canada,Montreal,2025-02-01,Regular
C05716,Customer 05716,customer05716@example.com,India,Bengaluru,2024-10-20,New
C05717,Customer 05717,customer05717@example.com,India,Hyderabad,2025-07-05,Premium
C05718,Customer 05718,customer05718@example.com,India,Delhi,2025-03-22,New
C05719,Customer 05719,customer05719@example.com,India,Mumbai,2024-01-16,Premium
C05720,Customer 05720,customer05720@example.com,India,Mumbai,2025-09-30,Regular
C05721,Customer 05721,customer05721@example.com,India,Delhi,2024-12-14,Premium
C05722,Customer 05722,customer05722@example.com,UK,Birmingham,2024-07-21,New
C05723,Customer 05723,customer05723@example.com,Germany,Berlin,2024-05-13,Premium
C05724,Customer 05724,customer05724@example.com,India,Mumbai,2025-06-09,New
C05725,Customer 05725,customer05725@example.com,India,Hyderabad,2025-05-22,VIP
C05726,Customer 05726,customer05726@example.com,USA,New York,2024-03-06,Regular
C05727,Customer 05727,customer05727@example.com,India,Chennai,2025-04-24,Regular
C05728,Customer 05728,customer05728@example.com,India,Bengaluru,2025-04-03,Regular
C05729,Customer 05729,customer05729@example.com,India,Mumbai,2024-12-07,Premium
C05730,Customer 05730,customer05730@example.com,UAE,Abu Dhabi,2025-12-07,Premium
C05731,Customer 05731,customer05731@example.com,Germany,Munich,2025-09-17,Premium
C05732,Customer 05732,customer05732@example.com,UK,London,2024-06-07,Premium
C05733,Customer 05733,customer05733@example.com,Canada,Montreal,2024-06-09,Premium
C05734,Customer 05734,customer05734@example.com,USA,Seattle,2024-09-10,Regular
C05735,Customer 05735,customer05735@example.com,Canada,Vancouver,2025-06-10,New
C05736,Customer 05736,customer05736@example.com,Canada,Vancouver,2025-07-02,New
C05737,Customer 05737,customer05737@example.com,USA,New York,2024-06-03,Regular
C05738,Customer 05738,customer05738@example.com,India,Delhi,2025-04-30,Regular
C05739,Customer 05739,customer05739@example.com,India,Mumbai,2025-03-07,Regular
C05740,Customer 05740,customer05740@example.com,UK,Manchester,2024-01-27,Regular
C05741,Customer 05741,customer05741@example.com,France,Paris,2024-01-12,Regular
C05742,Customer 05742,customer05742@example.com,USA,San Francisco,2024-03-07,Regular
C05743,Customer 05743,customer05743@example.com,Germany,Munich,2025-06-25,Regular
C05744,Customer 05744,customer05744@example.com,Netherlands,Amsterdam,2024-04-05,Regular
C05745,Customer 05745,customer05745@example.com,India,Delhi,2024-08-02,New
C05746,Customer 05746,customer05746@example.com,Canada,Montreal,2024-07-12,Premium
C05747,Customer 05747,customer05747@example.com,Canada,Vancouver,2025-10-08,Regular
C05748,Customer 05748,customer05748@example.com,Singapore,Singapore,2024-10-16,Premium
C05749,Customer 05749,customer05749@example.com,Netherlands,Amsterdam,2025-06-27,Regular
C05750,Customer 05750,customer05750@example.com,Canada,Toronto,2024-02-08,New
C05751,Customer 05751,customer05751@example.com,India,Pune,2024-07-24,New
C05752,Customer 05752,customer05752@example.com,Germany,Hamburg,2025-07-08,New
C05753,Customer 05753,customer05753@example.com,India,Pune,2025-04-28,New
C05754,Customer 05754,customer05754@example.com,Germany,Munich,2024-12-02,New
C05755,Customer 05755,customer05755@example.com,UAE,Abu Dhabi,2025-05-10,Premium
C05756,Customer 05756,customer05756@example.com,UK,Manchester,2024-09-05,Premium
C05757,Customer 05757,customer05757@example.com,USA,Austin,2024-03-14,Premium
C05758,Customer 05758,customer05758@example.com,UK,London,2025-01-07,VIP
C05759,Customer 05759,customer05759@example.com,UK,Leeds,2025-12-02,Regular
C05760,Customer 05760,customer05760@example.com,India,Pune,2024-05-17,Regular
C05761,Customer 05761,customer05761@example.com,Australia,Sydney,2025-04-01,New
C05762,Customer 05762,customer05762@example.com,UAE,Sharjah,2025-03-19,New
C05763,Customer 05763,customer05763@example.com,UAE,Sharjah,2024-12-18,Premium
C05764,Customer 05764,customer05764@example.com,India,Pune,2025-02-14,Premium
C05765,Customer 05765,customer05765@example.com,France,Marseille,2025-11-08,Premium
C05766,Customer 05766,customer05766@example.com,Australia,Melbourne,2025-06-21,Premium
C05767,Customer 05767,customer05767@example.com,India,Mumbai,2025-03-28,Regular
C05768,Customer 05768,customer05768@example.com,India,Pune,2025-02-22,Regular
C05769,Customer 05769,customer05769@example.com,India,Pune,2025-03-25,Regular
C05770,Customer 05770,customer05770@example.com,UAE,Sharjah,2025-08-07,VIP
C05771,Customer 05771,customer05771@example.com,USA,Austin,2024-04-24,Premium
C05772,Customer 05772,customer05772@example.com,Australia,Melbourne,2024-02-20,Regular
C05773,Customer 05773,customer05773@example.com,India,Bengaluru,2025-01-03,New
C05774,Customer 05774,customer05774@example.com,Canada,Toronto,2025-11-13,Regular
C05775,Customer 05775,customer05775@example.com,India,Bengaluru,2025-05-29,Regular
C05776,Customer 05776,customer05776@example.com,UK,Manchester,2024-07-28,Premium
C05777,Customer 05777,customer05777@example.com,USA,Austin,2025-09-18,New
C05778,Customer 05778,customer05778@example.com,India,Hyderabad,2025-11-09,New
C05779,Customer 05779,customer05779@example.com,Germany,Hamburg,2025-03-10,Regular
C05780,Customer 05780,customer05780@example.com,India,Delhi,2024-08-14,Premium
C05781,Customer 05781,customer05781@example.com,Canada,Montreal,2025-10-24,Regular
C05782,Customer 05782,customer05782@example.com,UK,Leeds,2024-09-24,Regular
C05783,Customer 05783,customer05783@example.com,USA,Austin,2024-04-25,Regular
C05784,Customer 05784,customer05784@example.com,India,Pune,2025-08-22,New
C05785,Customer 05785,customer05785@example.com,India,Chennai,2024-12-25,Regular
C05786,Customer 05786,customer05786@example.com,UAE,Abu Dhabi,2024-11-24,Premium
C05787,Customer 05787,customer05787@example.com,India,Bengaluru,2024-02-09,Premium
C05788,Customer 05788,customer05788@example.com,Germany,Munich,2024-06-30,Regular
C05789,Customer 05789,customer05789@example.com,Netherlands,Amsterdam,2025-05-04,Regular
C05790,Customer 05790,customer05790@example.com,India,Bengaluru,2024-07-27,Premium
C05791,Customer 05791,customer05791@example.com,India,Hyderabad,2024-09-29,Regular
C05792,Customer 05792,customer05792@example.com,Canada,Montreal,2024-04-28,New
C05793,Customer 05793,customer05793@example.com,Singapore,Singapore,2025-01-16,Regular
C05794,Customer 05794,customer05794@example.com,UAE,Dubai,2025-06-19,Regular
C05795,Customer 05795,customer05795@example.com,UK,London,2024-09-14,Regular
C05796,Customer 05796,customer05796@example.com,Germany,Munich,2025-04-27,VIP
C05797,Customer 05797,customer05797@example.com,India,Mumbai,2025-05-23,Premium
C05798,Customer 05798,customer05798@example.com,Singapore,Singapore,2024-04-01,New
C05799,Customer 05799,customer05799@example.com,Singapore,Singapore,2024-06-09,Premium
C05800,Customer 05800,customer05800@example.com,India,Pune,2024-05-28,Regular
C05801,Customer 05801,customer05801@example.com,India,Hyderabad,2024-04-26,Regular
C05802,Customer 05802,customer05802@example.com,India,Bengaluru,2025-04-02,Regular
C05803,Customer 05803,customer05803@example.com,India,Hyderabad,2025-07-18,Regular
C05804,Customer 05804,customer05804@example.com,Germany,Berlin,2024-02-14,Premium
C05805,Customer 05805,customer05805@example.com,UK,London,2024-08-21,Regular
C05806,Customer 05806,customer05806@example.com,India,Delhi,2025-01-09,Premium
C05807,Customer 05807,customer05807@example.com,India,Bengaluru,2025-06-30,Regular
C05808,Customer 05808,customer05808@example.com,Netherlands,Rotterdam,2024-07-15,Regular
C05809,Customer 05809,customer05809@example.com,USA,Seattle,2024-01-25,Regular
C05810,Customer 05810,customer05810@example.com,UK,Birmingham,2025-01-29,VIP
C05811,Customer 05811,customer05811@example.com,India,Delhi,2025-12-14,Regular
C05812,Customer 05812,customer05812@example.com,Netherlands,Rotterdam,2024-02-05,New
C05813,Customer 05813,customer05813@example.com,Germany,Munich,2025-04-18,Regular
C05814,Customer 05814,customer05814@example.com,India,Pune,2024-08-10,Regular
C05815,Customer 05815,customer05815@example.com,India,Hyderabad,2025-06-13,Premium
C05816,Customer 05816,customer05816@example.com,India,Mumbai,2024-07-06,Premium
C05817,Customer 05817,customer05817@example.com,India,Hyderabad,2025-02-05,VIP
C05818,Customer 05818,customer05818@example.com,USA,Chicago,2024-09-13,Premium
C05819,Customer 05819,customer05819@example.com,UAE,Dubai,2025-10-15,Regular
C05820,Customer 05820,customer05820@example.com,UK,Birmingham,2024-05-15,Regular
C05821,Customer 05821,customer05821@example.com,Germany,Munich,2025-08-13,Regular
C05822,Customer 05822,customer05822@example.com,UK,London,2025-03-19,VIP
C05823,Customer 05823,customer05823@example.com,Canada,Montreal,2025-02-21,New
C05824,Customer 05824,customer05824@example.com,Australia,Melbourne,2024-10-18,New
C05825,Customer 05825,customer05825@example.com,India,Bengaluru,2025-07-27,New
C05826,Customer 05826,customer05826@example.com,UK,Manchester,2024-05-08,Regular
C05827,Customer 05827,customer05827@example.com,USA,Austin,2024-12-06,New
C05828,Customer 05828,customer05828@example.com,India,Delhi,2024-09-13,Regular
C05829,Customer 05829,customer05829@example.com,UK,London,2025-12-24,Premium
C05830,Customer 05830,customer05830@example.com,USA,New York,2025-07-19,Regular
C05831,Customer 05831,customer05831@example.com,Netherlands,Amsterdam,2025-11-17,Regular
C05832,Customer 05832,customer05832@example.com,UK,Leeds,2024-04-09,Premium
C05833,Customer 05833,customer05833@example.com,Germany,Munich,2024-02-08,Regular
C05834,Customer 05834,customer05834@example.com,UK,Manchester,2024-09-19,New
C05835,Customer 05835,customer05835@example.com,Germany,Hamburg,2024-05-29,Regular
C05836,Customer 05836,customer05836@example.com,USA,New York,2025-09-24,Regular
C05837,Customer 05837,customer05837@example.com,France,Paris,2025-11-20,New
C05838,Customer 05838,customer05838@example.com,UK,Leeds,2024-11-25,Regular
C05839,Customer 05839,customer05839@example.com,USA,New York,2024-04-29,VIP
C05840,Customer 05840,customer05840@example.com,USA,San Francisco,2025-08-06,Regular
C05841,Customer 05841,customer05841@example.com,UK,Manchester,2024-08-06,Regular
C05842,Customer 05842,customer05842@example.com,India,Delhi,2024-05-02,Regular
C05843,Customer 05843,customer05843@example.com,India,Delhi,2024-08-31,Premium
C05844,Customer 05844,customer05844@example.com,India,Pune,2025-08-09,Premium
C05845,Customer 05845,customer05845@example.com,France,Lyon,2025-06-01,Regular
C05846,Customer 05846,customer05846@example.com,India,Mumbai,2024-01-21,Regular
C05847,Customer 05847,customer05847@example.com,India,Bengaluru,2024-07-08,Regular
C05848,Customer 05848,customer05848@example.com,Australia,Brisbane,2024-08-12,Regular
C05849,Customer 05849,customer05849@example.com,India,Pune,2025-09-06,New
C05850,Customer 05850,customer05850@example.com,UK,London,2025-04-10,Regular
C05851,Customer 05851,customer05851@example.com,India,Pune,2024-04-08,Regular
C05852,Customer 05852,customer05852@example.com,Singapore,Singapore,2024-12-28,Regular
C05853,Customer 05853,customer05853@example.com,France,Lyon,2024-03-23,New
C05854,Customer 05854,customer05854@example.com,France,Lyon,2025-11-23,New
C05855,Customer 05855,customer05855@example.com,UK,Birmingham,2025-10-25,Regular
C05856,Customer 05856,customer05856@example.com,Australia,Sydney,2024-02-25,Regular
C05857,Customer 05857,customer05857@example.com,India,Mumbai,2025-12-02,New
C05858,Customer 05858,customer05858@example.com,India,Hyderabad,2024-01-22,Premium
C05859,Customer 05859,customer05859@example.com,India,Pune,2025-08-02,Regular
C05860,Customer 05860,customer05860@example.com,USA,Chicago,2024-07-03,New
C05861,Customer 05861,customer05861@example.com,UK,London,2025-06-05,New
C05862,Customer 05862,customer05862@example.com,USA,Chicago,2025-07-31,Regular
C05863,Customer 05863,customer05863@example.com,India,Pune,2024-09-20,New
C05864,Customer 05864,customer05864@example.com,UK,Leeds,2024-08-12,New
C05865,Customer 05865,customer05865@example.com,Canada,Vancouver,2025-09-26,Regular
C05866,Customer 05866,customer05866@example.com,UK,London,2024-02-07,Regular
C05867,Customer 05867,customer05867@example.com,Australia,Sydney,2024-05-02,Premium
C05868,Customer 05868,customer05868@example.com,India,Mumbai,2024-06-04,Premium
C05869,Customer 05869,customer05869@example.com,Germany,Hamburg,2024-10-27,VIP
C05870,Customer 05870,customer05870@example.com,USA,New York,2024-03-07,New
C05871,Customer 05871,customer05871@example.com,India,Delhi,2025-10-06,New
C05872,Customer 05872,customer05872@example.com,India,Bengaluru,2025-01-28,VIP
C05873,Customer 05873,customer05873@example.com,USA,New York,2025-10-13,Regular
C05874,Customer 05874,customer05874@example.com,Germany,Berlin,2025-08-16,Regular
C05875,Customer 05875,customer05875@example.com,UK,Leeds,2025-07-23,New
C05876,Customer 05876,customer05876@example.com,India,Pune,2025-10-22,New
C05877,Customer 05877,customer05877@example.com,France,Marseille,2025-02-08,New
C05878,Customer 05878,customer05878@example.com,Canada,Toronto,2025-03-24,Regular
C05879,Customer 05879,customer05879@example.com,UK,Birmingham,2024-05-10,New
C05880,Customer 05880,customer05880@example.com,UK,London,2024-03-09,Regular
C05881,Customer 05881,customer05881@example.com,India,Bengaluru,2024-12-10,Regular
C05882,Customer 05882,customer05882@example.com,USA,Chicago,2024-11-15,New
C05883,Customer 05883,customer05883@example.com,UK,Leeds,2024-06-25,New
C05884,Customer 05884,customer05884@example.com,Netherlands,Amsterdam,2025-08-06,Regular
C05885,Customer 05885,customer05885@example.com,UK,Birmingham,2025-06-12,New
C05886,Customer 05886,customer05886@example.com,UK,London,2024-06-08,New
C05887,Customer 05887,customer05887@example.com,USA,New York,2025-08-04,Regular
C05888,Customer 05888,customer05888@example.com,UAE,Abu Dhabi,2025-09-16,Regular
C05889,Customer 05889,customer05889@example.com,Germany,Hamburg,2025-06-16,Regular
C05890,Customer 05890,customer05890@example.com,UK,Manchester,2024-05-14,New
C05891,Customer 05891,customer05891@example.com,Canada,Montreal,2024-04-20,Premium
C05892,Customer 05892,customer05892@example.com,USA,San Francisco,2024-10-09,Premium
C05893,Customer 05893,customer05893@example.com,UK,London,2025-06-03,Regular
C05894,Customer 05894,customer05894@example.com,India,Bengaluru,2025-12-19,New
C05895,Customer 05895,customer05895@example.com,UK,Leeds,2024-07-12,Regular
C05896,Customer 05896,customer05896@example.com,India,Bengaluru,2024-02-16,Regular
C05897,Customer 05897,customer05897@example.com,UAE,Abu Dhabi,2024-12-07,VIP
C05898,Customer 05898,customer05898@example.com,India,Chennai,2024-08-29,VIP
C05899,Customer 05899,customer05899@example.com,Singapore,Singapore,2025-06-05,Regular
C05900,Customer 05900,customer05900@example.com,USA,Seattle,2025-01-04,Regular
C05901,Customer 05901,customer05901@example.com,USA,Chicago,2024-05-10,Premium
C05902,Customer 05902,customer05902@example.com,USA,New York,2024-09-26,Premium
C05903,Customer 05903,customer05903@example.com,India,Pune,2024-03-01,Regular
C05904,Customer 05904,customer05904@example.com,UK,Leeds,2024-06-12,Regular
C05905,Customer 05905,customer05905@example.com,India,Mumbai,2025-06-08,New
C05906,Customer 05906,customer05906@example.com,USA,Chicago,2024-09-28,Regular
C05907,Customer 05907,customer05907@example.com,UK,Birmingham,2025-12-20,Premium
C05908,Customer 05908,customer05908@example.com,Australia,Sydney,2024-05-12,VIP
C05909,Customer 05909,customer05909@example.com,India,Delhi,2024-08-31,Premium
C05910,Customer 05910,customer05910@example.com,India,Pune,2025-03-09,New
C05911,Customer 05911,customer05911@example.com,UK,Leeds,2024-02-07,Regular
C05912,Customer 05912,customer05912@example.com,UAE,Sharjah,2025-07-21,Regular
C05913,Customer 05913,customer05913@example.com,Canada,Vancouver,2024-11-14,Regular
C05914,Customer 05914,customer05914@example.com,UK,Leeds,2025-05-24,Regular
C05915,Customer 05915,customer05915@example.com,USA,Chicago,2025-01-10,Regular
C05916,Customer 05916,customer05916@example.com,India,Chennai,2025-07-13,Regular
C05917,Customer 05917,customer05917@example.com,Netherlands,Amsterdam,2025-09-08,New
C05918,Customer 05918,customer05918@example.com,Canada,Montreal,2025-04-18,New
C05919,Customer 05919,customer05919@example.com,India,Mumbai,2024-02-28,Premium
C05920,Customer 05920,customer05920@example.com,USA,Austin,2025-08-11,New
C05921,Customer 05921,customer05921@example.com,India,Pune,2025-05-13,New
C05922,Customer 05922,customer05922@example.com,Singapore,Singapore,2024-08-05,Regular
C05923,Customer 05923,customer05923@example.com,India,Mumbai,2025-07-20,Premium
C05924,Customer 05924,customer05924@example.com,USA,San Francisco,2025-07-20,Regular
C05925,Customer 05925,customer05925@example.com,India,Chennai,2024-05-08,New
C05926,Customer 05926,customer05926@example.com,Canada,Toronto,2025-01-17,Regular
C05927,Customer 05927,customer05927@example.com,Australia,Sydney,2025-01-22,Regular
C05928,Customer 05928,customer05928@example.com,Canada,Montreal,2024-03-25,Regular
C05929,Customer 05929,customer05929@example.com,USA,Chicago,2025-05-24,Premium
C05930,Customer 05930,customer05930@example.com,France,Lyon,2025-12-26,Regular
C05931,Customer 05931,customer05931@example.com,India,Mumbai,2025-09-18,Premium
C05932,Customer 05932,customer05932@example.com,India,Mumbai,2025-03-12,Regular
C05933,Customer 05933,customer05933@example.com,India,Chennai,2024-10-19,Regular
C05934,Customer 05934,customer05934@example.com,Netherlands,Rotterdam,2024-02-18,Regular
C05935,Customer 05935,customer05935@example.com,UK,Leeds,2024-03-07,Premium
C05936,Customer 05936,customer05936@example.com,Australia,Sydney,2024-05-08,Regular
C05937,Customer 05937,customer05937@example.com,Canada,Montreal,2024-01-29,New
C05938,Customer 05938,customer05938@example.com,India,Chennai,2024-12-08,New
C05939,Customer 05939,customer05939@example.com,India,Delhi,2025-06-28,Regular
C05940,Customer 05940,customer05940@example.com,India,Pune,2024-04-28,Premium
C05941,Customer 05941,customer05941@example.com,UK,Manchester,2025-11-22,Premium
C05942,Customer 05942,customer05942@example.com,India,Hyderabad,2025-10-24,Regular
C05943,Customer 05943,customer05943@example.com,India,Chennai,2024-05-12,Regular
C05944,Customer 05944,customer05944@example.com,France,Lyon,2024-11-22,Regular
C05945,Customer 05945,customer05945@example.com,Singapore,Singapore,2024-07-03,Regular
C05946,Customer 05946,customer05946@example.com,India,Mumbai,2025-05-20,VIP
C05947,Customer 05947,customer05947@example.com,India,Pune,2025-10-07,Regular
C05948,Customer 05948,customer05948@example.com,India,Hyderabad,2025-11-19,New
C05949,Customer 05949,customer05949@example.com,Canada,Montreal,2025-06-17,New
C05950,Customer 05950,customer05950@example.com,Germany,Hamburg,2024-08-28,Regular
C05951,Customer 05951,customer05951@example.com,India,Delhi,2025-08-11,Regular
C05952,Customer 05952,customer05952@example.com,India,Bengaluru,2025-12-16,Premium
C05953,Customer 05953,customer05953@example.com,Germany,Hamburg,2025-05-30,Regular
C05954,Customer 05954,customer05954@example.com,USA,Seattle,2024-06-13,Regular
C05955,Customer 05955,customer05955@example.com,India,Chennai,2025-10-01,Regular
C05956,Customer 05956,customer05956@example.com,USA,Chicago,2025-07-10,Premium
C05957,Customer 05957,customer05957@example.com,India,Chennai,2024-08-05,Regular
C05958,Customer 05958,customer05958@example.com,UK,Birmingham,2025-10-09,Regular
C05959,Customer 05959,customer05959@example.com,Australia,Melbourne,2025-11-10,New
C05960,Customer 05960,customer05960@example.com,Germany,Munich,2025-08-27,Regular
C05961,Customer 05961,customer05961@example.com,UK,Birmingham,2024-01-05,Premium
C05962,Customer 05962,customer05962@example.com,UAE,Dubai,2025-10-29,Regular
C05963,Customer 05963,customer05963@example.com,UK,London,2024-03-21,Regular
C05964,Customer 05964,customer05964@example.com,Australia,Brisbane,2024-09-03,Regular
C05965,Customer 05965,customer05965@example.com,UK,London,2025-05-07,Regular
C05966,Customer 05966,customer05966@example.com,France,Paris,2025-10-10,New
C05967,Customer 05967,customer05967@example.com,UAE,Dubai,2025-01-20,Premium
C05968,Customer 05968,customer05968@example.com,India,Bengaluru,2025-07-28,Regular
C05969,Customer 05969,customer05969@example.com,UAE,Dubai,2024-11-02,Premium
C05970,Customer 05970,customer05970@example.com,Germany,Berlin,2025-09-19,Regular
C05971,Customer 05971,customer05971@example.com,Germany,Berlin,2025-09-16,VIP
C05972,Customer 05972,customer05972@example.com,India,Delhi,2025-06-26,Regular
C05973,Customer 05973,customer05973@example.com,Germany,Berlin,2024-01-07,Regular
C05974,Customer 05974,customer05974@example.com,France,Paris,2025-05-29,Regular
C05975,Customer 05975,customer05975@example.com,India,Hyderabad,2025-07-21,Regular
C05976,Customer 05976,customer05976@example.com,Singapore,Singapore,2024-03-13,Regular
C05977,Customer 05977,customer05977@example.com,India,Pune,2024-01-10,VIP
C05978,Customer 05978,customer05978@example.com,India,Delhi,2025-07-26,Premium
C05979,Customer 05979,customer05979@example.com,USA,San Francisco,2025-07-15,Regular
C05980,Customer 05980,customer05980@example.com,USA,San Francisco,2024-05-01,Regular
C05981,Customer 05981,customer05981@example.com,USA,San Francisco,2025-11-17,New
C05982,Customer 05982,customer05982@example.com,India,Mumbai,2025-05-27,Premium
C05983,Customer 05983,customer05983@example.com,Singapore,Singapore,2025-03-16,Regular
C05984,Customer 05984,customer05984@example.com,India,Mumbai,2024-02-07,Regular
C05985,Customer 05985,customer05985@example.com,India,Bengaluru,2025-12-02,Premium
C05986,Customer 05986,customer05986@example.com,India,Chennai,2025-08-13,Regular
C05987,Customer 05987,customer05987@example.com,USA,New York,2024-12-10,Premium
C05988,Customer 05988,customer05988@example.com,UAE,Dubai,2024-12-03,Regular
C05989,Customer 05989,customer05989@example.com,Canada,Toronto,2025-12-02,Regular
C05990,Customer 05990,customer05990@example.com,Germany,Hamburg,2024-07-02,Regular
C05991,Customer 05991,customer05991@example.com,India,Delhi,2024-03-07,Regular
C05992,Customer 05992,customer05992@example.com,USA,New York,2024-01-17,VIP
C05993,Customer 05993,customer05993@example.com,UK,Leeds,2025-01-17,Regular
C05994,Customer 05994,customer05994@example.com,UK,London,2025-01-02,Regular
C05995,Customer 05995,customer05995@example.com,India,Mumbai,2024-11-11,Regular
C05996,Customer 05996,customer05996@example.com,Canada,Montreal,2025-05-11,New
C05997,Customer 05997,customer05997@example.com,UK,Leeds,2025-12-21,Regular
C05998,Customer 05998,customer05998@example.com,Australia,Melbourne,2024-12-10,Regular
C05999,Customer 05999,customer05999@example.com,UK,London,2025-07-06,Premium
C06000,Customer 06000,customer06000@example.com,India,Chennai,2025-04-17,Regular
C06001,Customer 06001,customer06001@example.com,USA,Austin,2024-04-24,Regular
C06002,Customer 06002,customer06002@example.com,India,Chennai,2024-04-09,Premium
C06003,Customer 06003,customer06003@example.com,France,Paris,2025-03-13,Regular
C06004,Customer 06004,customer06004@example.com,USA,New York,2024-12-10,Premium
C06005,Customer 06005,customer06005@example.com,India,Mumbai,2024-12-14,Regular
C06006,Customer 06006,customer06006@example.com,Singapore,Singapore,2024-05-18,Regular
C06007,Customer 06007,customer06007@example.com,USA,Chicago,2024-11-19,Regular
C06008,Customer 06008,customer06008@example.com,India,Chennai,2024-10-28,New
C06009,Customer 06009,customer06009@example.com,USA,New York,2024-10-20,Regular
C06010,Customer 06010,customer06010@example.com,India,Hyderabad,2025-06-12,New
C06011,Customer 06011,customer06011@example.com,Germany,Hamburg,2024-10-18,Regular
C06012,Customer 06012,customer06012@example.com,Germany,Berlin,2024-03-14,New
C06013,Customer 06013,customer06013@example.com,Singapore,Singapore,2025-04-28,Regular
C06014,Customer 06014,customer06014@example.com,UK,Manchester,2024-01-16,Regular
C06015,Customer 06015,customer06015@example.com,UK,Manchester,2025-06-09,New
C06016,Customer 06016,customer06016@example.com,Australia,Brisbane,2024-12-01,New
C06017,Customer 06017,customer06017@example.com,India,Pune,2025-05-30,Regular
C06018,Customer 06018,customer06018@example.com,USA,Chicago,2024-05-06,Regular
C06019,Customer 06019,customer06019@example.com,USA,San Francisco,2025-06-01,New
C06020,Customer 06020,customer06020@example.com,India,Pune,2024-05-08,New
C06021,Customer 06021,customer06021@example.com,UK,Manchester,2025-05-25,Premium
C06022,Customer 06022,customer06022@example.com,France,Marseille,2025-02-26,Regular
C06023,Customer 06023,customer06023@example.com,France,Marseille,2025-01-19,Regular
C06024,Customer 06024,customer06024@example.com,India,Chennai,2024-08-19,Premium
C06025,Customer 06025,customer06025@example.com,India,Delhi,2024-07-13,New
C06026,Customer 06026,customer06026@example.com,India,Pune,2024-03-05,Regular
C06027,Customer 06027,customer06027@example.com,France,Paris,2025-09-06,Premium
C06028,Customer 06028,customer06028@example.com,India,Pune,2024-10-03,Regular
C06029,Customer 06029,customer06029@example.com,Canada,Montreal,2025-10-31,VIP
C06030,Customer 06030,customer06030@example.com,India,Mumbai,2024-08-11,Premium
C06031,Customer 06031,customer06031@example.com,USA,Seattle,2024-10-04,New
C06032,Customer 06032,customer06032@example.com,UK,Leeds,2025-11-24,VIP
C06033,Customer 06033,customer06033@example.com,Germany,Berlin,2024-12-31,Premium
C06034,Customer 06034,customer06034@example.com,India,Bengaluru,2025-05-30,Regular
C06035,Customer 06035,customer06035@example.com,USA,Chicago,2024-08-02,VIP
C06036,Customer 06036,customer06036@example.com,India,Chennai,2025-03-14,New
C06037,Customer 06037,customer06037@example.com,Canada,Vancouver,2025-03-03,Regular
C06038,Customer 06038,customer06038@example.com,France,Marseille,2025-12-29,Regular
C06039,Customer 06039,customer06039@example.com,India,Mumbai,2025-01-30,New
C06040,Customer 06040,customer06040@example.com,France,Marseille,2024-07-27,Regular
C06041,Customer 06041,customer06041@example.com,USA,Chicago,2025-05-15,Regular
C06042,Customer 06042,customer06042@example.com,India,Chennai,2025-04-07,Regular
C06043,Customer 06043,customer06043@example.com,UK,Leeds,2025-08-08,Regular
C06044,Customer 06044,customer06044@example.com,India,Mumbai,2024-08-14,Regular
C06045,Customer 06045,customer06045@example.com,Canada,Vancouver,2025-01-09,New
C06046,Customer 06046,customer06046@example.com,Australia,Brisbane,2025-05-14,Regular
C06047,Customer 06047,customer06047@example.com,India,Mumbai,2024-04-02,Premium
C06048,Customer 06048,customer06048@example.com,UK,Birmingham,2025-04-04,Regular
C06049,Customer 06049,customer06049@example.com,Germany,Munich,2025-07-30,Regular
C06050,Customer 06050,customer06050@example.com,UAE,Sharjah,2024-11-16,Regular
C06051,Customer 06051,customer06051@example.com,USA,Seattle,2024-01-10,Regular
C06052,Customer 06052,customer06052@example.com,Singapore,Singapore,2024-10-29,Regular
C06053,Customer 06053,customer06053@example.com,USA,San Francisco,2024-11-17,VIP
C06054,Customer 06054,customer06054@example.com,UK,Manchester,2025-03-31,Premium
C06055,Customer 06055,customer06055@example.com,Germany,Hamburg,2024-10-04,Regular
C06056,Customer 06056,customer06056@example.com,UK,Manchester,2025-08-20,Regular
C06057,Customer 06057,customer06057@example.com,UK,Leeds,2025-06-21,Regular
C06058,Customer 06058,customer06058@example.com,UK,Birmingham,2025-12-30,Regular
C06059,Customer 06059,customer06059@example.com,Germany,Munich,2025-01-27,Regular
C06060,Customer 06060,customer06060@example.com,Germany,Munich,2024-04-04,Regular
C06061,Customer 06061,customer06061@example.com,UK,Leeds,2024-04-16,Regular
C06062,Customer 06062,customer06062@example.com,India,Delhi,2025-01-24,Regular
C06063,Customer 06063,customer06063@example.com,UK,London,2025-06-09,Premium
C06064,Customer 06064,customer06064@example.com,USA,New York,2025-11-03,Regular
C06065,Customer 06065,customer06065@example.com,India,Mumbai,2024-03-11,VIP
C06066,Customer 06066,customer06066@example.com,Germany,Hamburg,2025-10-25,New
C06067,Customer 06067,customer06067@example.com,UK,London,2025-08-09,Regular
C06068,Customer 06068,customer06068@example.com,India,Chennai,2025-01-10,Regular
C06069,Customer 06069,customer06069@example.com,India,Bengaluru,2025-12-27,Premium
C06070,Customer 06070,customer06070@example.com,India,Mumbai,2025-01-02,Premium
C06071,Customer 06071,customer06071@example.com,UAE,Dubai,2024-02-20,New
C06072,Customer 06072,customer06072@example.com,India,Mumbai,2024-05-22,Regular
C06073,Customer 06073,customer06073@example.com,India,Bengaluru,2025-02-22,Regular
C06074,Customer 06074,customer06074@example.com,UK,Manchester,2025-07-01,Regular
C06075,Customer 06075,customer06075@example.com,India,Mumbai,2025-05-14,Regular
C06076,Customer 06076,customer06076@example.com,India,Hyderabad,2024-06-15,Regular
C06077,Customer 06077,customer06077@example.com,India,Pune,2024-09-16,Regular
C06078,Customer 06078,customer06078@example.com,USA,Austin,2024-07-10,Regular
C06079,Customer 06079,customer06079@example.com,USA,San Francisco,2024-07-20,New
C06080,Customer 06080,customer06080@example.com,UK,Manchester,2024-07-03,Regular
C06081,Customer 06081,customer06081@example.com,UK,London,2024-06-06,New
C06082,Customer 06082,customer06082@example.com,Singapore,Singapore,2025-09-13,Regular
C06083,Customer 06083,customer06083@example.com,UK,Leeds,2024-04-08,Premium
C06084,Customer 06084,customer06084@example.com,India,Mumbai,2024-08-28,New
C06085,Customer 06085,customer06085@example.com,India,Bengaluru,2025-05-05,New
C06086,Customer 06086,customer06086@example.com,UK,Manchester,2024-07-20,New
C06087,Customer 06087,customer06087@example.com,Australia,Melbourne,2025-09-25,Premium
C06088,Customer 06088,customer06088@example.com,India,Mumbai,2025-05-23,New
C06089,Customer 06089,customer06089@example.com,Canada,Montreal,2025-09-20,VIP
C06090,Customer 06090,customer06090@example.com,India,Bengaluru,2024-04-05,Regular
C06091,Customer 06091,customer06091@example.com,UK,Manchester,2025-05-04,Regular
C06092,Customer 06092,customer06092@example.com,Australia,Melbourne,2025-08-01,New
C06093,Customer 06093,customer06093@example.com,India,Mumbai,2024-08-05,Regular
C06094,Customer 06094,customer06094@example.com,USA,New York,2025-06-10,Regular
C06095,Customer 06095,customer06095@example.com,India,Chennai,2024-09-29,Regular
C06096,Customer 06096,customer06096@example.com,Australia,Melbourne,2024-08-06,Regular
C06097,Customer 06097,customer06097@example.com,India,Chennai,2025-10-20,Regular
C06098,Customer 06098,customer06098@example.com,France,Paris,2024-11-27,Regular
C06099,Customer 06099,customer06099@example.com,India,Pune,2025-03-28,Regular
C06100,Customer 06100,customer06100@example.com,France,Paris,2024-05-31,Regular
C06101,Customer 06101,customer06101@example.com,UK,Birmingham,2024-12-12,Regular
C06102,Customer 06102,customer06102@example.com,Australia,Melbourne,2025-02-17,Regular
C06103,Customer 06103,customer06103@example.com,India,Bengaluru,2025-06-10,Regular
C06104,Customer 06104,customer06104@example.com,UAE,Abu Dhabi,2025-03-06,Regular
C06105,Customer 06105,customer06105@example.com,India,Pune,2025-01-13,New
C06106,Customer 06106,customer06106@example.com,India,Pune,2025-03-03,Regular
C06107,Customer 06107,customer06107@example.com,UK,London,2024-03-24,Regular
C06108,Customer 06108,customer06108@example.com,India,Chennai,2024-07-10,New
C06109,Customer 06109,customer06109@example.com,India,Pune,2024-02-10,Premium
C06110,Customer 06110,customer06110@example.com,UAE,Abu Dhabi,2024-11-04,Regular
C06111,Customer 06111,customer06111@example.com,Singapore,Singapore,2025-01-12,Regular
C06112,Customer 06112,customer06112@example.com,UK,Leeds,2024-05-15,Premium
C06113,Customer 06113,customer06113@example.com,UAE,Dubai,2024-04-15,New
C06114,Customer 06114,customer06114@example.com,USA,New York,2025-06-02,Premium
C06115,Customer 06115,customer06115@example.com,India,Mumbai,2025-06-25,Regular
C06116,Customer 06116,customer06116@example.com,Canada,Vancouver,2024-05-05,Regular
C06117,Customer 06117,customer06117@example.com,Canada,Vancouver,2024-12-22,Regular
C06118,Customer 06118,customer06118@example.com,Netherlands,Rotterdam,2025-02-03,Premium
C06119,Customer 06119,customer06119@example.com,India,Hyderabad,2024-03-19,Regular
C06120,Customer 06120,customer06120@example.com,Canada,Toronto,2025-01-23,Regular
C06121,Customer 06121,customer06121@example.com,India,Pune,2025-08-01,Regular
C06122,Customer 06122,customer06122@example.com,India,Pune,2025-06-18,New
C06123,Customer 06123,customer06123@example.com,India,Chennai,2025-12-01,Regular
C06124,Customer 06124,customer06124@example.com,Netherlands,Amsterdam,2024-03-14,New
C06125,Customer 06125,customer06125@example.com,Germany,Hamburg,2024-01-05,Regular
C06126,Customer 06126,customer06126@example.com,Germany,Hamburg,2025-04-07,Regular
C06127,Customer 06127,customer06127@example.com,UK,Leeds,2024-03-22,Premium
C06128,Customer 06128,customer06128@example.com,India,Hyderabad,2025-06-20,Regular
C06129,Customer 06129,customer06129@example.com,India,Mumbai,2025-02-08,Premium
C06130,Customer 06130,customer06130@example.com,India,Chennai,2025-05-28,New
C06131,Customer 06131,customer06131@example.com,UK,London,2024-10-04,New
C06132,Customer 06132,customer06132@example.com,Australia,Melbourne,2024-08-11,Regular
C06133,Customer 06133,customer06133@example.com,USA,San Francisco,2025-08-06,Regular
C06134,Customer 06134,customer06134@example.com,India,Chennai,2024-03-08,Regular
C06135,Customer 06135,customer06135@example.com,India,Bengaluru,2024-11-15,Premium
C06136,Customer 06136,customer06136@example.com,India,Mumbai,2025-08-28,Regular
C06137,Customer 06137,customer06137@example.com,UK,Manchester,2024-01-19,Regular
C06138,Customer 06138,customer06138@example.com,UAE,Dubai,2025-10-01,New
C06139,Customer 06139,customer06139@example.com,USA,New York,2024-12-08,New
C06140,Customer 06140,customer06140@example.com,Germany,Hamburg,2025-08-16,New
C06141,Customer 06141,customer06141@example.com,UK,Leeds,2024-12-08,Premium
C06142,Customer 06142,customer06142@example.com,UK,Leeds,2024-04-06,Regular
C06143,Customer 06143,customer06143@example.com,India,Chennai,2024-02-21,Regular
C06144,Customer 06144,customer06144@example.com,France,Marseille,2024-06-23,Regular
C06145,Customer 06145,customer06145@example.com,Germany,Hamburg,2024-12-03,Regular
C06146,Customer 06146,customer06146@example.com,India,Hyderabad,2025-11-24,Premium
C06147,Customer 06147,customer06147@example.com,USA,Chicago,2024-12-18,Regular
C06148,Customer 06148,customer06148@example.com,UK,Leeds,2025-01-25,New
C06149,Customer 06149,customer06149@example.com,USA,Austin,2024-04-24,VIP
C06150,Customer 06150,customer06150@example.com,UAE,Abu Dhabi,2024-12-13,New
C06151,Customer 06151,customer06151@example.com,USA,Chicago,2024-01-01,Regular
C06152,Customer 06152,customer06152@example.com,USA,Chicago,2024-03-03,Regular
C06153,Customer 06153,customer06153@example.com,India,Mumbai,2024-08-13,Regular
C06154,Customer 06154,customer06154@example.com,India,Hyderabad,2025-02-26,Regular
C06155,Customer 06155,customer06155@example.com,India,Delhi,2024-01-19,New
C06156,Customer 06156,customer06156@example.com,India,Chennai,2024-01-31,Premium
C06157,Customer 06157,customer06157@example.com,Australia,Brisbane,2025-09-24,Regular
C06158,Customer 06158,customer06158@example.com,Australia,Sydney,2024-01-24,Regular
C06159,Customer 06159,customer06159@example.com,India,Chennai,2024-07-29,Regular
C06160,Customer 06160,customer06160@example.com,Germany,Munich,2024-06-09,New
C06161,Customer 06161,customer06161@example.com,India,Mumbai,2024-09-11,Regular
C06162,Customer 06162,customer06162@example.com,India,Hyderabad,2025-07-24,Premium
C06163,Customer 06163,customer06163@example.com,India,Delhi,2024-04-23,Regular
C06164,Customer 06164,customer06164@example.com,UK,Leeds,2025-05-18,Regular
C06165,Customer 06165,customer06165@example.com,India,Pune,2025-11-02,Regular
C06166,Customer 06166,customer06166@example.com,UK,Manchester,2024-08-07,Premium
C06167,Customer 06167,customer06167@example.com,UK,Manchester,2024-12-22,New
C06168,Customer 06168,customer06168@example.com,Netherlands,Rotterdam,2024-06-17,Regular
C06169,Customer 06169,customer06169@example.com,India,Chennai,2025-06-07,Regular
C06170,Customer 06170,customer06170@example.com,India,Bengaluru,2024-08-29,Premium
C06171,Customer 06171,customer06171@example.com,India,Delhi,2025-01-09,Premium
C06172,Customer 06172,customer06172@example.com,USA,Seattle,2024-05-18,Premium
C06173,Customer 06173,customer06173@example.com,India,Pune,2024-04-06,Premium
C06174,Customer 06174,customer06174@example.com,Germany,Hamburg,2024-05-26,Regular
C06175,Customer 06175,customer06175@example.com,USA,Chicago,2024-06-30,New
C06176,Customer 06176,customer06176@example.com,USA,San Francisco,2024-02-26,Regular
C06177,Customer 06177,customer06177@example.com,USA,San Francisco,2024-02-11,Regular
C06178,Customer 06178,customer06178@example.com,India,Pune,2025-12-11,Regular
C06179,Customer 06179,customer06179@example.com,India,Chennai,2025-06-26,Premium
C06180,Customer 06180,customer06180@example.com,India,Bengaluru,2025-11-22,Regular
C06181,Customer 06181,customer06181@example.com,USA,Chicago,2024-01-02,Regular
C06182,Customer 06182,customer06182@example.com,India,Hyderabad,2024-10-14,Premium
C06183,Customer 06183,customer06183@example.com,India,Mumbai,2024-05-17,Regular
C06184,Customer 06184,customer06184@example.com,Singapore,Singapore,2025-09-08,New
C06185,Customer 06185,customer06185@example.com,India,Mumbai,2025-05-26,Regular
C06186,Customer 06186,customer06186@example.com,Germany,Hamburg,2025-12-30,Regular
C06187,Customer 06187,customer06187@example.com,Germany,Hamburg,2024-08-09,Premium
C06188,Customer 06188,customer06188@example.com,India,Hyderabad,2024-11-26,Regular
C06189,Customer 06189,customer06189@example.com,India,Hyderabad,2025-09-08,Premium
C06190,Customer 06190,customer06190@example.com,India,Pune,2025-02-07,Regular
C06191,Customer 06191,customer06191@example.com,Canada,Vancouver,2025-05-22,New
C06192,Customer 06192,customer06192@example.com,USA,Seattle,2024-05-06,New
C06193,Customer 06193,customer06193@example.com,Germany,Munich,2024-09-21,New
C06194,Customer 06194,customer06194@example.com,UAE,Abu Dhabi,2025-12-12,New
C06195,Customer 06195,customer06195@example.com,Canada,Toronto,2024-01-15,Regular
C06196,Customer 06196,customer06196@example.com,India,Mumbai,2024-08-13,Regular
C06197,Customer 06197,customer06197@example.com,India,Mumbai,2024-04-14,Regular
C06198,Customer 06198,customer06198@example.com,Germany,Hamburg,2025-05-07,Regular
C06199,Customer 06199,customer06199@example.com,India,Pune,2024-11-14,New
C06200,Customer 06200,customer06200@example.com,India,Hyderabad,2024-08-06,Regular
C06201,Customer 06201,customer06201@example.com,Canada,Vancouver,2024-10-03,Regular
C06202,Customer 06202,customer06202@example.com,UK,Manchester,2024-12-06,Premium
C06203,Customer 06203,customer06203@example.com,UAE,Abu Dhabi,2025-03-27,Premium
C06204,Customer 06204,customer06204@example.com,Canada,Montreal,2025-01-03,Premium
C06205,Customer 06205,customer06205@example.com,India,Delhi,2025-04-18,Regular
C06206,Customer 06206,customer06206@example.com,UAE,Sharjah,2024-07-08,New
C06207,Customer 06207,customer06207@example.com,India,Bengaluru,2025-02-22,New
C06208,Customer 06208,customer06208@example.com,India,Delhi,2025-12-10,Premium
C06209,Customer 06209,customer06209@example.com,UK,London,2025-05-09,Regular
C06210,Customer 06210,customer06210@example.com,India,Bengaluru,2024-02-08,Regular
C06211,Customer 06211,customer06211@example.com,UK,Manchester,2024-06-10,Premium
C06212,Customer 06212,customer06212@example.com,India,Pune,2024-04-30,Regular
C06213,Customer 06213,customer06213@example.com,UK,Birmingham,2025-02-02,New
C06214,Customer 06214,customer06214@example.com,UK,Manchester,2024-09-18,New
C06215,Customer 06215,customer06215@example.com,Australia,Brisbane,2025-12-28,New
C06216,Customer 06216,customer06216@example.com,Germany,Berlin,2025-07-14,Regular
C06217,Customer 06217,customer06217@example.com,India,Hyderabad,2025-08-26,Regular
C06218,Customer 06218,customer06218@example.com,UK,London,2024-05-08,Premium
C06219,Customer 06219,customer06219@example.com,UK,Manchester,2025-06-23,Regular
C06220,Customer 06220,customer06220@example.com,India,Chennai,2024-12-21,New
C06221,Customer 06221,customer06221@example.com,Germany,Berlin,2025-10-21,New
C06222,Customer 06222,customer06222@example.com,Canada,Vancouver,2025-03-07,Regular
C06223,Customer 06223,customer06223@example.com,India,Hyderabad,2024-03-05,Premium
C06224,Customer 06224,customer06224@example.com,UK,Birmingham,2024-08-05,Regular
C06225,Customer 06225,customer06225@example.com,India,Pune,2025-07-16,Premium
C06226,Customer 06226,customer06226@example.com,USA,New York,2025-03-02,Regular
C06227,Customer 06227,customer06227@example.com,India,Mumbai,2024-03-14,Regular
C06228,Customer 06228,customer06228@example.com,Netherlands,Rotterdam,2025-04-04,Premium
C06229,Customer 06229,customer06229@example.com,Germany,Munich,2025-02-28,New
C06230,Customer 06230,customer06230@example.com,UK,London,2025-12-11,Regular
C06231,Customer 06231,customer06231@example.com,USA,Austin,2024-07-10,New
C06232,Customer 06232,customer06232@example.com,UAE,Dubai,2024-07-07,Premium
C06233,Customer 06233,customer06233@example.com,USA,San Francisco,2024-01-12,Premium
C06234,Customer 06234,customer06234@example.com,India,Bengaluru,2024-08-26,Premium
C06235,Customer 06235,customer06235@example.com,UK,Manchester,2025-08-15,New
C06236,Customer 06236,customer06236@example.com,Germany,Hamburg,2025-03-28,New
C06237,Customer 06237,customer06237@example.com,USA,San Francisco,2025-01-17,Regular
C06238,Customer 06238,customer06238@example.com,Canada,Vancouver,2024-02-17,Regular
C06239,Customer 06239,customer06239@example.com,France,Marseille,2024-11-12,Regular
C06240,Customer 06240,customer06240@example.com,France,Lyon,2024-07-27,Regular
C06241,Customer 06241,customer06241@example.com,UAE,Sharjah,2025-06-30,New
C06242,Customer 06242,customer06242@example.com,India,Pune,2024-04-28,Premium
C06243,Customer 06243,customer06243@example.com,USA,Chicago,2025-07-30,Premium
C06244,Customer 06244,customer06244@example.com,Australia,Brisbane,2024-11-10,VIP
C06245,Customer 06245,customer06245@example.com,Australia,Brisbane,2024-02-05,Regular
C06246,Customer 06246,customer06246@example.com,USA,New York,2025-04-07,Regular
C06247,Customer 06247,customer06247@example.com,India,Delhi,2025-07-07,New
C06248,Customer 06248,customer06248@example.com,Germany,Hamburg,2025-08-03,New
C06249,Customer 06249,customer06249@example.com,Australia,Brisbane,2025-02-06,Regular
C06250,Customer 06250,customer06250@example.com,India,Chennai,2024-04-16,VIP
C06251,Customer 06251,customer06251@example.com,UK,London,2024-02-08,New
C06252,Customer 06252,customer06252@example.com,India,Mumbai,2025-08-03,Regular
C06253,Customer 06253,customer06253@example.com,India,Bengaluru,2024-06-28,New
C06254,Customer 06254,customer06254@example.com,India,Hyderabad,2024-01-12,Regular
C06255,Customer 06255,customer06255@example.com,UK,Birmingham,2024-12-04,New
C06256,Customer 06256,customer06256@example.com,USA,Chicago,2025-12-16,Regular
C06257,Customer 06257,customer06257@example.com,USA,San Francisco,2025-07-01,Regular
C06258,Customer 06258,customer06258@example.com,Canada,Vancouver,2024-05-05,New
C06259,Customer 06259,customer06259@example.com,Germany,Berlin,2024-03-03,New
C06260,Customer 06260,customer06260@example.com,India,Delhi,2024-03-22,Regular
C06261,Customer 06261,customer06261@example.com,India,Pune,2024-10-25,Regular
C06262,Customer 06262,customer06262@example.com,France,Paris,2024-02-03,New
C06263,Customer 06263,customer06263@example.com,India,Hyderabad,2025-08-31,Premium
C06264,Customer 06264,customer06264@example.com,Singapore,Singapore,2024-02-18,Regular
C06265,Customer 06265,customer06265@example.com,Germany,Hamburg,2025-10-19,Regular
C06266,Customer 06266,customer06266@example.com,UK,Birmingham,2025-09-28,Premium
C06267,Customer 06267,customer06267@example.com,Netherlands,Rotterdam,2025-12-01,Regular
C06268,Customer 06268,customer06268@example.com,India,Hyderabad,2024-02-26,Premium
C06269,Customer 06269,customer06269@example.com,India,Hyderabad,2024-04-18,Premium
C06270,Customer 06270,customer06270@example.com,USA,Austin,2025-05-31,New
C06271,Customer 06271,customer06271@example.com,UK,Leeds,2024-01-24,Premium
C06272,Customer 06272,customer06272@example.com,UAE,Dubai,2024-08-08,New
C06273,Customer 06273,customer06273@example.com,India,Delhi,2024-11-10,Regular
C06274,Customer 06274,customer06274@example.com,USA,San Francisco,2024-10-20,Premium
C06275,Customer 06275,customer06275@example.com,USA,New York,2024-01-10,Premium
C06276,Customer 06276,customer06276@example.com,Canada,Vancouver,2025-11-07,Regular
C06277,Customer 06277,customer06277@example.com,India,Delhi,2025-04-25,New
C06278,Customer 06278,customer06278@example.com,UK,London,2025-12-27,Regular
C06279,Customer 06279,customer06279@example.com,Germany,Berlin,2025-09-29,Regular
C06280,Customer 06280,customer06280@example.com,India,Bengaluru,2024-09-23,Regular
C06281,Customer 06281,customer06281@example.com,Germany,Hamburg,2024-03-28,VIP
C06282,Customer 06282,customer06282@example.com,USA,Seattle,2025-03-30,Regular
C06283,Customer 06283,customer06283@example.com,Australia,Brisbane,2025-09-17,New
C06284,Customer 06284,customer06284@example.com,Canada,Montreal,2025-06-16,New
C06285,Customer 06285,customer06285@example.com,India,Hyderabad,2024-05-27,Regular
C06286,Customer 06286,customer06286@example.com,USA,New York,2025-12-29,Regular
C06287,Customer 06287,customer06287@example.com,France,Paris,2025-03-06,Regular
C06288,Customer 06288,customer06288@example.com,UK,Birmingham,2024-08-29,Premium
C06289,Customer 06289,customer06289@example.com,Singapore,Singapore,2025-12-02,New
C06290,Customer 06290,customer06290@example.com,UK,Leeds,2024-03-06,Regular
C06291,Customer 06291,customer06291@example.com,India,Delhi,2025-01-12,Regular
C06292,Customer 06292,customer06292@example.com,UK,Manchester,2025-01-22,New
C06293,Customer 06293,customer06293@example.com,Singapore,Singapore,2024-07-27,Regular
C06294,Customer 06294,customer06294@example.com,India,Mumbai,2025-02-18,Premium
C06295,Customer 06295,customer06295@example.com,France,Marseille,2024-01-16,Regular
C06296,Customer 06296,customer06296@example.com,France,Lyon,2024-10-23,Regular
C06297,Customer 06297,customer06297@example.com,UK,Birmingham,2024-08-07,Premium
C06298,Customer 06298,customer06298@example.com,India,Pune,2025-01-01,VIP
C06299,Customer 06299,customer06299@example.com,Australia,Melbourne,2024-08-16,New
C06300,Customer 06300,customer06300@example.com,India,Bengaluru,2025-09-22,Regular
C06301,Customer 06301,customer06301@example.com,Germany,Hamburg,2025-03-15,New
C06302,Customer 06302,customer06302@example.com,UK,Birmingham,2025-11-20,New
C06303,Customer 06303,customer06303@example.com,UK,London,2025-06-15,Regular
C06304,Customer 06304,customer06304@example.com,Australia,Brisbane,2025-03-25,VIP
C06305,Customer 06305,customer06305@example.com,UK,Birmingham,2024-02-05,Regular
C06306,Customer 06306,customer06306@example.com,UK,Leeds,2025-02-25,Regular
C06307,Customer 06307,customer06307@example.com,UK,London,2025-09-11,New
C06308,Customer 06308,customer06308@example.com,UK,Birmingham,2024-07-07,Premium
C06309,Customer 06309,customer06309@example.com,USA,Chicago,2024-06-26,Regular
C06310,Customer 06310,customer06310@example.com,Germany,Berlin,2025-08-30,Regular
C06311,Customer 06311,customer06311@example.com,UK,Birmingham,2024-11-10,Premium
C06312,Customer 06312,customer06312@example.com,USA,Seattle,2024-01-20,Regular
C06313,Customer 06313,customer06313@example.com,Canada,Montreal,2025-11-06,New
C06314,Customer 06314,customer06314@example.com,India,Bengaluru,2025-01-16,Regular
C06315,Customer 06315,customer06315@example.com,India,Hyderabad,2025-08-31,Premium
C06316,Customer 06316,customer06316@example.com,UAE,Sharjah,2024-05-22,Premium
C06317,Customer 06317,customer06317@example.com,Australia,Melbourne,2024-03-02,New
C06318,Customer 06318,customer06318@example.com,USA,San Francisco,2024-08-29,Regular
C06319,Customer 06319,customer06319@example.com,USA,San Francisco,2024-08-25,New
C06320,Customer 06320,customer06320@example.com,India,Pune,2024-05-10,Regular
C06321,Customer 06321,customer06321@example.com,USA,Chicago,2025-08-27,Premium
C06322,Customer 06322,customer06322@example.com,UK,Leeds,2025-08-25,Regular
C06323,Customer 06323,customer06323@example.com,USA,Chicago,2025-10-06,Premium
C06324,Customer 06324,customer06324@example.com,UK,Manchester,2024-05-02,Regular
C06325,Customer 06325,customer06325@example.com,India,Delhi,2025-03-15,Premium
C06326,Customer 06326,customer06326@example.com,India,Mumbai,2024-12-07,Premium
C06327,Customer 06327,customer06327@example.com,Singapore,Singapore,2025-02-22,Regular
C06328,Customer 06328,customer06328@example.com,UK,Leeds,2025-09-21,Regular
C06329,Customer 06329,customer06329@example.com,UK,Manchester,2025-03-30,Regular
C06330,Customer 06330,customer06330@example.com,India,Bengaluru,2024-07-16,Premium
C06331,Customer 06331,customer06331@example.com,India,Pune,2024-10-08,New
C06332,Customer 06332,customer06332@example.com,Canada,Toronto,2024-01-01,Premium
C06333,Customer 06333,customer06333@example.com,USA,San Francisco,2025-12-23,New
C06334,Customer 06334,customer06334@example.com,UK,Manchester,2024-11-27,New
C06335,Customer 06335,customer06335@example.com,India,Bengaluru,2024-07-30,New
C06336,Customer 06336,customer06336@example.com,Australia,Melbourne,2024-03-27,VIP
C06337,Customer 06337,customer06337@example.com,India,Pune,2025-10-26,Regular
C06338,Customer 06338,customer06338@example.com,India,Pune,2025-11-29,New
C06339,Customer 06339,customer06339@example.com,UK,Manchester,2024-03-01,VIP
C06340,Customer 06340,customer06340@example.com,India,Delhi,2024-04-04,Premium
C06341,Customer 06341,customer06341@example.com,India,Bengaluru,2025-07-06,Premium
C06342,Customer 06342,customer06342@example.com,USA,San Francisco,2024-05-26,New
C06343,Customer 06343,customer06343@example.com,Canada,Toronto,2024-09-02,New
C06344,Customer 06344,customer06344@example.com,Germany,Munich,2025-10-05,Regular
C06345,Customer 06345,customer06345@example.com,UK,London,2024-10-23,Premium
C06346,Customer 06346,customer06346@example.com,India,Chennai,2024-05-02,Regular
C06347,Customer 06347,customer06347@example.com,India,Chennai,2025-10-16,Regular
C06348,Customer 06348,customer06348@example.com,Netherlands,Amsterdam,2025-11-24,Premium
C06349,Customer 06349,customer06349@example.com,USA,Chicago,2025-12-04,Regular
C06350,Customer 06350,customer06350@example.com,Canada,Vancouver,2025-03-31,Regular
C06351,Customer 06351,customer06351@example.com,India,Bengaluru,2025-02-02,Regular
C06352,Customer 06352,customer06352@example.com,USA,New York,2025-12-19,New
C06353,Customer 06353,customer06353@example.com,India,Mumbai,2024-08-18,New
C06354,Customer 06354,customer06354@example.com,USA,Seattle,2025-06-17,Premium
C06355,Customer 06355,customer06355@example.com,UAE,Abu Dhabi,2025-02-05,Premium
C06356,Customer 06356,customer06356@example.com,Singapore,Singapore,2025-08-14,Regular
C06357,Customer 06357,customer06357@example.com,USA,Seattle,2024-05-09,New
C06358,Customer 06358,customer06358@example.com,UK,Birmingham,2024-10-18,New
C06359,Customer 06359,customer06359@example.com,UAE,Dubai,2024-10-02,Premium
C06360,Customer 06360,customer06360@example.com,Canada,Toronto,2025-01-10,Regular
C06361,Customer 06361,customer06361@example.com,India,Hyderabad,2024-02-24,VIP
C06362,Customer 06362,customer06362@example.com,UK,Manchester,2025-07-31,Premium
C06363,Customer 06363,customer06363@example.com,India,Bengaluru,2024-01-26,Regular
C06364,Customer 06364,customer06364@example.com,UK,London,2025-03-16,New
C06365,Customer 06365,customer06365@example.com,UK,Birmingham,2024-07-15,Regular
C06366,Customer 06366,customer06366@example.com,USA,San Francisco,2025-10-03,New
C06367,Customer 06367,customer06367@example.com,UK,Manchester,2024-08-30,New
C06368,Customer 06368,customer06368@example.com,India,Chennai,2025-12-24,Regular
C06369,Customer 06369,customer06369@example.com,UK,Manchester,2024-07-08,Regular
C06370,Customer 06370,customer06370@example.com,Germany,Berlin,2025-07-21,Regular
C06371,Customer 06371,customer06371@example.com,Canada,Montreal,2025-07-20,Regular
C06372,Customer 06372,customer06372@example.com,India,Hyderabad,2024-10-02,Regular
C06373,Customer 06373,customer06373@example.com,UAE,Abu Dhabi,2025-02-12,New
C06374,Customer 06374,customer06374@example.com,UAE,Dubai,2024-12-05,Premium
C06375,Customer 06375,customer06375@example.com,India,Pune,2024-06-01,Regular
C06376,Customer 06376,customer06376@example.com,India,Delhi,2025-07-18,New
C06377,Customer 06377,customer06377@example.com,Australia,Sydney,2025-02-01,Regular
C06378,Customer 06378,customer06378@example.com,Germany,Hamburg,2025-03-19,Regular
C06379,Customer 06379,customer06379@example.com,Singapore,Singapore,2025-09-14,New
C06380,Customer 06380,customer06380@example.com,France,Marseille,2025-03-02,Regular
C06381,Customer 06381,customer06381@example.com,USA,Austin,2025-05-01,VIP
C06382,Customer 06382,customer06382@example.com,USA,Chicago,2024-07-22,New
C06383,Customer 06383,customer06383@example.com,India,Delhi,2024-04-21,Regular
C06384,Customer 06384,customer06384@example.com,India,Delhi,2024-11-20,Premium
C06385,Customer 06385,customer06385@example.com,UK,Leeds,2024-09-14,Regular
C06386,Customer 06386,customer06386@example.com,USA,Chicago,2025-06-11,Regular
C06387,Customer 06387,customer06387@example.com,USA,Chicago,2024-12-15,Premium
C06388,Customer 06388,customer06388@example.com,Australia,Sydney,2025-11-08,Regular
C06389,Customer 06389,customer06389@example.com,India,Bengaluru,2025-03-10,Regular
C06390,Customer 06390,customer06390@example.com,USA,New York,2025-03-01,Premium
C06391,Customer 06391,customer06391@example.com,India,Delhi,2024-10-06,Premium
C06392,Customer 06392,customer06392@example.com,UK,London,2025-01-05,VIP
C06393,Customer 06393,customer06393@example.com,Australia,Melbourne,2025-10-31,Premium
C06394,Customer 06394,customer06394@example.com,Canada,Vancouver,2024-09-05,Regular
C06395,Customer 06395,customer06395@example.com,Netherlands,Amsterdam,2024-06-29,Premium
C06396,Customer 06396,customer06396@example.com,India,Pune,2025-12-03,Premium
C06397,Customer 06397,customer06397@example.com,UK,Manchester,2025-10-12,VIP
C06398,Customer 06398,customer06398@example.com,India,Bengaluru,2024-03-18,Premium
C06399,Customer 06399,customer06399@example.com,UK,London,2024-12-01,New
C06400,Customer 06400,customer06400@example.com,France,Paris,2024-02-19,Regular
C06401,Customer 06401,customer06401@example.com,Canada,Vancouver,2024-03-25,New
C06402,Customer 06402,customer06402@example.com,France,Marseille,2025-11-25,Regular
C06403,Customer 06403,customer06403@example.com,India,Delhi,2025-11-25,New
C06404,Customer 06404,customer06404@example.com,France,Marseille,2024-01-04,Premium
C06405,Customer 06405,customer06405@example.com,India,Mumbai,2024-11-12,Regular
C06406,Customer 06406,customer06406@example.com,France,Lyon,2024-04-20,Regular
C06407,Customer 06407,customer06407@example.com,India,Bengaluru,2024-11-29,Regular
C06408,Customer 06408,customer06408@example.com,India,Delhi,2024-05-12,New
C06409,Customer 06409,customer06409@example.com,USA,Seattle,2025-09-03,Regular
C06410,Customer 06410,customer06410@example.com,UAE,Dubai,2025-11-14,Regular
C06411,Customer 06411,customer06411@example.com,India,Chennai,2024-04-28,Premium
C06412,Customer 06412,customer06412@example.com,UK,Leeds,2024-12-15,New
C06413,Customer 06413,customer06413@example.com,France,Marseille,2025-11-17,Regular
C06414,Customer 06414,customer06414@example.com,UK,Birmingham,2025-06-25,Regular
C06415,Customer 06415,customer06415@example.com,India,Delhi,2024-02-24,New
C06416,Customer 06416,customer06416@example.com,UK,London,2024-12-26,New
C06417,Customer 06417,customer06417@example.com,UK,London,2025-12-08,New
C06418,Customer 06418,customer06418@example.com,UAE,Abu Dhabi,2025-03-28,Regular
C06419,Customer 06419,customer06419@example.com,Australia,Melbourne,2025-07-06,Regular
C06420,Customer 06420,customer06420@example.com,UK,London,2025-11-15,Regular
C06421,Customer 06421,customer06421@example.com,Netherlands,Amsterdam,2024-11-25,VIP
C06422,Customer 06422,customer06422@example.com,UK,Leeds,2024-08-06,Premium
C06423,Customer 06423,customer06423@example.com,India,Pune,2024-07-26,Regular
C06424,Customer 06424,customer06424@example.com,India,Hyderabad,2025-10-31,Regular
C06425,Customer 06425,customer06425@example.com,UK,Leeds,2024-03-25,New
C06426,Customer 06426,customer06426@example.com,India,Chennai,2025-11-15,New
C06427,Customer 06427,customer06427@example.com,UAE,Sharjah,2024-09-01,Regular
C06428,Customer 06428,customer06428@example.com,Australia,Sydney,2025-11-15,Regular
C06429,Customer 06429,customer06429@example.com,India,Bengaluru,2024-11-30,Regular
C06430,Customer 06430,customer06430@example.com,USA,Austin,2024-07-30,Premium
C06431,Customer 06431,customer06431@example.com,Australia,Melbourne,2025-08-18,Premium
C06432,Customer 06432,customer06432@example.com,UAE,Abu Dhabi,2025-11-15,New
C06433,Customer 06433,customer06433@example.com,France,Lyon,2024-07-01,Regular
C06434,Customer 06434,customer06434@example.com,USA,Austin,2024-05-12,New
C06435,Customer 06435,customer06435@example.com,Australia,Melbourne,2024-12-15,Regular
C06436,Customer 06436,customer06436@example.com,USA,Chicago,2024-10-08,New
C06437,Customer 06437,customer06437@example.com,USA,Seattle,2024-10-19,Premium
C06438,Customer 06438,customer06438@example.com,India,Mumbai,2024-09-25,Premium
C06439,Customer 06439,customer06439@example.com,India,Chennai,2024-07-15,New
C06440,Customer 06440,customer06440@example.com,USA,New York,2025-06-20,Premium
C06441,Customer 06441,customer06441@example.com,India,Pune,2025-10-14,Regular
C06442,Customer 06442,customer06442@example.com,India,Chennai,2024-01-20,Regular
C06443,Customer 06443,customer06443@example.com,Australia,Sydney,2025-12-13,Regular
C06444,Customer 06444,customer06444@example.com,India,Delhi,2025-02-08,Regular
C06445,Customer 06445,customer06445@example.com,USA,Seattle,2024-04-24,Premium
C06446,Customer 06446,customer06446@example.com,USA,New York,2025-12-01,Premium
C06447,Customer 06447,customer06447@example.com,Singapore,Singapore,2024-01-26,Regular
C06448,Customer 06448,customer06448@example.com,UK,Manchester,2025-07-19,Premium
C06449,Customer 06449,customer06449@example.com,India,Chennai,2025-11-12,VIP
C06450,Customer 06450,customer06450@example.com,USA,San Francisco,2025-01-29,Regular
C06451,Customer 06451,customer06451@example.com,Germany,Berlin,2025-01-15,New
C06452,Customer 06452,customer06452@example.com,Netherlands,Rotterdam,2025-06-06,Premium
C06453,Customer 06453,customer06453@example.com,UK,Leeds,2025-06-22,VIP
C06454,Customer 06454,customer06454@example.com,India,Mumbai,2024-03-23,New
C06455,Customer 06455,customer06455@example.com,UAE,Abu Dhabi,2025-07-03,Regular
C06456,Customer 06456,customer06456@example.com,India,Hyderabad,2025-03-20,New
C06457,Customer 06457,customer06457@example.com,USA,Chicago,2024-03-27,Premium
C06458,Customer 06458,customer06458@example.com,UK,Leeds,2025-01-21,Premium
C06459,Customer 06459,customer06459@example.com,India,Chennai,2025-10-29,Regular
C06460,Customer 06460,customer06460@example.com,India,Pune,2025-02-01,Regular
C06461,Customer 06461,customer06461@example.com,India,Bengaluru,2024-10-12,Premium
C06462,Customer 06462,customer06462@example.com,Canada,Vancouver,2025-11-28,New
C06463,Customer 06463,customer06463@example.com,UAE,Dubai,2025-11-24,Premium
C06464,Customer 06464,customer06464@example.com,India,Mumbai,2025-01-03,Regular
C06465,Customer 06465,customer06465@example.com,Germany,Munich,2025-10-16,Regular
C06466,Customer 06466,customer06466@example.com,India,Pune,2025-02-25,Regular
C06467,Customer 06467,customer06467@example.com,USA,Chicago,2025-12-18,Regular
C06468,Customer 06468,customer06468@example.com,India,Pune,2025-10-15,Premium
C06469,Customer 06469,customer06469@example.com,UAE,Sharjah,2025-11-27,VIP
C06470,Customer 06470,customer06470@example.com,Australia,Sydney,2025-03-18,Premium
C06471,Customer 06471,customer06471@example.com,Canada,Toronto,2025-06-03,New
C06472,Customer 06472,customer06472@example.com,Germany,Berlin,2025-08-06,Regular
C06473,Customer 06473,customer06473@example.com,USA,Seattle,2024-10-14,Regular
C06474,Customer 06474,customer06474@example.com,Singapore,Singapore,2024-04-04,Premium
C06475,Customer 06475,customer06475@example.com,Canada,Toronto,2025-10-30,Regular
C06476,Customer 06476,customer06476@example.com,UAE,Sharjah,2024-02-10,VIP
C06477,Customer 06477,customer06477@example.com,USA,Seattle,2024-11-26,VIP
C06478,Customer 06478,customer06478@example.com,India,Pune,2024-06-03,Regular
C06479,Customer 06479,customer06479@example.com,USA,San Francisco,2025-05-18,Premium
C06480,Customer 06480,customer06480@example.com,India,Chennai,2024-10-01,VIP
C06481,Customer 06481,customer06481@example.com,USA,Chicago,2025-10-27,Premium
C06482,Customer 06482,customer06482@example.com,UK,Leeds,2025-07-18,Regular
C06483,Customer 06483,customer06483@example.com,USA,San Francisco,2024-06-27,Premium
C06484,Customer 06484,customer06484@example.com,India,Delhi,2024-05-16,New
C06485,Customer 06485,customer06485@example.com,India,Hyderabad,2024-06-28,Regular
C06486,Customer 06486,customer06486@example.com,UK,Manchester,2024-06-30,New
C06487,Customer 06487,customer06487@example.com,Singapore,Singapore,2024-09-15,New
C06488,Customer 06488,customer06488@example.com,UK,Manchester,2024-08-30,Premium
C06489,Customer 06489,customer06489@example.com,UK,Manchester,2024-04-05,Regular
C06490,Customer 06490,customer06490@example.com,Canada,Toronto,2024-07-15,Regular
C06491,Customer 06491,customer06491@example.com,USA,Chicago,2025-06-09,Regular
C06492,Customer 06492,customer06492@example.com,India,Pune,2025-09-23,VIP
C06493,Customer 06493,customer06493@example.com,UK,London,2025-01-21,Premium
C06494,Customer 06494,customer06494@example.com,India,Delhi,2025-02-11,New
C06495,Customer 06495,customer06495@example.com,Singapore,Singapore,2024-09-25,VIP
C06496,Customer 06496,customer06496@example.com,India,Mumbai,2024-06-19,Regular
C06497,Customer 06497,customer06497@example.com,UK,Leeds,2025-08-06,Regular
C06498,Customer 06498,customer06498@example.com,India,Mumbai,2025-11-21,Regular
C06499,Customer 06499,customer06499@example.com,India,Pune,2024-06-18,Premium
C06500,Customer 06500,customer06500@example.com,Germany,Berlin,2024-06-07,Premium
C06501,Customer 06501,customer06501@example.com,India,Hyderabad,2025-05-23,Regular
C06502,Customer 06502,customer06502@example.com,India,Bengaluru,2025-03-22,Regular
C06503,Customer 06503,customer06503@example.com,UK,Manchester,2025-10-27,Regular
C06504,Customer 06504,customer06504@example.com,India,Hyderabad,2024-03-22,Regular
C06505,Customer 06505,customer06505@example.com,India,Chennai,2024-02-26,Regular
C06506,Customer 06506,customer06506@example.com,Germany,Munich,2025-06-02,Regular
C06507,Customer 06507,customer06507@example.com,Australia,Sydney,2024-04-21,Regular
C06508,Customer 06508,customer06508@example.com,UAE,Abu Dhabi,2024-02-17,New
C06509,Customer 06509,customer06509@example.com,France,Lyon,2025-08-14,Regular
C06510,Customer 06510,customer06510@example.com,Canada,Vancouver,2025-01-10,Premium
C06511,Customer 06511,customer06511@example.com,India,Chennai,2024-02-02,Regular
C06512,Customer 06512,customer06512@example.com,Germany,Berlin,2025-05-18,VIP
C06513,Customer 06513,customer06513@example.com,Germany,Hamburg,2025-09-18,New
C06514,Customer 06514,customer06514@example.com,Germany,Munich,2024-01-03,Regular
C06515,Customer 06515,customer06515@example.com,UK,Manchester,2025-04-30,Regular
C06516,Customer 06516,customer06516@example.com,India,Bengaluru,2025-05-30,New
C06517,Customer 06517,customer06517@example.com,Germany,Hamburg,2024-02-11,Regular
C06518,Customer 06518,customer06518@example.com,Australia,Brisbane,2024-01-09,Premium
C06519,Customer 06519,customer06519@example.com,Netherlands,Rotterdam,2025-10-18,Regular
C06520,Customer 06520,customer06520@example.com,India,Delhi,2025-08-31,Regular
C06521,Customer 06521,customer06521@example.com,India,Delhi,2024-05-21,Regular
C06522,Customer 06522,customer06522@example.com,India,Delhi,2025-03-11,Premium
C06523,Customer 06523,customer06523@example.com,Germany,Berlin,2024-01-27,Regular
C06524,Customer 06524,customer06524@example.com,India,Chennai,2024-02-12,Premium
C06525,Customer 06525,customer06525@example.com,India,Chennai,2024-05-10,Regular
C06526,Customer 06526,customer06526@example.com,Netherlands,Amsterdam,2024-08-03,Regular
C06527,Customer 06527,customer06527@example.com,India,Bengaluru,2025-08-28,New
C06528,Customer 06528,customer06528@example.com,Germany,Hamburg,2025-06-03,Premium
C06529,Customer 06529,customer06529@example.com,UK,Birmingham,2025-08-20,Premium
C06530,Customer 06530,customer06530@example.com,Germany,Hamburg,2024-12-10,Regular
C06531,Customer 06531,customer06531@example.com,USA,San Francisco,2025-05-22,New
C06532,Customer 06532,customer06532@example.com,UAE,Dubai,2025-10-11,Regular
C06533,Customer 06533,customer06533@example.com,UAE,Dubai,2025-02-16,Regular
C06534,Customer 06534,customer06534@example.com,India,Bengaluru,2024-09-02,Regular
C06535,Customer 06535,customer06535@example.com,India,Bengaluru,2025-03-24,Premium
C06536,Customer 06536,customer06536@example.com,India,Hyderabad,2024-01-21,Premium
C06537,Customer 06537,customer06537@example.com,Canada,Montreal,2025-02-11,Regular
C06538,Customer 06538,customer06538@example.com,France,Lyon,2025-04-01,VIP
C06539,Customer 06539,customer06539@example.com,UK,London,2025-03-19,Premium
C06540,Customer 06540,customer06540@example.com,USA,Chicago,2024-09-21,Regular
C06541,Customer 06541,customer06541@example.com,India,Hyderabad,2025-10-21,Regular
C06542,Customer 06542,customer06542@example.com,Germany,Hamburg,2024-07-02,Premium
C06543,Customer 06543,customer06543@example.com,Singapore,Singapore,2024-08-14,Regular
C06544,Customer 06544,customer06544@example.com,India,Mumbai,2025-07-01,Regular
C06545,Customer 06545,customer06545@example.com,UK,London,2024-09-02,Premium
C06546,Customer 06546,customer06546@example.com,India,Hyderabad,2024-03-13,Regular
C06547,Customer 06547,customer06547@example.com,USA,New York,2024-05-29,Premium
C06548,Customer 06548,customer06548@example.com,UK,Leeds,2025-05-27,Regular
C06549,Customer 06549,customer06549@example.com,India,Bengaluru,2024-03-09,Regular
C06550,Customer 06550,customer06550@example.com,UK,Manchester,2024-08-17,New
C06551,Customer 06551,customer06551@example.com,India,Pune,2025-12-23,Regular
C06552,Customer 06552,customer06552@example.com,USA,Austin,2024-03-12,Regular
C06553,Customer 06553,customer06553@example.com,USA,San Francisco,2025-08-30,Regular
C06554,Customer 06554,customer06554@example.com,India,Pune,2025-01-31,Premium
C06555,Customer 06555,customer06555@example.com,Australia,Brisbane,2024-03-24,Regular
C06556,Customer 06556,customer06556@example.com,Canada,Montreal,2024-10-25,New
C06557,Customer 06557,customer06557@example.com,UK,Manchester,2024-10-19,Regular
C06558,Customer 06558,customer06558@example.com,India,Delhi,2024-08-10,Regular
C06559,Customer 06559,customer06559@example.com,Australia,Brisbane,2024-08-03,New
C06560,Customer 06560,customer06560@example.com,Singapore,Singapore,2024-08-18,New
C06561,Customer 06561,customer06561@example.com,India,Hyderabad,2025-02-08,Premium
C06562,Customer 06562,customer06562@example.com,India,Hyderabad,2024-06-17,New
C06563,Customer 06563,customer06563@example.com,India,Mumbai,2024-11-24,Premium
C06564,Customer 06564,customer06564@example.com,USA,Austin,2025-03-01,Regular
C06565,Customer 06565,customer06565@example.com,India,Mumbai,2025-07-07,Regular
C06566,Customer 06566,customer06566@example.com,UK,Leeds,2024-07-14,New
C06567,Customer 06567,customer06567@example.com,Canada,Toronto,2025-08-30,Premium
C06568,Customer 06568,customer06568@example.com,USA,Seattle,2025-06-09,New
C06569,Customer 06569,customer06569@example.com,UK,London,2025-09-16,Regular
C06570,Customer 06570,customer06570@example.com,UK,Birmingham,2024-03-17,Regular
C06571,Customer 06571,customer06571@example.com,USA,Seattle,2024-10-03,Premium
C06572,Customer 06572,customer06572@example.com,India,Bengaluru,2025-04-10,Premium
C06573,Customer 06573,customer06573@example.com,India,Hyderabad,2025-03-23,Regular
C06574,Customer 06574,customer06574@example.com,France,Marseille,2024-11-15,Regular
C06575,Customer 06575,customer06575@example.com,India,Mumbai,2024-06-08,Premium
C06576,Customer 06576,customer06576@example.com,Canada,Vancouver,2025-05-06,Premium
C06577,Customer 06577,customer06577@example.com,UAE,Sharjah,2024-11-08,Regular
C06578,Customer 06578,customer06578@example.com,India,Delhi,2025-09-22,Premium
C06579,Customer 06579,customer06579@example.com,UK,Manchester,2024-06-09,Regular
C06580,Customer 06580,customer06580@example.com,USA,Chicago,2024-11-03,New
C06581,Customer 06581,customer06581@example.com,France,Marseille,2024-05-25,New
C06582,Customer 06582,customer06582@example.com,UAE,Dubai,2025-11-05,Regular
C06583,Customer 06583,customer06583@example.com,Australia,Sydney,2025-01-30,Regular
C06584,Customer 06584,customer06584@example.com,India,Chennai,2025-11-21,New
C06585,Customer 06585,customer06585@example.com,Canada,Montreal,2024-03-29,Regular
C06586,Customer 06586,customer06586@example.com,UK,London,2024-11-03,Regular
C06587,Customer 06587,customer06587@example.com,UK,Leeds,2025-06-29,New
C06588,Customer 06588,customer06588@example.com,India,Pune,2025-01-05,New
C06589,Customer 06589,customer06589@example.com,India,Pune,2025-03-26,Premium
C06590,Customer 06590,customer06590@example.com,Germany,Hamburg,2024-06-15,Regular
C06591,Customer 06591,customer06591@example.com,UK,Birmingham,2025-01-26,Regular
C06592,Customer 06592,customer06592@example.com,India,Delhi,2025-09-28,Regular
C06593,Customer 06593,customer06593@example.com,UK,Birmingham,2025-05-05,Premium
C06594,Customer 06594,customer06594@example.com,France,Lyon,2024-05-29,Regular
C06595,Customer 06595,customer06595@example.com,Australia,Brisbane,2025-04-12,Regular
C06596,Customer 06596,customer06596@example.com,India,Chennai,2025-12-01,Premium
C06597,Customer 06597,customer06597@example.com,India,Chennai,2024-02-12,Regular
C06598,Customer 06598,customer06598@example.com,India,Mumbai,2024-01-29,Regular
C06599,Customer 06599,customer06599@example.com,UAE,Dubai,2025-09-23,Regular
C06600,Customer 06600,customer06600@example.com,USA,San Francisco,2024-01-31,Regular
C06601,Customer 06601,customer06601@example.com,USA,San Francisco,2025-11-23,Regular
C06602,Customer 06602,customer06602@example.com,USA,Seattle,2025-11-04,Premium
C06603,Customer 06603,customer06603@example.com,UK,Leeds,2024-05-07,Regular
C06604,Customer 06604,customer06604@example.com,Germany,Munich,2024-10-20,Premium
C06605,Customer 06605,customer06605@example.com,USA,Chicago,2025-03-16,Regular
C06606,Customer 06606,customer06606@example.com,India,Chennai,2025-01-22,Regular
C06607,Customer 06607,customer06607@example.com,India,Bengaluru,2025-10-03,Regular
C06608,Customer 06608,customer06608@example.com,USA,Austin,2025-06-07,New
C06609,Customer 06609,customer06609@example.com,UAE,Dubai,2025-06-30,Regular
C06610,Customer 06610,customer06610@example.com,India,Hyderabad,2025-12-10,Premium
C06611,Customer 06611,customer06611@example.com,France,Paris,2024-04-19,Regular
C06612,Customer 06612,customer06612@example.com,Australia,Sydney,2024-11-23,New
C06613,Customer 06613,customer06613@example.com,India,Delhi,2025-02-08,Regular
C06614,Customer 06614,customer06614@example.com,India,Pune,2024-09-01,New
C06615,Customer 06615,customer06615@example.com,India,Hyderabad,2024-06-11,Premium
C06616,Customer 06616,customer06616@example.com,Australia,Brisbane,2025-07-13,New
C06617,Customer 06617,customer06617@example.com,India,Bengaluru,2025-02-02,Regular
C06618,Customer 06618,customer06618@example.com,UK,Leeds,2025-08-05,Regular
C06619,Customer 06619,customer06619@example.com,UK,Leeds,2025-02-02,Regular
C06620,Customer 06620,customer06620@example.com,Australia,Sydney,2025-05-07,Regular
C06621,Customer 06621,customer06621@example.com,India,Mumbai,2025-10-07,Regular
C06622,Customer 06622,customer06622@example.com,UK,Birmingham,2024-08-26,Premium
C06623,Customer 06623,customer06623@example.com,UK,Manchester,2025-04-09,Premium
C06624,Customer 06624,customer06624@example.com,USA,New York,2025-08-02,Premium
C06625,Customer 06625,customer06625@example.com,Germany,Hamburg,2024-02-01,Premium
C06626,Customer 06626,customer06626@example.com,India,Bengaluru,2024-05-02,New
C06627,Customer 06627,customer06627@example.com,Germany,Hamburg,2025-06-17,New
C06628,Customer 06628,customer06628@example.com,Canada,Vancouver,2025-10-28,Premium
C06629,Customer 06629,customer06629@example.com,USA,Austin,2024-04-19,Premium
C06630,Customer 06630,customer06630@example.com,Canada,Toronto,2024-09-27,Regular
C06631,Customer 06631,customer06631@example.com,UK,Birmingham,2025-01-14,Regular
C06632,Customer 06632,customer06632@example.com,India,Mumbai,2024-10-26,Regular
C06633,Customer 06633,customer06633@example.com,Canada,Montreal,2025-09-18,Regular
C06634,Customer 06634,customer06634@example.com,USA,San Francisco,2024-09-05,Regular
C06635,Customer 06635,customer06635@example.com,USA,Austin,2025-06-04,Premium
C06636,Customer 06636,customer06636@example.com,India,Hyderabad,2024-02-03,Regular
C06637,Customer 06637,customer06637@example.com,UAE,Dubai,2024-08-15,Regular
C06638,Customer 06638,customer06638@example.com,USA,Austin,2025-08-07,Regular
C06639,Customer 06639,customer06639@example.com,India,Mumbai,2025-02-02,New
C06640,Customer 06640,customer06640@example.com,UK,Leeds,2025-12-24,Regular
C06641,Customer 06641,customer06641@example.com,Australia,Brisbane,2025-08-06,VIP
C06642,Customer 06642,customer06642@example.com,Germany,Hamburg,2025-07-23,Premium
C06643,Customer 06643,customer06643@example.com,UK,London,2024-08-07,Premium
C06644,Customer 06644,customer06644@example.com,France,Paris,2025-01-05,Regular
C06645,Customer 06645,customer06645@example.com,India,Bengaluru,2025-06-11,Regular
C06646,Customer 06646,customer06646@example.com,UK,Birmingham,2024-03-15,VIP
C06647,Customer 06647,customer06647@example.com,France,Lyon,2025-09-09,Regular
C06648,Customer 06648,customer06648@example.com,France,Marseille,2024-05-15,Premium
C06649,Customer 06649,customer06649@example.com,Canada,Vancouver,2024-03-14,Premium
C06650,Customer 06650,customer06650@example.com,France,Lyon,2024-09-10,Regular
C06651,Customer 06651,customer06651@example.com,India,Hyderabad,2024-01-18,Regular
C06652,Customer 06652,customer06652@example.com,France,Marseille,2024-02-12,Regular
C06653,Customer 06653,customer06653@example.com,India,Bengaluru,2024-02-19,New
C06654,Customer 06654,customer06654@example.com,India,Delhi,2025-05-29,Regular
C06655,Customer 06655,customer06655@example.com,India,Bengaluru,2025-12-31,Premium
C06656,Customer 06656,customer06656@example.com,UK,Leeds,2025-07-24,Premium
C06657,Customer 06657,customer06657@example.com,India,Chennai,2025-07-29,Regular
C06658,Customer 06658,customer06658@example.com,India,Mumbai,2025-08-04,Regular
C06659,Customer 06659,customer06659@example.com,India,Delhi,2024-10-29,Regular
C06660,Customer 06660,customer06660@example.com,India,Delhi,2024-05-21,Regular
C06661,Customer 06661,customer06661@example.com,USA,New York,2024-07-20,Regular
C06662,Customer 06662,customer06662@example.com,UK,Birmingham,2024-07-25,Regular
C06663,Customer 06663,customer06663@example.com,India,Chennai,2025-02-18,Regular
C06664,Customer 06664,customer06664@example.com,Australia,Brisbane,2024-08-08,New
C06665,Customer 06665,customer06665@example.com,France,Marseille,2024-12-27,Regular
C06666,Customer 06666,customer06666@example.com,Australia,Melbourne,2024-03-21,Regular
C06667,Customer 06667,customer06667@example.com,India,Chennai,2025-07-16,Regular
C06668,Customer 06668,customer06668@example.com,Australia,Brisbane,2024-10-11,Regular
C06669,Customer 06669,customer06669@example.com,India,Hyderabad,2025-01-03,Regular
C06670,Customer 06670,customer06670@example.com,India,Bengaluru,2025-05-06,Premium
C06671,Customer 06671,customer06671@example.com,India,Chennai,2024-12-11,Premium
C06672,Customer 06672,customer06672@example.com,Germany,Hamburg,2024-07-22,Regular
C06673,Customer 06673,customer06673@example.com,India,Mumbai,2024-01-25,Regular
C06674,Customer 06674,customer06674@example.com,India,Mumbai,2025-07-06,New
C06675,Customer 06675,customer06675@example.com,India,Hyderabad,2024-03-09,Regular
C06676,Customer 06676,customer06676@example.com,France,Paris,2025-05-30,Premium
C06677,Customer 06677,customer06677@example.com,USA,Austin,2025-05-06,Regular
C06678,Customer 06678,customer06678@example.com,India,Hyderabad,2024-08-27,Regular
C06679,Customer 06679,customer06679@example.com,USA,Austin,2024-12-26,New
C06680,Customer 06680,customer06680@example.com,USA,Seattle,2025-03-16,Premium
C06681,Customer 06681,customer06681@example.com,Canada,Montreal,2024-01-31,Premium
C06682,Customer 06682,customer06682@example.com,India,Chennai,2025-09-20,New
C06683,Customer 06683,customer06683@example.com,France,Paris,2025-12-07,Premium
C06684,Customer 06684,customer06684@example.com,India,Chennai,2025-08-24,New
C06685,Customer 06685,customer06685@example.com,Canada,Montreal,2025-11-20,Regular
C06686,Customer 06686,customer06686@example.com,India,Delhi,2025-10-18,New
C06687,Customer 06687,customer06687@example.com,UK,Manchester,2025-12-14,New
C06688,Customer 06688,customer06688@example.com,UK,London,2024-11-17,New
C06689,Customer 06689,customer06689@example.com,USA,Austin,2024-12-09,Premium
C06690,Customer 06690,customer06690@example.com,India,Pune,2025-12-15,Premium
C06691,Customer 06691,customer06691@example.com,Germany,Munich,2025-06-19,New
C06692,Customer 06692,customer06692@example.com,India,Pune,2024-12-20,Regular
C06693,Customer 06693,customer06693@example.com,Canada,Toronto,2025-04-15,Regular
C06694,Customer 06694,customer06694@example.com,Germany,Munich,2024-04-14,Regular
C06695,Customer 06695,customer06695@example.com,USA,Seattle,2024-11-17,Premium
C06696,Customer 06696,customer06696@example.com,Australia,Sydney,2025-07-25,New
C06697,Customer 06697,customer06697@example.com,Canada,Vancouver,2025-06-10,Regular
C06698,Customer 06698,customer06698@example.com,UK,Manchester,2025-05-18,Regular
C06699,Customer 06699,customer06699@example.com,Germany,Munich,2024-03-25,New
C06700,Customer 06700,customer06700@example.com,India,Delhi,2025-12-09,Regular
C06701,Customer 06701,customer06701@example.com,USA,Austin,2024-08-22,Premium
C06702,Customer 06702,customer06702@example.com,Australia,Sydney,2024-09-19,Premium
C06703,Customer 06703,customer06703@example.com,UK,Birmingham,2024-01-06,New
C06704,Customer 06704,customer06704@example.com,India,Bengaluru,2025-05-08,Premium
C06705,Customer 06705,customer06705@example.com,UK,London,2024-10-15,Premium
C06706,Customer 06706,customer06706@example.com,Germany,Munich,2025-07-23,Regular
C06707,Customer 06707,customer06707@example.com,UAE,Dubai,2025-10-18,Regular
C06708,Customer 06708,customer06708@example.com,USA,Chicago,2025-07-07,New
C06709,Customer 06709,customer06709@example.com,Canada,Toronto,2024-12-15,Regular
C06710,Customer 06710,customer06710@example.com,UAE,Abu Dhabi,2024-07-18,Regular
C06711,Customer 06711,customer06711@example.com,India,Chennai,2025-11-16,Regular
C06712,Customer 06712,customer06712@example.com,India,Hyderabad,2024-11-30,New
C06713,Customer 06713,customer06713@example.com,Canada,Vancouver,2025-08-29,Regular
C06714,Customer 06714,customer06714@example.com,Germany,Hamburg,2024-08-04,Regular
C06715,Customer 06715,customer06715@example.com,France,Paris,2025-09-14,Regular
C06716,Customer 06716,customer06716@example.com,UK,Manchester,2024-12-18,Regular
C06717,Customer 06717,customer06717@example.com,India,Mumbai,2025-11-22,New
C06718,Customer 06718,customer06718@example.com,UK,Leeds,2025-11-05,Regular
C06719,Customer 06719,customer06719@example.com,India,Pune,2025-09-22,Regular
C06720,Customer 06720,customer06720@example.com,India,Chennai,2024-11-20,Premium
C06721,Customer 06721,customer06721@example.com,Australia,Melbourne,2024-08-15,Regular
C06722,Customer 06722,customer06722@example.com,India,Mumbai,2024-05-24,New
C06723,Customer 06723,customer06723@example.com,Germany,Berlin,2024-11-03,New
C06724,Customer 06724,customer06724@example.com,UK,London,2025-10-15,Regular
C06725,Customer 06725,customer06725@example.com,USA,San Francisco,2025-09-25,New
C06726,Customer 06726,customer06726@example.com,India,Pune,2024-10-11,Regular
C06727,Customer 06727,customer06727@example.com,India,Bengaluru,2025-01-26,Premium
C06728,Customer 06728,customer06728@example.com,India,Bengaluru,2024-12-25,Regular
C06729,Customer 06729,customer06729@example.com,Singapore,Singapore,2024-06-13,Regular
C06730,Customer 06730,customer06730@example.com,Germany,Munich,2025-08-03,Premium
C06731,Customer 06731,customer06731@example.com,UK,Leeds,2024-08-11,Regular
C06732,Customer 06732,customer06732@example.com,India,Pune,2024-05-03,New
C06733,Customer 06733,customer06733@example.com,UAE,Sharjah,2024-12-09,Regular
C06734,Customer 06734,customer06734@example.com,India,Hyderabad,2025-06-07,Premium
C06735,Customer 06735,customer06735@example.com,India,Hyderabad,2024-02-21,Premium
C06736,Customer 06736,customer06736@example.com,USA,Austin,2024-05-08,New
C06737,Customer 06737,customer06737@example.com,UAE,Dubai,2024-05-14,Regular
C06738,Customer 06738,customer06738@example.com,India,Pune,2025-10-18,Premium
C06739,Customer 06739,customer06739@example.com,India,Chennai,2024-05-06,Regular
C06740,Customer 06740,customer06740@example.com,UAE,Dubai,2024-03-11,Premium
C06741,Customer 06741,customer06741@example.com,India,Mumbai,2024-09-29,New
C06742,Customer 06742,customer06742@example.com,India,Delhi,2024-07-05,VIP
C06743,Customer 06743,customer06743@example.com,USA,New York,2024-01-03,Premium
C06744,Customer 06744,customer06744@example.com,France,Paris,2024-10-11,New
C06745,Customer 06745,customer06745@example.com,UK,Birmingham,2024-01-22,Regular
C06746,Customer 06746,customer06746@example.com,Netherlands,Amsterdam,2024-06-14,New
C06747,Customer 06747,customer06747@example.com,Canada,Montreal,2024-11-05,Regular
C06748,Customer 06748,customer06748@example.com,India,Mumbai,2025-04-21,Regular
C06749,Customer 06749,customer06749@example.com,Netherlands,Amsterdam,2025-05-12,Regular
C06750,Customer 06750,customer06750@example.com,UK,Birmingham,2025-03-09,Regular
C06751,Customer 06751,customer06751@example.com,India,Bengaluru,2024-08-21,Regular
C06752,Customer 06752,customer06752@example.com,USA,Chicago,2025-10-31,Premium
C06753,Customer 06753,customer06753@example.com,India,Mumbai,2025-10-24,Regular
C06754,Customer 06754,customer06754@example.com,India,Mumbai,2025-12-25,Premium
C06755,Customer 06755,customer06755@example.com,India,Chennai,2025-01-10,New
C06756,Customer 06756,customer06756@example.com,UK,Birmingham,2025-12-30,Regular
C06757,Customer 06757,customer06757@example.com,Germany,Munich,2024-09-02,Regular
C06758,Customer 06758,customer06758@example.com,USA,New York,2024-10-29,Regular
C06759,Customer 06759,customer06759@example.com,Netherlands,Rotterdam,2025-02-08,Regular
C06760,Customer 06760,customer06760@example.com,India,Bengaluru,2025-10-24,Regular
C06761,Customer 06761,customer06761@example.com,India,Bengaluru,2025-12-08,VIP
C06762,Customer 06762,customer06762@example.com,India,Mumbai,2024-01-21,New
C06763,Customer 06763,customer06763@example.com,India,Hyderabad,2024-09-13,Premium
C06764,Customer 06764,customer06764@example.com,India,Hyderabad,2025-02-02,Regular
C06765,Customer 06765,customer06765@example.com,Germany,Hamburg,2025-06-12,Regular
C06766,Customer 06766,customer06766@example.com,UAE,Sharjah,2024-02-20,Regular
C06767,Customer 06767,customer06767@example.com,Singapore,Singapore,2025-03-22,Premium
C06768,Customer 06768,customer06768@example.com,India,Bengaluru,2024-09-26,Regular
C06769,Customer 06769,customer06769@example.com,France,Marseille,2025-08-17,Premium
C06770,Customer 06770,customer06770@example.com,India,Mumbai,2025-09-27,New
C06771,Customer 06771,customer06771@example.com,India,Chennai,2024-09-18,Regular
C06772,Customer 06772,customer06772@example.com,France,Lyon,2024-12-30,Regular
C06773,Customer 06773,customer06773@example.com,USA,Austin,2024-02-18,Regular
C06774,Customer 06774,customer06774@example.com,India,Bengaluru,2025-06-01,Regular
C06775,Customer 06775,customer06775@example.com,UK,Birmingham,2025-09-20,Regular
C06776,Customer 06776,customer06776@example.com,India,Chennai,2024-04-27,Regular
C06777,Customer 06777,customer06777@example.com,Australia,Sydney,2025-03-28,Regular
C06778,Customer 06778,customer06778@example.com,UK,Manchester,2025-10-02,Regular
C06779,Customer 06779,customer06779@example.com,Netherlands,Amsterdam,2025-01-31,Regular
C06780,Customer 06780,customer06780@example.com,India,Mumbai,2025-11-13,Regular
C06781,Customer 06781,customer06781@example.com,UK,Birmingham,2024-01-27,New
C06782,Customer 06782,customer06782@example.com,UK,Leeds,2025-12-11,Premium
C06783,Customer 06783,customer06783@example.com,UK,London,2025-01-06,Premium
C06784,Customer 06784,customer06784@example.com,India,Bengaluru,2024-04-06,New
C06785,Customer 06785,customer06785@example.com,Australia,Sydney,2025-06-12,Regular
C06786,Customer 06786,customer06786@example.com,France,Lyon,2025-11-15,Regular
C06787,Customer 06787,customer06787@example.com,UAE,Sharjah,2025-09-04,Premium
C06788,Customer 06788,customer06788@example.com,Germany,Berlin,2024-07-04,Premium
C06789,Customer 06789,customer06789@example.com,France,Paris,2025-11-26,New
C06790,Customer 06790,customer06790@example.com,USA,Seattle,2024-08-02,Premium
C06791,Customer 06791,customer06791@example.com,Germany,Berlin,2024-09-07,New
C06792,Customer 06792,customer06792@example.com,India,Hyderabad,2024-08-03,Regular
C06793,Customer 06793,customer06793@example.com,UK,Leeds,2024-01-29,Premium
C06794,Customer 06794,customer06794@example.com,India,Delhi,2024-04-11,Premium
C06795,Customer 06795,customer06795@example.com,UK,Manchester,2024-05-02,Premium
C06796,Customer 06796,customer06796@example.com,India,Pune,2024-02-23,Regular
C06797,Customer 06797,customer06797@example.com,Singapore,Singapore,2024-10-09,Regular
C06798,Customer 06798,customer06798@example.com,India,Chennai,2025-09-05,Premium
C06799,Customer 06799,customer06799@example.com,India,Mumbai,2024-04-26,Regular
C06800,Customer 06800,customer06800@example.com,USA,Austin,2025-09-07,Regular
C06801,Customer 06801,customer06801@example.com,India,Mumbai,2025-07-10,Regular
C06802,Customer 06802,customer06802@example.com,India,Bengaluru,2024-04-23,Premium
C06803,Customer 06803,customer06803@example.com,India,Pune,2025-06-26,Premium
C06804,Customer 06804,customer06804@example.com,UK,London,2025-11-06,Regular
C06805,Customer 06805,customer06805@example.com,UK,Leeds,2025-12-01,Premium
C06806,Customer 06806,customer06806@example.com,Germany,Hamburg,2024-10-19,New
C06807,Customer 06807,customer06807@example.com,Australia,Sydney,2024-07-13,Regular
C06808,Customer 06808,customer06808@example.com,UK,London,2024-10-18,Regular
C06809,Customer 06809,customer06809@example.com,India,Pune,2024-09-17,New
C06810,Customer 06810,customer06810@example.com,India,Delhi,2024-07-25,Premium
C06811,Customer 06811,customer06811@example.com,Australia,Sydney,2025-07-17,Premium
C06812,Customer 06812,customer06812@example.com,India,Delhi,2024-02-18,Regular
C06813,Customer 06813,customer06813@example.com,India,Mumbai,2024-01-06,Premium
C06814,Customer 06814,customer06814@example.com,Germany,Hamburg,2025-01-13,Regular
C06815,Customer 06815,customer06815@example.com,UK,Leeds,2025-01-28,Regular
C06816,Customer 06816,customer06816@example.com,India,Delhi,2024-08-11,Premium
C06817,Customer 06817,customer06817@example.com,India,Bengaluru,2024-01-23,Regular
C06818,Customer 06818,customer06818@example.com,UAE,Dubai,2025-10-18,Premium
C06819,Customer 06819,customer06819@example.com,France,Paris,2024-04-19,Regular
C06820,Customer 06820,customer06820@example.com,Canada,Montreal,2025-12-24,Premium
C06821,Customer 06821,customer06821@example.com,UK,Birmingham,2025-07-06,Regular
C06822,Customer 06822,customer06822@example.com,USA,Austin,2025-02-02,New
C06823,Customer 06823,customer06823@example.com,Singapore,Singapore,2024-06-20,Regular
C06824,Customer 06824,customer06824@example.com,Singapore,Singapore,2025-11-28,Regular
C06825,Customer 06825,customer06825@example.com,India,Pune,2025-12-26,New
C06826,Customer 06826,customer06826@example.com,Germany,Hamburg,2024-11-01,New
C06827,Customer 06827,customer06827@example.com,India,Mumbai,2025-07-17,Premium
C06828,Customer 06828,customer06828@example.com,India,Mumbai,2025-08-04,Premium
C06829,Customer 06829,customer06829@example.com,Canada,Vancouver,2025-12-08,Premium
C06830,Customer 06830,customer06830@example.com,UK,Leeds,2024-05-30,Premium
C06831,Customer 06831,customer06831@example.com,UAE,Dubai,2025-03-03,Premium
C06832,Customer 06832,customer06832@example.com,India,Hyderabad,2025-09-12,New
C06833,Customer 06833,customer06833@example.com,USA,Seattle,2025-04-11,Premium
C06834,Customer 06834,customer06834@example.com,UAE,Dubai,2025-09-21,Premium
C06835,Customer 06835,customer06835@example.com,UAE,Abu Dhabi,2025-08-29,New
C06836,Customer 06836,customer06836@example.com,India,Delhi,2025-07-09,Regular
C06837,Customer 06837,customer06837@example.com,UK,Leeds,2024-03-07,Regular
C06838,Customer 06838,customer06838@example.com,USA,Chicago,2024-06-04,Premium
C06839,Customer 06839,customer06839@example.com,India,Mumbai,2024-07-24,Regular
C06840,Customer 06840,customer06840@example.com,Singapore,Singapore,2024-06-03,VIP
C06841,Customer 06841,customer06841@example.com,UAE,Sharjah,2025-11-21,New
C06842,Customer 06842,customer06842@example.com,India,Chennai,2025-05-23,New
C06843,Customer 06843,customer06843@example.com,India,Bengaluru,2025-07-25,VIP
C06844,Customer 06844,customer06844@example.com,India,Chennai,2024-03-14,New
C06845,Customer 06845,customer06845@example.com,UAE,Dubai,2024-02-18,Regular
C06846,Customer 06846,customer06846@example.com,India,Delhi,2025-04-11,Regular
C06847,Customer 06847,customer06847@example.com,UK,London,2025-08-07,Premium
C06848,Customer 06848,customer06848@example.com,UK,Birmingham,2025-12-08,Regular
C06849,Customer 06849,customer06849@example.com,USA,San Francisco,2024-06-27,New
C06850,Customer 06850,customer06850@example.com,India,Pune,2024-02-17,Regular
C06851,Customer 06851,customer06851@example.com,India,Hyderabad,2024-03-12,Regular
C06852,Customer 06852,customer06852@example.com,UAE,Abu Dhabi,2024-04-22,Regular
C06853,Customer 06853,customer06853@example.com,UAE,Sharjah,2024-06-07,Premium
C06854,Customer 06854,customer06854@example.com,Germany,Munich,2024-01-30,Premium
C06855,Customer 06855,customer06855@example.com,India,Delhi,2024-04-06,Premium
C06856,Customer 06856,customer06856@example.com,India,Chennai,2024-09-07,New
C06857,Customer 06857,customer06857@example.com,USA,Seattle,2025-06-02,Regular
C06858,Customer 06858,customer06858@example.com,India,Bengaluru,2024-04-01,VIP
C06859,Customer 06859,customer06859@example.com,UAE,Sharjah,2024-04-22,Regular
C06860,Customer 06860,customer06860@example.com,USA,Chicago,2024-09-15,New
C06861,Customer 06861,customer06861@example.com,India,Chennai,2024-04-16,VIP
C06862,Customer 06862,customer06862@example.com,UAE,Dubai,2025-07-28,Regular
C06863,Customer 06863,customer06863@example.com,Singapore,Singapore,2025-01-24,Premium
C06864,Customer 06864,customer06864@example.com,India,Delhi,2024-12-23,New
C06865,Customer 06865,customer06865@example.com,USA,New York,2024-07-17,Regular
C06866,Customer 06866,customer06866@example.com,India,Mumbai,2025-03-02,Premium
C06867,Customer 06867,customer06867@example.com,UK,Manchester,2025-04-22,Regular
C06868,Customer 06868,customer06868@example.com,India,Pune,2025-05-17,Regular
C06869,Customer 06869,customer06869@example.com,USA,San Francisco,2025-10-19,New
C06870,Customer 06870,customer06870@example.com,Singapore,Singapore,2025-07-26,Regular
C06871,Customer 06871,customer06871@example.com,UK,Leeds,2024-04-29,Regular
C06872,Customer 06872,customer06872@example.com,India,Chennai,2025-07-26,Regular
C06873,Customer 06873,customer06873@example.com,USA,Austin,2024-11-04,New
C06874,Customer 06874,customer06874@example.com,India,Chennai,2025-06-21,New
C06875,Customer 06875,customer06875@example.com,France,Marseille,2025-09-18,Regular
C06876,Customer 06876,customer06876@example.com,UK,Manchester,2025-04-19,Regular
C06877,Customer 06877,customer06877@example.com,India,Bengaluru,2025-07-05,Regular
C06878,Customer 06878,customer06878@example.com,India,Pune,2024-12-09,Regular
C06879,Customer 06879,customer06879@example.com,Australia,Brisbane,2025-09-19,Premium
C06880,Customer 06880,customer06880@example.com,India,Hyderabad,2024-05-15,Regular
C06881,Customer 06881,customer06881@example.com,Australia,Brisbane,2024-10-03,Regular
C06882,Customer 06882,customer06882@example.com,India,Pune,2025-06-16,Regular
C06883,Customer 06883,customer06883@example.com,India,Chennai,2024-01-31,New
C06884,Customer 06884,customer06884@example.com,UK,Leeds,2024-09-03,Regular
C06885,Customer 06885,customer06885@example.com,UAE,Dubai,2025-02-14,Premium
C06886,Customer 06886,customer06886@example.com,UAE,Sharjah,2024-01-27,New
C06887,Customer 06887,customer06887@example.com,India,Chennai,2024-03-13,New
C06888,Customer 06888,customer06888@example.com,UK,Leeds,2024-04-06,Premium
C06889,Customer 06889,customer06889@example.com,India,Mumbai,2025-11-03,Regular
C06890,Customer 06890,customer06890@example.com,UK,London,2024-12-11,Regular
C06891,Customer 06891,customer06891@example.com,UK,Leeds,2025-04-20,Regular
C06892,Customer 06892,customer06892@example.com,UAE,Dubai,2024-10-26,VIP
C06893,Customer 06893,customer06893@example.com,UAE,Abu Dhabi,2024-10-25,Regular
C06894,Customer 06894,customer06894@example.com,UK,Leeds,2024-10-13,Regular
C06895,Customer 06895,customer06895@example.com,UK,London,2025-03-24,New
C06896,Customer 06896,customer06896@example.com,France,Marseille,2024-07-30,Premium
C06897,Customer 06897,customer06897@example.com,Germany,Berlin,2024-03-16,Regular
C06898,Customer 06898,customer06898@example.com,India,Pune,2025-02-04,VIP
C06899,Customer 06899,customer06899@example.com,India,Chennai,2025-10-16,Regular
C06900,Customer 06900,customer06900@example.com,UK,Leeds,2024-02-03,Regular
C06901,Customer 06901,customer06901@example.com,India,Mumbai,2025-05-12,New
C06902,Customer 06902,customer06902@example.com,India,Delhi,2025-05-30,Regular
C06903,Customer 06903,customer06903@example.com,India,Pune,2024-11-23,Regular
C06904,Customer 06904,customer06904@example.com,USA,New York,2024-04-07,Premium
C06905,Customer 06905,customer06905@example.com,India,Hyderabad,2024-12-31,Regular
C06906,Customer 06906,customer06906@example.com,India,Bengaluru,2025-12-29,Regular
C06907,Customer 06907,customer06907@example.com,India,Bengaluru,2025-04-07,Regular
C06908,Customer 06908,customer06908@example.com,Germany,Hamburg,2024-01-28,New
C06909,Customer 06909,customer06909@example.com,France,Marseille,2025-12-13,Regular
C06910,Customer 06910,customer06910@example.com,UK,London,2025-01-20,New
C06911,Customer 06911,customer06911@example.com,UK,Manchester,2024-09-29,Regular
C06912,Customer 06912,customer06912@example.com,Singapore,Singapore,2024-05-06,Regular
C06913,Customer 06913,customer06913@example.com,India,Delhi,2024-07-20,Regular
C06914,Customer 06914,customer06914@example.com,India,Chennai,2025-06-04,Regular
C06915,Customer 06915,customer06915@example.com,India,Mumbai,2024-10-13,New
C06916,Customer 06916,customer06916@example.com,India,Delhi,2025-03-25,Regular
C06917,Customer 06917,customer06917@example.com,UK,Leeds,2024-03-28,Regular
C06918,Customer 06918,customer06918@example.com,UAE,Dubai,2024-11-13,Regular
C06919,Customer 06919,customer06919@example.com,USA,Chicago,2024-01-19,VIP
C06920,Customer 06920,customer06920@example.com,UK,Birmingham,2025-08-15,New
C06921,Customer 06921,customer06921@example.com,UAE,Abu Dhabi,2024-04-16,Regular
C06922,Customer 06922,customer06922@example.com,India,Chennai,2025-04-02,Regular
C06923,Customer 06923,customer06923@example.com,India,Pune,2024-11-06,Regular
C06924,Customer 06924,customer06924@example.com,USA,Austin,2025-02-15,Premium
C06925,Customer 06925,customer06925@example.com,USA,Seattle,2025-09-15,New
C06926,Customer 06926,customer06926@example.com,India,Pune,2025-09-26,Premium
C06927,Customer 06927,customer06927@example.com,UK,Birmingham,2025-05-12,New
C06928,Customer 06928,customer06928@example.com,USA,New York,2024-08-31,Regular
C06929,Customer 06929,customer06929@example.com,Canada,Montreal,2025-11-20,Premium
C06930,Customer 06930,customer06930@example.com,USA,New York,2025-07-30,New
C06931,Customer 06931,customer06931@example.com,India,Chennai,2025-01-14,Premium
C06932,Customer 06932,customer06932@example.com,India,Chennai,2025-05-29,New
C06933,Customer 06933,customer06933@example.com,UK,Leeds,2024-07-25,Premium
C06934,Customer 06934,customer06934@example.com,India,Bengaluru,2025-01-28,Regular
C06935,Customer 06935,customer06935@example.com,UAE,Abu Dhabi,2024-01-21,Regular
C06936,Customer 06936,customer06936@example.com,UK,London,2025-06-10,Premium
C06937,Customer 06937,customer06937@example.com,India,Mumbai,2024-12-08,Regular
C06938,Customer 06938,customer06938@example.com,Australia,Brisbane,2025-12-18,Regular
C06939,Customer 06939,customer06939@example.com,UK,London,2024-07-20,Premium
C06940,Customer 06940,customer06940@example.com,India,Hyderabad,2024-04-29,New
C06941,Customer 06941,customer06941@example.com,Germany,Hamburg,2025-10-10,Regular
C06942,Customer 06942,customer06942@example.com,France,Marseille,2025-01-23,Premium
C06943,Customer 06943,customer06943@example.com,Canada,Vancouver,2025-06-20,Regular
C06944,Customer 06944,customer06944@example.com,India,Hyderabad,2024-08-21,New
C06945,Customer 06945,customer06945@example.com,USA,Austin,2025-09-24,New
C06946,Customer 06946,customer06946@example.com,Australia,Sydney,2025-08-24,Regular
C06947,Customer 06947,customer06947@example.com,India,Bengaluru,2024-11-15,Regular
C06948,Customer 06948,customer06948@example.com,India,Delhi,2025-12-12,New
C06949,Customer 06949,customer06949@example.com,France,Marseille,2024-06-28,Premium
C06950,Customer 06950,customer06950@example.com,India,Chennai,2025-01-02,Regular
C06951,Customer 06951,customer06951@example.com,Australia,Melbourne,2024-03-16,Premium
C06952,Customer 06952,customer06952@example.com,UK,Birmingham,2025-10-10,Premium
C06953,Customer 06953,customer06953@example.com,UK,Leeds,2025-10-11,Premium
C06954,Customer 06954,customer06954@example.com,India,Delhi,2025-05-10,Regular
C06955,Customer 06955,customer06955@example.com,Germany,Munich,2025-06-05,Regular
C06956,Customer 06956,customer06956@example.com,UK,Leeds,2024-07-19,Regular
C06957,Customer 06957,customer06957@example.com,USA,San Francisco,2024-12-11,Regular
C06958,Customer 06958,customer06958@example.com,Canada,Toronto,2025-04-27,Regular
C06959,Customer 06959,customer06959@example.com,Canada,Montreal,2024-08-06,Premium
C06960,Customer 06960,customer06960@example.com,Singapore,Singapore,2024-02-29,New
C06961,Customer 06961,customer06961@example.com,USA,Seattle,2025-10-20,Regular
C06962,Customer 06962,customer06962@example.com,UK,Manchester,2025-09-10,New
C06963,Customer 06963,customer06963@example.com,Singapore,Singapore,2025-07-03,Premium
C06964,Customer 06964,customer06964@example.com,USA,San Francisco,2025-10-07,Premium
C06965,Customer 06965,customer06965@example.com,India,Delhi,2024-08-08,New
C06966,Customer 06966,customer06966@example.com,India,Mumbai,2025-05-16,Regular
C06967,Customer 06967,customer06967@example.com,Germany,Munich,2024-05-12,Premium
C06968,Customer 06968,customer06968@example.com,UK,Manchester,2024-02-22,Regular
C06969,Customer 06969,customer06969@example.com,Canada,Vancouver,2025-03-25,Regular
C06970,Customer 06970,customer06970@example.com,UK,Manchester,2024-03-02,New
C06971,Customer 06971,customer06971@example.com,India,Bengaluru,2024-01-23,Regular
C06972,Customer 06972,customer06972@example.com,USA,New York,2024-02-13,Regular
C06973,Customer 06973,customer06973@example.com,India,Hyderabad,2025-07-11,Premium
C06974,Customer 06974,customer06974@example.com,UK,London,2025-10-20,Regular
C06975,Customer 06975,customer06975@example.com,USA,Chicago,2025-12-28,Regular
C06976,Customer 06976,customer06976@example.com,UK,Leeds,2024-02-16,Regular
C06977,Customer 06977,customer06977@example.com,Australia,Brisbane,2024-01-24,Regular
C06978,Customer 06978,customer06978@example.com,Germany,Munich,2025-10-18,Premium
C06979,Customer 06979,customer06979@example.com,Australia,Sydney,2024-03-29,Premium
C06980,Customer 06980,customer06980@example.com,India,Hyderabad,2024-06-22,New
C06981,Customer 06981,customer06981@example.com,India,Bengaluru,2025-07-29,Premium
C06982,Customer 06982,customer06982@example.com,USA,Seattle,2024-04-28,New
C06983,Customer 06983,customer06983@example.com,UAE,Abu Dhabi,2025-10-29,Regular
C06984,Customer 06984,customer06984@example.com,Germany,Hamburg,2024-06-26,Premium
C06985,Customer 06985,customer06985@example.com,Germany,Hamburg,2024-12-07,New
C06986,Customer 06986,customer06986@example.com,India,Delhi,2025-07-21,New
C06987,Customer 06987,customer06987@example.com,UK,Manchester,2024-02-28,Regular
C06988,Customer 06988,customer06988@example.com,UK,Leeds,2025-03-13,Premium
C06989,Customer 06989,customer06989@example.com,India,Chennai,2025-03-03,Regular
C06990,Customer 06990,customer06990@example.com,India,Delhi,2025-03-01,Regular
C06991,Customer 06991,customer06991@example.com,UAE,Sharjah,2025-01-15,Premium
C06992,Customer 06992,customer06992@example.com,India,Delhi,2025-04-30,Premium
C06993,Customer 06993,customer06993@example.com,India,Delhi,2024-07-03,Premium
C06994,Customer 06994,customer06994@example.com,India,Mumbai,2025-07-12,Regular
C06995,Customer 06995,customer06995@example.com,UAE,Dubai,2025-04-04,New
C06996,Customer 06996,customer06996@example.com,USA,Chicago,2024-04-11,New
C06997,Customer 06997,customer06997@example.com,Canada,Vancouver,2025-07-09,Premium
C06998,Customer 06998,customer06998@example.com,UAE,Sharjah,2024-01-15,Premium
C06999,Customer 06999,customer06999@example.com,India,Hyderabad,2024-02-20,VIP
C07000,Customer 07000,customer07000@example.com,USA,San Francisco,2024-11-04,New
C07001,Customer 07001,customer07001@example.com,India,Delhi,2024-02-03,New
C07002,Customer 07002,customer07002@example.com,India,Pune,2025-09-27,New
C07003,Customer 07003,customer07003@example.com,Germany,Berlin,2025-08-11,New
C07004,Customer 07004,customer07004@example.com,Australia,Brisbane,2025-09-26,Regular
C07005,Customer 07005,customer07005@example.com,UK,Birmingham,2024-07-23,VIP
C07006,Customer 07006,customer07006@example.com,UK,Leeds,2024-03-10,Regular
C07007,Customer 07007,customer07007@example.com,USA,San Francisco,2024-08-17,Regular
C07008,Customer 07008,customer07008@example.com,India,Chennai,2025-04-24,Regular
C07009,Customer 07009,customer07009@example.com,India,Mumbai,2025-06-16,New
C07010,Customer 07010,customer07010@example.com,India,Hyderabad,2024-04-17,Premium
C07011,Customer 07011,customer07011@example.com,India,Hyderabad,2024-08-28,Regular
C07012,Customer 07012,customer07012@example.com,Germany,Hamburg,2024-09-07,New
C07013,Customer 07013,customer07013@example.com,India,Delhi,2024-05-14,Regular
C07014,Customer 07014,customer07014@example.com,India,Pune,2024-03-30,Regular
C07015,Customer 07015,customer07015@example.com,UK,Birmingham,2025-08-13,New
C07016,Customer 07016,customer07016@example.com,France,Paris,2025-03-15,Regular
C07017,Customer 07017,customer07017@example.com,India,Chennai,2025-11-19,Regular
C07018,Customer 07018,customer07018@example.com,India,Delhi,2024-10-24,Regular
C07019,Customer 07019,customer07019@example.com,UK,London,2025-02-10,Regular
C07020,Customer 07020,customer07020@example.com,Australia,Sydney,2024-11-03,Regular
C07021,Customer 07021,customer07021@example.com,USA,San Francisco,2024-04-11,Regular
C07022,Customer 07022,customer07022@example.com,Germany,Munich,2024-12-26,Regular
C07023,Customer 07023,customer07023@example.com,Singapore,Singapore,2025-09-15,VIP
C07024,Customer 07024,customer07024@example.com,Germany,Hamburg,2025-11-23,Regular
C07025,Customer 07025,customer07025@example.com,USA,New York,2025-09-07,Regular
C07026,Customer 07026,customer07026@example.com,UK,London,2025-06-11,Premium
C07027,Customer 07027,customer07027@example.com,India,Bengaluru,2025-08-30,Regular
C07028,Customer 07028,customer07028@example.com,Netherlands,Rotterdam,2024-10-19,New
C07029,Customer 07029,customer07029@example.com,UK,London,2024-05-25,Regular
C07030,Customer 07030,customer07030@example.com,India,Pune,2025-02-07,Premium
C07031,Customer 07031,customer07031@example.com,Canada,Montreal,2024-01-02,Premium
C07032,Customer 07032,customer07032@example.com,India,Chennai,2024-04-28,VIP
C07033,Customer 07033,customer07033@example.com,USA,San Francisco,2025-08-28,Regular
C07034,Customer 07034,customer07034@example.com,USA,Austin,2024-07-09,Premium
C07035,Customer 07035,customer07035@example.com,UK,London,2024-01-03,New
C07036,Customer 07036,customer07036@example.com,Germany,Munich,2025-05-01,Regular
C07037,Customer 07037,customer07037@example.com,India,Chennai,2025-09-14,Premium
C07038,Customer 07038,customer07038@example.com,UK,London,2024-06-25,Regular
C07039,Customer 07039,customer07039@example.com,USA,Seattle,2024-09-13,New
C07040,Customer 07040,customer07040@example.com,Canada,Vancouver,2025-06-17,Regular
C07041,Customer 07041,customer07041@example.com,Germany,Hamburg,2025-04-21,Premium
C07042,Customer 07042,customer07042@example.com,UK,Leeds,2025-02-01,New
C07043,Customer 07043,customer07043@example.com,USA,San Francisco,2025-05-10,Regular
C07044,Customer 07044,customer07044@example.com,India,Pune,2024-08-07,New
C07045,Customer 07045,customer07045@example.com,UAE,Abu Dhabi,2024-06-21,Regular
C07046,Customer 07046,customer07046@example.com,UK,Leeds,2025-01-24,VIP
C07047,Customer 07047,customer07047@example.com,Australia,Melbourne,2025-05-16,New
C07048,Customer 07048,customer07048@example.com,India,Mumbai,2025-07-30,New
C07049,Customer 07049,customer07049@example.com,India,Mumbai,2024-09-16,Regular
C07050,Customer 07050,customer07050@example.com,UK,Manchester,2024-05-10,Regular
C07051,Customer 07051,customer07051@example.com,France,Paris,2024-04-22,Regular
C07052,Customer 07052,customer07052@example.com,USA,San Francisco,2025-12-23,Regular
C07053,Customer 07053,customer07053@example.com,UAE,Sharjah,2024-01-20,VIP
C07054,Customer 07054,customer07054@example.com,UK,Birmingham,2024-08-02,Regular
C07055,Customer 07055,customer07055@example.com,UK,Birmingham,2024-11-05,Regular
C07056,Customer 07056,customer07056@example.com,India,Hyderabad,2024-09-07,Regular
C07057,Customer 07057,customer07057@example.com,Germany,Hamburg,2025-05-02,Regular
C07058,Customer 07058,customer07058@example.com,India,Delhi,2025-01-16,New
C07059,Customer 07059,customer07059@example.com,France,Marseille,2025-02-12,Regular
C07060,Customer 07060,customer07060@example.com,UAE,Dubai,2024-09-27,VIP
C07061,Customer 07061,customer07061@example.com,UAE,Sharjah,2025-02-10,Regular
C07062,Customer 07062,customer07062@example.com,USA,New York,2025-11-22,Regular
C07063,Customer 07063,customer07063@example.com,Canada,Montreal,2024-07-12,New
C07064,Customer 07064,customer07064@example.com,Australia,Melbourne,2025-03-16,Regular
C07065,Customer 07065,customer07065@example.com,India,Pune,2024-11-08,Regular
C07066,Customer 07066,customer07066@example.com,USA,San Francisco,2024-03-19,Regular
C07067,Customer 07067,customer07067@example.com,India,Hyderabad,2024-06-28,Regular
C07068,Customer 07068,customer07068@example.com,UK,Birmingham,2025-11-05,New
C07069,Customer 07069,customer07069@example.com,India,Delhi,2025-12-14,Premium
C07070,Customer 07070,customer07070@example.com,India,Hyderabad,2024-01-14,Regular
C07071,Customer 07071,customer07071@example.com,UK,Manchester,2024-09-02,Regular
C07072,Customer 07072,customer07072@example.com,UK,London,2024-01-14,Premium
C07073,Customer 07073,customer07073@example.com,USA,Austin,2024-04-08,New
C07074,Customer 07074,customer07074@example.com,India,Mumbai,2024-02-02,Premium
C07075,Customer 07075,customer07075@example.com,UK,Manchester,2025-03-11,Regular
C07076,Customer 07076,customer07076@example.com,India,Chennai,2024-09-13,Regular
C07077,Customer 07077,customer07077@example.com,USA,Austin,2024-02-03,Regular
C07078,Customer 07078,customer07078@example.com,USA,Austin,2024-01-19,Regular
C07079,Customer 07079,customer07079@example.com,USA,Austin,2025-10-25,New
C07080,Customer 07080,customer07080@example.com,Australia,Sydney,2024-09-16,Premium
C07081,Customer 07081,customer07081@example.com,India,Pune,2025-11-06,Regular
C07082,Customer 07082,customer07082@example.com,Australia,Sydney,2025-08-11,Regular
C07083,Customer 07083,customer07083@example.com,UK,Manchester,2025-02-19,Premium
C07084,Customer 07084,customer07084@example.com,UK,Manchester,2024-05-16,Premium
C07085,Customer 07085,customer07085@example.com,USA,Seattle,2024-12-24,Regular
C07086,Customer 07086,customer07086@example.com,India,Mumbai,2025-12-20,Regular
C07087,Customer 07087,customer07087@example.com,Canada,Toronto,2025-08-01,New
C07088,Customer 07088,customer07088@example.com,USA,Austin,2024-04-25,Premium
C07089,Customer 07089,customer07089@example.com,India,Pune,2025-02-07,Premium
C07090,Customer 07090,customer07090@example.com,India,Bengaluru,2024-07-20,New
C07091,Customer 07091,customer07091@example.com,India,Delhi,2025-01-10,Regular
C07092,Customer 07092,customer07092@example.com,UAE,Dubai,2024-09-06,Premium
C07093,Customer 07093,customer07093@example.com,Canada,Montreal,2025-03-21,New
C07094,Customer 07094,customer07094@example.com,India,Hyderabad,2024-10-04,Regular
C07095,Customer 07095,customer07095@example.com,UK,Birmingham,2024-04-21,Regular
C07096,Customer 07096,customer07096@example.com,USA,New York,2025-04-17,Regular
C07097,Customer 07097,customer07097@example.com,Germany,Berlin,2025-11-18,New
C07098,Customer 07098,customer07098@example.com,India,Chennai,2025-01-26,Regular
C07099,Customer 07099,customer07099@example.com,India,Bengaluru,2024-05-22,Regular
C07100,Customer 07100,customer07100@example.com,France,Lyon,2024-02-01,Premium
C07101,Customer 07101,customer07101@example.com,India,Delhi,2024-06-29,Regular
C07102,Customer 07102,customer07102@example.com,India,Delhi,2025-08-01,Regular
C07103,Customer 07103,customer07103@example.com,Singapore,Singapore,2025-05-30,Regular
C07104,Customer 07104,customer07104@example.com,USA,Seattle,2024-09-25,New
C07105,Customer 07105,customer07105@example.com,India,Pune,2024-08-23,VIP
C07106,Customer 07106,customer07106@example.com,India,Pune,2024-10-03,Premium
C07107,Customer 07107,customer07107@example.com,India,Bengaluru,2025-07-06,Regular
C07108,Customer 07108,customer07108@example.com,India,Bengaluru,2025-09-24,Regular
C07109,Customer 07109,customer07109@example.com,France,Marseille,2024-10-01,Regular
C07110,Customer 07110,customer07110@example.com,UK,Birmingham,2024-03-26,Regular
C07111,Customer 07111,customer07111@example.com,Australia,Sydney,2024-03-03,New
C07112,Customer 07112,customer07112@example.com,UAE,Sharjah,2025-02-07,Regular
C07113,Customer 07113,customer07113@example.com,UK,Birmingham,2024-07-10,VIP
C07114,Customer 07114,customer07114@example.com,India,Hyderabad,2024-10-19,New
C07115,Customer 07115,customer07115@example.com,USA,New York,2024-01-31,Regular
C07116,Customer 07116,customer07116@example.com,UAE,Dubai,2024-11-25,New
C07117,Customer 07117,customer07117@example.com,Germany,Munich,2025-10-19,New
C07118,Customer 07118,customer07118@example.com,India,Delhi,2024-04-16,Regular
C07119,Customer 07119,customer07119@example.com,Canada,Vancouver,2025-09-13,Regular
C07120,Customer 07120,customer07120@example.com,USA,Austin,2024-10-02,Premium
C07121,Customer 07121,customer07121@example.com,UAE,Abu Dhabi,2025-12-22,Regular
C07122,Customer 07122,customer07122@example.com,India,Pune,2025-10-12,New
C07123,Customer 07123,customer07123@example.com,USA,San Francisco,2025-08-20,Regular
C07124,Customer 07124,customer07124@example.com,France,Paris,2025-07-09,Premium
C07125,Customer 07125,customer07125@example.com,UK,Leeds,2024-03-22,New
C07126,Customer 07126,customer07126@example.com,UK,Leeds,2024-03-04,Regular
C07127,Customer 07127,customer07127@example.com,India,Delhi,2025-07-20,Premium
C07128,Customer 07128,customer07128@example.com,India,Mumbai,2025-08-08,New
C07129,Customer 07129,customer07129@example.com,India,Bengaluru,2024-05-08,Premium
C07130,Customer 07130,customer07130@example.com,UAE,Sharjah,2024-09-12,Regular
C07131,Customer 07131,customer07131@example.com,India,Delhi,2024-08-18,New
C07132,Customer 07132,customer07132@example.com,UK,London,2025-05-11,Regular
C07133,Customer 07133,customer07133@example.com,Canada,Vancouver,2024-05-16,New
C07134,Customer 07134,customer07134@example.com,India,Delhi,2025-03-30,Regular
C07135,Customer 07135,customer07135@example.com,UK,Leeds,2024-12-20,Regular
C07136,Customer 07136,customer07136@example.com,Australia,Brisbane,2025-09-15,New
C07137,Customer 07137,customer07137@example.com,France,Lyon,2025-04-29,Premium
C07138,Customer 07138,customer07138@example.com,USA,San Francisco,2024-05-25,Regular
C07139,Customer 07139,customer07139@example.com,Canada,Montreal,2024-02-02,Regular
C07140,Customer 07140,customer07140@example.com,India,Hyderabad,2024-09-16,Regular
C07141,Customer 07141,customer07141@example.com,UAE,Dubai,2024-03-27,New
C07142,Customer 07142,customer07142@example.com,India,Chennai,2024-09-21,Regular
C07143,Customer 07143,customer07143@example.com,Australia,Brisbane,2025-06-25,Premium
C07144,Customer 07144,customer07144@example.com,India,Mumbai,2025-01-26,New
C07145,Customer 07145,customer07145@example.com,UAE,Abu Dhabi,2024-08-19,Regular
C07146,Customer 07146,customer07146@example.com,Canada,Montreal,2025-08-10,Regular
C07147,Customer 07147,customer07147@example.com,Australia,Brisbane,2025-03-22,Regular
C07148,Customer 07148,customer07148@example.com,India,Mumbai,2024-05-08,Premium
C07149,Customer 07149,customer07149@example.com,UK,Birmingham,2024-09-27,New
C07150,Customer 07150,customer07150@example.com,USA,Austin,2024-03-29,New
C07151,Customer 07151,customer07151@example.com,Australia,Melbourne,2025-04-10,New
C07152,Customer 07152,customer07152@example.com,India,Hyderabad,2024-06-18,Regular
C07153,Customer 07153,customer07153@example.com,Singapore,Singapore,2024-05-07,Regular
C07154,Customer 07154,customer07154@example.com,France,Marseille,2024-06-22,Premium
C07155,Customer 07155,customer07155@example.com,India,Chennai,2024-01-26,Premium
C07156,Customer 07156,customer07156@example.com,Germany,Munich,2025-07-26,New
C07157,Customer 07157,customer07157@example.com,USA,Seattle,2025-05-25,Premium
C07158,Customer 07158,customer07158@example.com,UK,Manchester,2025-05-02,Regular
C07159,Customer 07159,customer07159@example.com,India,Pune,2025-08-01,Regular
C07160,Customer 07160,customer07160@example.com,USA,San Francisco,2025-02-09,New
C07161,Customer 07161,customer07161@example.com,Australia,Sydney,2024-01-26,New
C07162,Customer 07162,customer07162@example.com,UK,Birmingham,2024-03-23,Regular
C07163,Customer 07163,customer07163@example.com,USA,Chicago,2024-12-29,Premium
C07164,Customer 07164,customer07164@example.com,Canada,Vancouver,2025-01-01,Regular
C07165,Customer 07165,customer07165@example.com,Canada,Montreal,2024-02-29,Premium
C07166,Customer 07166,customer07166@example.com,India,Hyderabad,2025-07-04,Premium
C07167,Customer 07167,customer07167@example.com,France,Marseille,2025-09-26,Regular
C07168,Customer 07168,customer07168@example.com,UK,London,2024-10-18,Premium
C07169,Customer 07169,customer07169@example.com,India,Hyderabad,2024-07-09,New
C07170,Customer 07170,customer07170@example.com,India,Hyderabad,2025-04-05,New
C07171,Customer 07171,customer07171@example.com,UK,Leeds,2025-10-25,Regular
C07172,Customer 07172,customer07172@example.com,France,Paris,2024-08-20,Regular
C07173,Customer 07173,customer07173@example.com,UK,London,2025-04-18,Regular
C07174,Customer 07174,customer07174@example.com,Australia,Brisbane,2025-02-08,Regular
C07175,Customer 07175,customer07175@example.com,India,Delhi,2025-10-19,Premium
C07176,Customer 07176,customer07176@example.com,UK,Birmingham,2024-09-27,Regular
C07177,Customer 07177,customer07177@example.com,Netherlands,Amsterdam,2024-05-13,Regular
C07178,Customer 07178,customer07178@example.com,Australia,Brisbane,2024-06-19,Regular
C07179,Customer 07179,customer07179@example.com,India,Mumbai,2025-02-18,Regular
C07180,Customer 07180,customer07180@example.com,UK,Birmingham,2024-01-28,New
C07181,Customer 07181,customer07181@example.com,India,Bengaluru,2024-05-15,Premium
C07182,Customer 07182,customer07182@example.com,UK,London,2025-02-08,Regular
C07183,Customer 07183,customer07183@example.com,Germany,Berlin,2025-05-19,Regular
C07184,Customer 07184,customer07184@example.com,Australia,Brisbane,2024-08-28,Premium
C07185,Customer 07185,customer07185@example.com,India,Hyderabad,2025-03-19,Premium
C07186,Customer 07186,customer07186@example.com,UAE,Dubai,2025-03-09,New
C07187,Customer 07187,customer07187@example.com,USA,San Francisco,2024-08-15,New
C07188,Customer 07188,customer07188@example.com,UK,Manchester,2025-05-23,Premium
C07189,Customer 07189,customer07189@example.com,UK,London,2024-10-29,VIP
C07190,Customer 07190,customer07190@example.com,USA,New York,2024-02-03,Regular
C07191,Customer 07191,customer07191@example.com,USA,New York,2024-01-02,Regular
C07192,Customer 07192,customer07192@example.com,UK,Manchester,2024-12-27,Regular
C07193,Customer 07193,customer07193@example.com,UK,Leeds,2024-07-13,Regular
C07194,Customer 07194,customer07194@example.com,India,Pune,2025-08-28,VIP
C07195,Customer 07195,customer07195@example.com,Germany,Hamburg,2024-11-03,Regular
C07196,Customer 07196,customer07196@example.com,USA,San Francisco,2025-10-08,Premium
C07197,Customer 07197,customer07197@example.com,India,Bengaluru,2025-12-16,Regular
C07198,Customer 07198,customer07198@example.com,Australia,Sydney,2024-09-06,Premium
C07199,Customer 07199,customer07199@example.com,UAE,Sharjah,2024-05-26,Regular
C07200,Customer 07200,customer07200@example.com,UAE,Dubai,2024-12-11,Premium
C07201,Customer 07201,customer07201@example.com,UK,Birmingham,2024-12-13,VIP
C07202,Customer 07202,customer07202@example.com,India,Mumbai,2024-09-10,Regular
C07203,Customer 07203,customer07203@example.com,USA,Seattle,2025-02-02,Regular
C07204,Customer 07204,customer07204@example.com,India,Pune,2024-11-29,New
C07205,Customer 07205,customer07205@example.com,UAE,Dubai,2024-06-24,Regular
C07206,Customer 07206,customer07206@example.com,India,Pune,2024-05-04,Premium
C07207,Customer 07207,customer07207@example.com,India,Delhi,2025-02-01,Regular
C07208,Customer 07208,customer07208@example.com,UK,Birmingham,2024-05-10,Premium
C07209,Customer 07209,customer07209@example.com,UK,Leeds,2025-07-15,Regular
C07210,Customer 07210,customer07210@example.com,Germany,Hamburg,2025-08-27,Regular
C07211,Customer 07211,customer07211@example.com,UK,Birmingham,2025-02-10,Regular
C07212,Customer 07212,customer07212@example.com,India,Mumbai,2024-11-29,Regular
C07213,Customer 07213,customer07213@example.com,India,Bengaluru,2024-01-20,New
C07214,Customer 07214,customer07214@example.com,UK,London,2024-07-23,Premium
C07215,Customer 07215,customer07215@example.com,India,Mumbai,2025-08-25,Premium
C07216,Customer 07216,customer07216@example.com,USA,New York,2024-12-20,Regular
C07217,Customer 07217,customer07217@example.com,USA,Seattle,2024-06-21,Regular
C07218,Customer 07218,customer07218@example.com,Canada,Vancouver,2024-07-07,Regular
C07219,Customer 07219,customer07219@example.com,UAE,Abu Dhabi,2024-01-02,Regular
C07220,Customer 07220,customer07220@example.com,UAE,Dubai,2024-06-16,Regular
C07221,Customer 07221,customer07221@example.com,UAE,Abu Dhabi,2025-01-02,Regular
C07222,Customer 07222,customer07222@example.com,India,Mumbai,2025-06-19,Premium
C07223,Customer 07223,customer07223@example.com,India,Bengaluru,2025-08-02,New
C07224,Customer 07224,customer07224@example.com,India,Delhi,2025-01-04,Regular
C07225,Customer 07225,customer07225@example.com,France,Paris,2025-12-06,VIP
C07226,Customer 07226,customer07226@example.com,Singapore,Singapore,2025-08-18,New
C07227,Customer 07227,customer07227@example.com,France,Paris,2025-03-12,Premium
C07228,Customer 07228,customer07228@example.com,India,Chennai,2024-07-25,Regular
C07229,Customer 07229,customer07229@example.com,UAE,Abu Dhabi,2024-02-18,New
C07230,Customer 07230,customer07230@example.com,UK,Manchester,2025-06-27,New
C07231,Customer 07231,customer07231@example.com,India,Pune,2025-11-12,New
C07232,Customer 07232,customer07232@example.com,UK,Leeds,2024-05-08,New
C07233,Customer 07233,customer07233@example.com,India,Hyderabad,2025-03-22,New
C07234,Customer 07234,customer07234@example.com,USA,Chicago,2025-09-05,Regular
C07235,Customer 07235,customer07235@example.com,India,Chennai,2024-02-04,New
C07236,Customer 07236,customer07236@example.com,UK,Leeds,2024-07-17,Regular
C07237,Customer 07237,customer07237@example.com,USA,Chicago,2024-03-17,Premium
C07238,Customer 07238,customer07238@example.com,France,Marseille,2025-01-03,Premium
C07239,Customer 07239,customer07239@example.com,Canada,Montreal,2025-06-09,Regular
C07240,Customer 07240,customer07240@example.com,UK,London,2024-12-14,Premium
C07241,Customer 07241,customer07241@example.com,Germany,Munich,2025-05-20,New
C07242,Customer 07242,customer07242@example.com,UAE,Sharjah,2025-10-04,New
C07243,Customer 07243,customer07243@example.com,India,Mumbai,2024-08-25,Regular
C07244,Customer 07244,customer07244@example.com,USA,New York,2024-10-06,Premium
C07245,Customer 07245,customer07245@example.com,India,Hyderabad,2025-07-30,Premium
C07246,Customer 07246,customer07246@example.com,India,Hyderabad,2025-03-07,Regular
C07247,Customer 07247,customer07247@example.com,Canada,Toronto,2024-05-17,Regular
C07248,Customer 07248,customer07248@example.com,France,Marseille,2024-09-25,Regular
C07249,Customer 07249,customer07249@example.com,India,Pune,2024-07-19,New
C07250,Customer 07250,customer07250@example.com,Germany,Munich,2024-05-21,Regular
C07251,Customer 07251,customer07251@example.com,France,Lyon,2025-09-03,Regular
C07252,Customer 07252,customer07252@example.com,UAE,Dubai,2025-10-11,New
C07253,Customer 07253,customer07253@example.com,India,Delhi,2025-11-10,New
C07254,Customer 07254,customer07254@example.com,UAE,Dubai,2025-09-02,Premium
C07255,Customer 07255,customer07255@example.com,India,Pune,2024-12-20,Regular
C07256,Customer 07256,customer07256@example.com,USA,New York,2025-07-31,Regular
C07257,Customer 07257,customer07257@example.com,India,Hyderabad,2024-11-24,Regular
C07258,Customer 07258,customer07258@example.com,India,Pune,2025-07-12,VIP
C07259,Customer 07259,customer07259@example.com,Australia,Melbourne,2024-08-18,Regular
C07260,Customer 07260,customer07260@example.com,UK,Birmingham,2024-11-03,New
C07261,Customer 07261,customer07261@example.com,India,Bengaluru,2025-10-19,Regular
C07262,Customer 07262,customer07262@example.com,India,Pune,2025-12-19,Regular
C07263,Customer 07263,customer07263@example.com,Canada,Vancouver,2024-05-25,New
C07264,Customer 07264,customer07264@example.com,India,Delhi,2024-05-31,Regular
C07265,Customer 07265,customer07265@example.com,Germany,Hamburg,2024-05-19,Regular
C07266,Customer 07266,customer07266@example.com,India,Hyderabad,2025-10-24,Regular
C07267,Customer 07267,customer07267@example.com,India,Chennai,2024-01-21,Regular
C07268,Customer 07268,customer07268@example.com,UK,Leeds,2024-09-10,Regular
C07269,Customer 07269,customer07269@example.com,UK,Leeds,2024-03-04,Premium
C07270,Customer 07270,customer07270@example.com,UK,Leeds,2024-08-05,Premium
C07271,Customer 07271,customer07271@example.com,India,Delhi,2024-03-12,Regular
C07272,Customer 07272,customer07272@example.com,Singapore,Singapore,2024-06-10,Regular
C07273,Customer 07273,customer07273@example.com,USA,San Francisco,2024-05-09,Premium
C07274,Customer 07274,customer07274@example.com,India,Bengaluru,2025-08-03,Premium
C07275,Customer 07275,customer07275@example.com,UK,London,2024-08-12,Premium
C07276,Customer 07276,customer07276@example.com,France,Lyon,2025-08-02,New
C07277,Customer 07277,customer07277@example.com,India,Pune,2025-03-29,New
C07278,Customer 07278,customer07278@example.com,India,Delhi,2025-01-18,VIP
C07279,Customer 07279,customer07279@example.com,Australia,Sydney,2024-04-16,VIP
C07280,Customer 07280,customer07280@example.com,USA,San Francisco,2025-09-12,Regular
C07281,Customer 07281,customer07281@example.com,USA,San Francisco,2024-04-12,VIP
C07282,Customer 07282,customer07282@example.com,India,Mumbai,2024-05-20,Premium
C07283,Customer 07283,customer07283@example.com,India,Mumbai,2025-07-30,Regular
C07284,Customer 07284,customer07284@example.com,USA,Austin,2024-05-13,Regular
C07285,Customer 07285,customer07285@example.com,India,Delhi,2024-07-17,Regular
C07286,Customer 07286,customer07286@example.com,UK,London,2025-05-24,Regular
C07287,Customer 07287,customer07287@example.com,USA,New York,2025-10-28,VIP
C07288,Customer 07288,customer07288@example.com,India,Mumbai,2024-03-19,Regular
C07289,Customer 07289,customer07289@example.com,UAE,Sharjah,2025-04-26,Premium
C07290,Customer 07290,customer07290@example.com,Germany,Munich,2025-05-26,Premium
C07291,Customer 07291,customer07291@example.com,Australia,Sydney,2024-09-06,New
C07292,Customer 07292,customer07292@example.com,India,Delhi,2025-08-21,New
C07293,Customer 07293,customer07293@example.com,India,Mumbai,2025-08-22,Regular
C07294,Customer 07294,customer07294@example.com,UK,Manchester,2025-04-27,Regular
C07295,Customer 07295,customer07295@example.com,India,Bengaluru,2024-06-20,Regular
C07296,Customer 07296,customer07296@example.com,Singapore,Singapore,2024-01-17,New
C07297,Customer 07297,customer07297@example.com,India,Delhi,2024-10-20,Regular
C07298,Customer 07298,customer07298@example.com,UK,Manchester,2025-01-28,New
C07299,Customer 07299,customer07299@example.com,UK,Birmingham,2025-05-12,Regular
C07300,Customer 07300,customer07300@example.com,USA,Seattle,2024-08-06,New
C07301,Customer 07301,customer07301@example.com,India,Hyderabad,2024-08-21,VIP
C07302,Customer 07302,customer07302@example.com,UK,Birmingham,2025-01-24,Regular
C07303,Customer 07303,customer07303@example.com,India,Delhi,2024-09-04,Premium
C07304,Customer 07304,customer07304@example.com,France,Paris,2024-02-21,VIP
C07305,Customer 07305,customer07305@example.com,India,Pune,2024-01-15,Premium
C07306,Customer 07306,customer07306@example.com,UAE,Abu Dhabi,2024-11-19,Regular
C07307,Customer 07307,customer07307@example.com,Germany,Hamburg,2025-03-16,Premium
C07308,Customer 07308,customer07308@example.com,India,Bengaluru,2024-04-21,New
C07309,Customer 07309,customer07309@example.com,Germany,Berlin,2025-11-26,New
C07310,Customer 07310,customer07310@example.com,India,Hyderabad,2024-01-07,Premium
C07311,Customer 07311,customer07311@example.com,Singapore,Singapore,2025-07-16,New
C07312,Customer 07312,customer07312@example.com,USA,New York,2024-09-01,VIP
C07313,Customer 07313,customer07313@example.com,India,Pune,2025-03-23,Regular
C07314,Customer 07314,customer07314@example.com,UK,Manchester,2024-12-30,Regular
C07315,Customer 07315,customer07315@example.com,India,Delhi,2025-01-01,New
C07316,Customer 07316,customer07316@example.com,Netherlands,Rotterdam,2025-11-28,Premium
C07317,Customer 07317,customer07317@example.com,India,Hyderabad,2024-10-13,Regular
C07318,Customer 07318,customer07318@example.com,Canada,Montreal,2025-08-26,Regular
C07319,Customer 07319,customer07319@example.com,UK,Birmingham,2024-04-15,Regular
C07320,Customer 07320,customer07320@example.com,UAE,Abu Dhabi,2024-01-13,New
C07321,Customer 07321,customer07321@example.com,India,Chennai,2024-05-25,Regular
C07322,Customer 07322,customer07322@example.com,USA,Seattle,2025-04-22,Regular
C07323,Customer 07323,customer07323@example.com,UK,London,2025-09-22,New
C07324,Customer 07324,customer07324@example.com,Canada,Toronto,2025-12-15,New
C07325,Customer 07325,customer07325@example.com,India,Mumbai,2025-10-14,Regular
C07326,Customer 07326,customer07326@example.com,India,Hyderabad,2024-04-24,Premium
C07327,Customer 07327,customer07327@example.com,India,Mumbai,2025-05-23,Regular
C07328,Customer 07328,customer07328@example.com,Australia,Brisbane,2024-05-31,Regular
C07329,Customer 07329,customer07329@example.com,India,Hyderabad,2024-02-26,Regular
C07330,Customer 07330,customer07330@example.com,USA,Seattle,2025-01-16,Regular
C07331,Customer 07331,customer07331@example.com,India,Hyderabad,2024-06-05,Regular
C07332,Customer 07332,customer07332@example.com,France,Paris,2024-05-12,Regular
C07333,Customer 07333,customer07333@example.com,UAE,Sharjah,2024-06-11,Regular
C07334,Customer 07334,customer07334@example.com,USA,San Francisco,2024-10-01,New
C07335,Customer 07335,customer07335@example.com,UK,Leeds,2025-11-25,Regular
C07336,Customer 07336,customer07336@example.com,India,Pune,2024-03-17,Regular
C07337,Customer 07337,customer07337@example.com,India,Chennai,2024-02-13,Regular
C07338,Customer 07338,customer07338@example.com,India,Bengaluru,2025-12-18,Premium
C07339,Customer 07339,customer07339@example.com,Canada,Montreal,2025-07-03,Regular
C07340,Customer 07340,customer07340@example.com,USA,San Francisco,2024-11-13,Regular
C07341,Customer 07341,customer07341@example.com,UAE,Dubai,2025-06-17,Premium
C07342,Customer 07342,customer07342@example.com,UK,London,2025-08-07,New
C07343,Customer 07343,customer07343@example.com,Canada,Toronto,2024-06-02,Premium
C07344,Customer 07344,customer07344@example.com,UK,Manchester,2024-08-24,New
C07345,Customer 07345,customer07345@example.com,USA,Seattle,2025-05-31,Premium
C07346,Customer 07346,customer07346@example.com,India,Pune,2024-08-08,New
C07347,Customer 07347,customer07347@example.com,UK,London,2024-11-05,Regular
C07348,Customer 07348,customer07348@example.com,UK,Leeds,2025-08-20,Regular
C07349,Customer 07349,customer07349@example.com,Canada,Montreal,2024-06-25,Premium
C07350,Customer 07350,customer07350@example.com,UAE,Dubai,2024-08-07,Regular
C07351,Customer 07351,customer07351@example.com,India,Bengaluru,2024-02-07,Premium
C07352,Customer 07352,customer07352@example.com,India,Pune,2025-10-15,Regular
C07353,Customer 07353,customer07353@example.com,UK,Manchester,2025-03-06,New
C07354,Customer 07354,customer07354@example.com,USA,New York,2024-07-21,Regular
C07355,Customer 07355,customer07355@example.com,India,Bengaluru,2025-03-23,Regular
C07356,Customer 07356,customer07356@example.com,Australia,Brisbane,2025-05-09,Regular
C07357,Customer 07357,customer07357@example.com,Netherlands,Amsterdam,2025-11-14,Premium
C07358,Customer 07358,customer07358@example.com,UAE,Abu Dhabi,2024-05-04,Premium
C07359,Customer 07359,customer07359@example.com,India,Hyderabad,2024-03-05,Regular
C07360,Customer 07360,customer07360@example.com,France,Lyon,2024-08-31,VIP
C07361,Customer 07361,customer07361@example.com,Canada,Montreal,2025-06-10,New
C07362,Customer 07362,customer07362@example.com,UK,Manchester,2024-08-13,New
C07363,Customer 07363,customer07363@example.com,USA,San Francisco,2025-04-09,Premium
C07364,Customer 07364,customer07364@example.com,Germany,Berlin,2025-10-04,Premium
C07365,Customer 07365,customer07365@example.com,UK,London,2025-12-07,New
C07366,Customer 07366,customer07366@example.com,UK,London,2024-10-19,Regular
C07367,Customer 07367,customer07367@example.com,UK,Leeds,2025-12-21,Premium
C07368,Customer 07368,customer07368@example.com,USA,San Francisco,2025-01-15,New
C07369,Customer 07369,customer07369@example.com,India,Chennai,2025-09-16,Regular
C07370,Customer 07370,customer07370@example.com,UAE,Dubai,2024-06-14,Regular
C07371,Customer 07371,customer07371@example.com,Canada,Toronto,2025-12-03,VIP
C07372,Customer 07372,customer07372@example.com,USA,Chicago,2024-08-05,Premium
C07373,Customer 07373,customer07373@example.com,India,Delhi,2024-10-01,Premium
C07374,Customer 07374,customer07374@example.com,USA,Austin,2024-02-21,Regular
C07375,Customer 07375,customer07375@example.com,India,Pune,2025-01-08,Regular
C07376,Customer 07376,customer07376@example.com,India,Pune,2025-10-31,New
C07377,Customer 07377,customer07377@example.com,USA,Seattle,2024-12-28,VIP
C07378,Customer 07378,customer07378@example.com,UK,Birmingham,2025-07-20,Regular
C07379,Customer 07379,customer07379@example.com,USA,New York,2024-01-14,Regular
C07380,Customer 07380,customer07380@example.com,India,Pune,2024-12-05,Premium
C07381,Customer 07381,customer07381@example.com,UK,Manchester,2025-08-24,New
C07382,Customer 07382,customer07382@example.com,India,Mumbai,2025-06-22,VIP
C07383,Customer 07383,customer07383@example.com,Netherlands,Amsterdam,2024-03-29,Regular
C07384,Customer 07384,customer07384@example.com,USA,New York,2024-02-10,Regular
C07385,Customer 07385,customer07385@example.com,Canada,Montreal,2024-10-30,New
C07386,Customer 07386,customer07386@example.com,India,Bengaluru,2024-09-24,Premium
C07387,Customer 07387,customer07387@example.com,India,Mumbai,2024-05-17,Premium
C07388,Customer 07388,customer07388@example.com,Singapore,Singapore,2024-01-06,New
C07389,Customer 07389,customer07389@example.com,India,Hyderabad,2024-08-29,New
C07390,Customer 07390,customer07390@example.com,UK,Birmingham,2024-06-10,Premium
C07391,Customer 07391,customer07391@example.com,USA,Chicago,2025-11-22,New
C07392,Customer 07392,customer07392@example.com,India,Delhi,2025-06-01,Regular
C07393,Customer 07393,customer07393@example.com,Germany,Berlin,2025-02-04,Regular
C07394,Customer 07394,customer07394@example.com,USA,Austin,2024-06-04,Premium
C07395,Customer 07395,customer07395@example.com,India,Chennai,2024-03-25,Regular
C07396,Customer 07396,customer07396@example.com,India,Bengaluru,2025-12-12,Regular
C07397,Customer 07397,customer07397@example.com,India,Delhi,2024-01-10,VIP
C07398,Customer 07398,customer07398@example.com,France,Paris,2024-05-17,Regular
C07399,Customer 07399,customer07399@example.com,Canada,Montreal,2025-12-13,Regular
C07400,Customer 07400,customer07400@example.com,India,Hyderabad,2024-06-04,New
C07401,Customer 07401,customer07401@example.com,India,Bengaluru,2025-02-11,VIP
C07402,Customer 07402,customer07402@example.com,Canada,Toronto,2024-08-12,Regular
C07403,Customer 07403,customer07403@example.com,USA,San Francisco,2025-08-02,New
C07404,Customer 07404,customer07404@example.com,UK,Leeds,2024-07-02,Regular
C07405,Customer 07405,customer07405@example.com,UK,Manchester,2024-07-13,Regular
C07406,Customer 07406,customer07406@example.com,India,Hyderabad,2025-07-07,VIP
C07407,Customer 07407,customer07407@example.com,Canada,Vancouver,2025-01-30,Regular
C07408,Customer 07408,customer07408@example.com,Singapore,Singapore,2025-10-24,Regular
C07409,Customer 07409,customer07409@example.com,India,Hyderabad,2025-08-18,Regular
C07410,Customer 07410,customer07410@example.com,USA,New York,2024-05-13,New
C07411,Customer 07411,customer07411@example.com,UK,Manchester,2024-11-04,Premium
C07412,Customer 07412,customer07412@example.com,UK,London,2025-06-25,New
C07413,Customer 07413,customer07413@example.com,India,Pune,2024-01-09,Regular
C07414,Customer 07414,customer07414@example.com,Germany,Hamburg,2024-06-18,Premium
C07415,Customer 07415,customer07415@example.com,UK,Birmingham,2024-10-16,Regular
C07416,Customer 07416,customer07416@example.com,USA,Seattle,2024-06-16,New
C07417,Customer 07417,customer07417@example.com,India,Pune,2024-12-09,VIP
C07418,Customer 07418,customer07418@example.com,India,Delhi,2025-05-11,Regular
C07419,Customer 07419,customer07419@example.com,India,Pune,2024-05-24,Regular
C07420,Customer 07420,customer07420@example.com,Canada,Toronto,2025-02-16,Premium
C07421,Customer 07421,customer07421@example.com,India,Bengaluru,2025-08-10,Premium
C07422,Customer 07422,customer07422@example.com,Canada,Toronto,2025-11-19,Regular
C07423,Customer 07423,customer07423@example.com,UK,Birmingham,2025-04-01,Regular
C07424,Customer 07424,customer07424@example.com,UK,Leeds,2025-12-01,Premium
C07425,Customer 07425,customer07425@example.com,UK,Leeds,2024-10-28,New
C07426,Customer 07426,customer07426@example.com,UK,Manchester,2024-02-15,New
C07427,Customer 07427,customer07427@example.com,India,Bengaluru,2024-01-17,Premium
C07428,Customer 07428,customer07428@example.com,India,Chennai,2025-07-31,Regular
C07429,Customer 07429,customer07429@example.com,Canada,Montreal,2024-12-25,New
C07430,Customer 07430,customer07430@example.com,Canada,Toronto,2024-09-17,Regular
C07431,Customer 07431,customer07431@example.com,India,Chennai,2024-05-02,New
C07432,Customer 07432,customer07432@example.com,UK,Manchester,2024-08-18,New
C07433,Customer 07433,customer07433@example.com,India,Pune,2025-09-28,New
C07434,Customer 07434,customer07434@example.com,India,Delhi,2024-04-21,Premium
C07435,Customer 07435,customer07435@example.com,India,Chennai,2025-08-15,Premium
C07436,Customer 07436,customer07436@example.com,France,Paris,2024-09-02,Regular
C07437,Customer 07437,customer07437@example.com,India,Pune,2025-01-25,New
C07438,Customer 07438,customer07438@example.com,India,Mumbai,2025-01-26,Premium
C07439,Customer 07439,customer07439@example.com,India,Mumbai,2024-11-23,Regular
C07440,Customer 07440,customer07440@example.com,India,Delhi,2024-08-02,Regular
C07441,Customer 07441,customer07441@example.com,USA,New York,2025-01-01,Premium
C07442,Customer 07442,customer07442@example.com,India,Chennai,2024-03-22,Regular
C07443,Customer 07443,customer07443@example.com,India,Bengaluru,2024-03-16,Regular
C07444,Customer 07444,customer07444@example.com,USA,Chicago,2025-06-10,VIP
C07445,Customer 07445,customer07445@example.com,India,Hyderabad,2025-05-17,Regular
C07446,Customer 07446,customer07446@example.com,Canada,Montreal,2025-04-23,Regular
C07447,Customer 07447,customer07447@example.com,USA,New York,2025-01-06,Regular
C07448,Customer 07448,customer07448@example.com,India,Chennai,2024-09-21,Regular
C07449,Customer 07449,customer07449@example.com,Canada,Vancouver,2024-09-20,Premium
C07450,Customer 07450,customer07450@example.com,India,Chennai,2024-04-19,Premium
C07451,Customer 07451,customer07451@example.com,USA,San Francisco,2024-11-02,New
C07452,Customer 07452,customer07452@example.com,UK,Manchester,2024-07-18,New
C07453,Customer 07453,customer07453@example.com,India,Delhi,2024-08-13,VIP
C07454,Customer 07454,customer07454@example.com,USA,Chicago,2024-07-03,Regular
C07455,Customer 07455,customer07455@example.com,France,Lyon,2024-01-31,New
C07456,Customer 07456,customer07456@example.com,Netherlands,Amsterdam,2025-09-05,Regular
C07457,Customer 07457,customer07457@example.com,USA,Chicago,2024-04-08,Regular
C07458,Customer 07458,customer07458@example.com,UK,London,2024-12-04,New
C07459,Customer 07459,customer07459@example.com,India,Bengaluru,2024-09-22,New
C07460,Customer 07460,customer07460@example.com,India,Pune,2025-10-13,Premium
C07461,Customer 07461,customer07461@example.com,UK,Leeds,2024-12-15,Regular
C07462,Customer 07462,customer07462@example.com,UK,Leeds,2025-12-28,Regular
C07463,Customer 07463,customer07463@example.com,UAE,Dubai,2025-06-27,New
C07464,Customer 07464,customer07464@example.com,UK,Manchester,2025-04-01,Regular
C07465,Customer 07465,customer07465@example.com,UK,London,2024-03-28,Regular
C07466,Customer 07466,customer07466@example.com,UK,London,2024-03-03,Regular
C07467,Customer 07467,customer07467@example.com,Germany,Hamburg,2025-01-21,Regular
C07468,Customer 07468,customer07468@example.com,Canada,Vancouver,2025-04-03,New
C07469,Customer 07469,customer07469@example.com,USA,Austin,2025-08-08,Regular
C07470,Customer 07470,customer07470@example.com,India,Bengaluru,2025-09-27,VIP
C07471,Customer 07471,customer07471@example.com,Germany,Munich,2024-09-25,Regular
C07472,Customer 07472,customer07472@example.com,India,Mumbai,2025-09-24,Regular
C07473,Customer 07473,customer07473@example.com,France,Lyon,2024-12-11,Regular
C07474,Customer 07474,customer07474@example.com,USA,San Francisco,2025-12-24,Regular
C07475,Customer 07475,customer07475@example.com,UK,Leeds,2025-10-21,Premium
C07476,Customer 07476,customer07476@example.com,UK,London,2024-03-18,Regular
C07477,Customer 07477,customer07477@example.com,Canada,Toronto,2024-12-30,Premium
C07478,Customer 07478,customer07478@example.com,India,Pune,2024-01-14,New
C07479,Customer 07479,customer07479@example.com,France,Paris,2024-05-15,Premium
C07480,Customer 07480,customer07480@example.com,UK,Manchester,2024-10-30,New
C07481,Customer 07481,customer07481@example.com,India,Bengaluru,2025-01-31,New
C07482,Customer 07482,customer07482@example.com,India,Hyderabad,2024-03-19,New
C07483,Customer 07483,customer07483@example.com,UK,Leeds,2025-12-05,New
C07484,Customer 07484,customer07484@example.com,UK,London,2025-02-21,Regular
C07485,Customer 07485,customer07485@example.com,UK,London,2024-08-29,Regular
C07486,Customer 07486,customer07486@example.com,Canada,Toronto,2024-02-20,Regular
C07487,Customer 07487,customer07487@example.com,UK,Leeds,2025-01-18,New
C07488,Customer 07488,customer07488@example.com,Singapore,Singapore,2025-01-09,Regular
C07489,Customer 07489,customer07489@example.com,USA,Seattle,2025-12-30,Regular
C07490,Customer 07490,customer07490@example.com,Germany,Berlin,2024-07-24,Regular
C07491,Customer 07491,customer07491@example.com,India,Pune,2025-05-03,New
C07492,Customer 07492,customer07492@example.com,UK,Birmingham,2025-01-15,New
C07493,Customer 07493,customer07493@example.com,India,Bengaluru,2024-11-06,Regular
C07494,Customer 07494,customer07494@example.com,USA,New York,2025-01-09,Premium
C07495,Customer 07495,customer07495@example.com,France,Lyon,2025-09-23,Regular
C07496,Customer 07496,customer07496@example.com,India,Bengaluru,2025-08-14,New
C07497,Customer 07497,customer07497@example.com,India,Hyderabad,2024-02-11,New
C07498,Customer 07498,customer07498@example.com,France,Paris,2025-06-16,Regular
C07499,Customer 07499,customer07499@example.com,India,Pune,2025-06-05,Regular
C07500,Customer 07500,customer07500@example.com,Canada,Vancouver,2024-06-01,Regular
C07501,Customer 07501,customer07501@example.com,USA,Chicago,2024-11-07,New
C07502,Customer 07502,customer07502@example.com,Germany,Munich,2024-10-20,Regular
C07503,Customer 07503,customer07503@example.com,India,Bengaluru,2025-08-20,Regular
C07504,Customer 07504,customer07504@example.com,India,Hyderabad,2024-04-22,Regular
C07505,Customer 07505,customer07505@example.com,USA,Seattle,2025-12-01,New
C07506,Customer 07506,customer07506@example.com,UAE,Sharjah,2024-04-21,Regular
C07507,Customer 07507,customer07507@example.com,UK,Leeds,2024-06-23,Regular
C07508,Customer 07508,customer07508@example.com,India,Hyderabad,2024-10-28,Premium
C07509,Customer 07509,customer07509@example.com,USA,Seattle,2025-05-30,Premium
C07510,Customer 07510,customer07510@example.com,UAE,Dubai,2024-08-08,New
C07511,Customer 07511,customer07511@example.com,Germany,Berlin,2024-06-19,New
C07512,Customer 07512,customer07512@example.com,Netherlands,Rotterdam,2024-11-13,Regular
C07513,Customer 07513,customer07513@example.com,India,Bengaluru,2024-07-31,Regular
C07514,Customer 07514,customer07514@example.com,India,Delhi,2024-09-09,Premium
C07515,Customer 07515,customer07515@example.com,USA,Austin,2024-05-03,Regular
C07516,Customer 07516,customer07516@example.com,Germany,Berlin,2025-10-01,Premium
C07517,Customer 07517,customer07517@example.com,India,Delhi,2024-07-31,Regular
C07518,Customer 07518,customer07518@example.com,India,Pune,2025-09-15,Premium
C07519,Customer 07519,customer07519@example.com,Germany,Berlin,2024-03-25,Regular
C07520,Customer 07520,customer07520@example.com,India,Pune,2025-05-30,Regular
C07521,Customer 07521,customer07521@example.com,UK,Birmingham,2024-03-05,Regular
C07522,Customer 07522,customer07522@example.com,UK,Birmingham,2024-11-13,Premium
C07523,Customer 07523,customer07523@example.com,USA,Chicago,2024-12-11,Regular
C07524,Customer 07524,customer07524@example.com,Australia,Melbourne,2025-09-23,Premium
C07525,Customer 07525,customer07525@example.com,UK,Manchester,2024-08-30,Regular
C07526,Customer 07526,customer07526@example.com,USA,New York,2024-05-16,Regular
C07527,Customer 07527,customer07527@example.com,USA,San Francisco,2024-09-03,VIP
C07528,Customer 07528,customer07528@example.com,USA,New York,2025-03-16,Premium
C07529,Customer 07529,customer07529@example.com,USA,Austin,2024-02-14,Premium
C07530,Customer 07530,customer07530@example.com,India,Bengaluru,2025-10-19,Regular
C07531,Customer 07531,customer07531@example.com,India,Hyderabad,2025-11-18,VIP
C07532,Customer 07532,customer07532@example.com,India,Delhi,2025-07-07,Premium
C07533,Customer 07533,customer07533@example.com,India,Delhi,2024-03-29,Regular
C07534,Customer 07534,customer07534@example.com,UK,Leeds,2025-12-30,Premium
C07535,Customer 07535,customer07535@example.com,Germany,Berlin,2024-08-15,New
C07536,Customer 07536,customer07536@example.com,Canada,Vancouver,2024-10-17,New
C07537,Customer 07537,customer07537@example.com,Germany,Berlin,2025-02-25,Regular
C07538,Customer 07538,customer07538@example.com,UK,Birmingham,2024-03-07,New
C07539,Customer 07539,customer07539@example.com,UK,Manchester,2024-09-07,Regular
C07540,Customer 07540,customer07540@example.com,UK,Manchester,2024-02-10,Regular
C07541,Customer 07541,customer07541@example.com,India,Chennai,2024-04-08,New
C07542,Customer 07542,customer07542@example.com,India,Chennai,2024-11-01,Regular
C07543,Customer 07543,customer07543@example.com,USA,Chicago,2025-03-31,Regular
C07544,Customer 07544,customer07544@example.com,Netherlands,Amsterdam,2025-08-13,New
C07545,Customer 07545,customer07545@example.com,India,Delhi,2024-10-27,New
C07546,Customer 07546,customer07546@example.com,India,Chennai,2024-07-17,Regular
C07547,Customer 07547,customer07547@example.com,Australia,Melbourne,2025-10-20,Premium
C07548,Customer 07548,customer07548@example.com,India,Bengaluru,2025-05-02,Premium
C07549,Customer 07549,customer07549@example.com,Germany,Hamburg,2024-04-15,New
C07550,Customer 07550,customer07550@example.com,Canada,Vancouver,2025-02-04,Regular
C07551,Customer 07551,customer07551@example.com,UAE,Abu Dhabi,2025-12-05,Regular
C07552,Customer 07552,customer07552@example.com,UK,Birmingham,2025-04-21,Regular
C07553,Customer 07553,customer07553@example.com,Canada,Toronto,2024-05-01,Premium
C07554,Customer 07554,customer07554@example.com,UK,Leeds,2024-03-17,Regular
C07555,Customer 07555,customer07555@example.com,USA,Chicago,2024-11-07,Regular
C07556,Customer 07556,customer07556@example.com,UK,Manchester,2024-04-21,New
C07557,Customer 07557,customer07557@example.com,India,Mumbai,2025-11-12,VIP
C07558,Customer 07558,customer07558@example.com,UK,Leeds,2025-06-01,Regular
C07559,Customer 07559,customer07559@example.com,USA,San Francisco,2024-07-15,Regular
C07560,Customer 07560,customer07560@example.com,Germany,Berlin,2024-04-07,Regular
C07561,Customer 07561,customer07561@example.com,Australia,Brisbane,2025-04-03,Regular
C07562,Customer 07562,customer07562@example.com,Canada,Toronto,2024-08-17,Premium
C07563,Customer 07563,customer07563@example.com,India,Chennai,2024-06-16,New
C07564,Customer 07564,customer07564@example.com,Australia,Sydney,2024-01-08,Regular
C07565,Customer 07565,customer07565@example.com,UK,Leeds,2024-06-20,Regular
C07566,Customer 07566,customer07566@example.com,France,Paris,2024-12-25,New
C07567,Customer 07567,customer07567@example.com,UAE,Dubai,2024-07-13,New
C07568,Customer 07568,customer07568@example.com,India,Delhi,2024-09-25,Regular
C07569,Customer 07569,customer07569@example.com,Germany,Hamburg,2024-01-19,Regular
C07570,Customer 07570,customer07570@example.com,India,Chennai,2024-12-19,Regular
C07571,Customer 07571,customer07571@example.com,UK,London,2024-02-18,New
C07572,Customer 07572,customer07572@example.com,USA,Seattle,2025-04-08,Premium
C07573,Customer 07573,customer07573@example.com,India,Chennai,2024-12-21,Premium
C07574,Customer 07574,customer07574@example.com,Australia,Melbourne,2024-06-06,Premium
C07575,Customer 07575,customer07575@example.com,India,Delhi,2024-03-06,Regular
C07576,Customer 07576,customer07576@example.com,India,Pune,2025-07-24,Regular
C07577,Customer 07577,customer07577@example.com,USA,New York,2024-11-03,Regular
C07578,Customer 07578,customer07578@example.com,Canada,Vancouver,2024-12-02,New
C07579,Customer 07579,customer07579@example.com,UAE,Abu Dhabi,2025-11-01,Premium
C07580,Customer 07580,customer07580@example.com,Canada,Toronto,2024-04-30,Premium
C07581,Customer 07581,customer07581@example.com,Canada,Toronto,2025-02-07,Premium
C07582,Customer 07582,customer07582@example.com,UK,London,2025-10-08,Regular
C07583,Customer 07583,customer07583@example.com,India,Pune,2025-07-21,Premium
C07584,Customer 07584,customer07584@example.com,India,Pune,2024-04-05,Premium
C07585,Customer 07585,customer07585@example.com,USA,Seattle,2024-04-23,Regular
C07586,Customer 07586,customer07586@example.com,Canada,Toronto,2025-03-04,Regular
C07587,Customer 07587,customer07587@example.com,UK,Manchester,2025-06-23,Regular
C07588,Customer 07588,customer07588@example.com,Australia,Melbourne,2024-01-02,New
C07589,Customer 07589,customer07589@example.com,USA,Austin,2024-07-30,Premium
C07590,Customer 07590,customer07590@example.com,India,Bengaluru,2025-08-02,Regular
C07591,Customer 07591,customer07591@example.com,India,Pune,2025-10-01,Regular
C07592,Customer 07592,customer07592@example.com,Germany,Berlin,2024-11-28,Regular
C07593,Customer 07593,customer07593@example.com,Australia,Sydney,2024-01-24,Regular
C07594,Customer 07594,customer07594@example.com,France,Lyon,2025-01-02,New
C07595,Customer 07595,customer07595@example.com,India,Pune,2025-05-20,VIP
C07596,Customer 07596,customer07596@example.com,Netherlands,Rotterdam,2024-06-24,New
C07597,Customer 07597,customer07597@example.com,India,Bengaluru,2025-03-04,Premium
C07598,Customer 07598,customer07598@example.com,India,Pune,2025-03-17,Premium
C07599,Customer 07599,customer07599@example.com,Netherlands,Rotterdam,2025-07-01,New
C07600,Customer 07600,customer07600@example.com,India,Chennai,2025-05-28,Premium
C07601,Customer 07601,customer07601@example.com,Canada,Montreal,2024-12-26,Regular
C07602,Customer 07602,customer07602@example.com,India,Chennai,2024-09-30,Regular
C07603,Customer 07603,customer07603@example.com,USA,New York,2024-06-25,Regular
C07604,Customer 07604,customer07604@example.com,UAE,Abu Dhabi,2024-09-20,Regular
C07605,Customer 07605,customer07605@example.com,India,Delhi,2024-07-04,New
C07606,Customer 07606,customer07606@example.com,Canada,Toronto,2025-06-10,Premium
C07607,Customer 07607,customer07607@example.com,India,Pune,2024-10-05,Regular
C07608,Customer 07608,customer07608@example.com,USA,Seattle,2025-12-06,New
C07609,Customer 07609,customer07609@example.com,India,Bengaluru,2024-07-16,Regular
C07610,Customer 07610,customer07610@example.com,India,Mumbai,2024-12-14,Regular
C07611,Customer 07611,customer07611@example.com,India,Pune,2025-02-24,Regular
C07612,Customer 07612,customer07612@example.com,India,Delhi,2024-10-31,New
C07613,Customer 07613,customer07613@example.com,UAE,Sharjah,2024-03-04,Regular
C07614,Customer 07614,customer07614@example.com,UK,London,2024-10-16,New
C07615,Customer 07615,customer07615@example.com,India,Pune,2024-01-18,Regular
C07616,Customer 07616,customer07616@example.com,UK,London,2024-03-04,Premium
C07617,Customer 07617,customer07617@example.com,India,Delhi,2024-11-25,New
C07618,Customer 07618,customer07618@example.com,Australia,Brisbane,2024-01-17,Regular
C07619,Customer 07619,customer07619@example.com,Singapore,Singapore,2025-03-18,Premium
C07620,Customer 07620,customer07620@example.com,UK,London,2024-05-20,New
C07621,Customer 07621,customer07621@example.com,France,Lyon,2024-11-03,New
C07622,Customer 07622,customer07622@example.com,USA,Seattle,2025-03-19,Regular
C07623,Customer 07623,customer07623@example.com,India,Mumbai,2025-05-10,Premium
C07624,Customer 07624,customer07624@example.com,Canada,Montreal,2025-03-01,Premium
C07625,Customer 07625,customer07625@example.com,USA,San Francisco,2025-04-19,Premium
C07626,Customer 07626,customer07626@example.com,Canada,Montreal,2024-09-01,Regular
C07627,Customer 07627,customer07627@example.com,France,Marseille,2025-03-25,Premium
C07628,Customer 07628,customer07628@example.com,UK,Manchester,2024-12-16,New
C07629,Customer 07629,customer07629@example.com,UAE,Sharjah,2025-08-21,Regular
C07630,Customer 07630,customer07630@example.com,Australia,Sydney,2025-12-11,Regular
C07631,Customer 07631,customer07631@example.com,UK,Birmingham,2024-06-09,New
C07632,Customer 07632,customer07632@example.com,USA,New York,2024-05-19,Regular
C07633,Customer 07633,customer07633@example.com,India,Chennai,2025-05-07,Regular
C07634,Customer 07634,customer07634@example.com,Netherlands,Rotterdam,2025-08-10,Regular
C07635,Customer 07635,customer07635@example.com,Canada,Toronto,2025-06-14,Regular
C07636,Customer 07636,customer07636@example.com,India,Hyderabad,2025-01-27,Premium
C07637,Customer 07637,customer07637@example.com,India,Delhi,2025-02-04,Regular
C07638,Customer 07638,customer07638@example.com,USA,Austin,2024-02-19,Regular
C07639,Customer 07639,customer07639@example.com,India,Delhi,2024-10-21,Regular
C07640,Customer 07640,customer07640@example.com,India,Chennai,2025-02-28,Regular
C07641,Customer 07641,customer07641@example.com,UK,London,2024-01-12,New
C07642,Customer 07642,customer07642@example.com,India,Mumbai,2024-11-30,Premium
C07643,Customer 07643,customer07643@example.com,UK,Birmingham,2024-01-15,New
C07644,Customer 07644,customer07644@example.com,India,Bengaluru,2024-01-28,New
C07645,Customer 07645,customer07645@example.com,India,Pune,2025-01-22,New
C07646,Customer 07646,customer07646@example.com,Canada,Montreal,2024-10-18,Premium
C07647,Customer 07647,customer07647@example.com,USA,New York,2024-09-06,New
C07648,Customer 07648,customer07648@example.com,India,Chennai,2025-05-19,Regular
C07649,Customer 07649,customer07649@example.com,India,Pune,2024-04-07,New
C07650,Customer 07650,customer07650@example.com,USA,Chicago,2024-12-02,Premium
C07651,Customer 07651,customer07651@example.com,India,Bengaluru,2024-02-08,Premium
C07652,Customer 07652,customer07652@example.com,India,Mumbai,2024-02-07,Regular
C07653,Customer 07653,customer07653@example.com,India,Bengaluru,2024-10-26,Premium
C07654,Customer 07654,customer07654@example.com,Germany,Hamburg,2024-06-27,Regular
C07655,Customer 07655,customer07655@example.com,Australia,Sydney,2025-08-31,Premium
C07656,Customer 07656,customer07656@example.com,Australia,Brisbane,2025-04-13,Premium
C07657,Customer 07657,customer07657@example.com,Canada,Vancouver,2024-10-08,New
C07658,Customer 07658,customer07658@example.com,Canada,Montreal,2024-06-12,Regular
C07659,Customer 07659,customer07659@example.com,UK,Manchester,2025-03-28,VIP
C07660,Customer 07660,customer07660@example.com,USA,Chicago,2024-04-06,Regular
C07661,Customer 07661,customer07661@example.com,India,Mumbai,2024-11-04,VIP
C07662,Customer 07662,customer07662@example.com,USA,Austin,2024-09-18,Regular
C07663,Customer 07663,customer07663@example.com,Australia,Melbourne,2024-10-19,Regular
C07664,Customer 07664,customer07664@example.com,UK,Leeds,2024-09-05,Regular
C07665,Customer 07665,customer07665@example.com,UK,Birmingham,2024-09-01,Premium
C07666,Customer 07666,customer07666@example.com,India,Hyderabad,2024-09-07,Regular
C07667,Customer 07667,customer07667@example.com,USA,New York,2024-05-02,New
C07668,Customer 07668,customer07668@example.com,Canada,Vancouver,2024-11-20,Regular
C07669,Customer 07669,customer07669@example.com,France,Lyon,2025-11-11,VIP
C07670,Customer 07670,customer07670@example.com,India,Delhi,2025-05-15,Regular
C07671,Customer 07671,customer07671@example.com,Australia,Melbourne,2025-11-17,New
C07672,Customer 07672,customer07672@example.com,USA,San Francisco,2025-12-16,Regular
C07673,Customer 07673,customer07673@example.com,France,Marseille,2024-03-06,Premium
C07674,Customer 07674,customer07674@example.com,USA,New York,2024-02-28,New
C07675,Customer 07675,customer07675@example.com,USA,Seattle,2025-12-31,Regular
C07676,Customer 07676,customer07676@example.com,USA,San Francisco,2025-05-12,New
C07677,Customer 07677,customer07677@example.com,Australia,Brisbane,2025-01-07,Regular
C07678,Customer 07678,customer07678@example.com,Singapore,Singapore,2024-09-22,Regular
C07679,Customer 07679,customer07679@example.com,India,Delhi,2025-10-14,New
C07680,Customer 07680,customer07680@example.com,India,Chennai,2024-08-23,Premium
C07681,Customer 07681,customer07681@example.com,UAE,Abu Dhabi,2024-08-05,Regular
C07682,Customer 07682,customer07682@example.com,USA,New York,2025-06-10,Regular
C07683,Customer 07683,customer07683@example.com,USA,Chicago,2025-03-16,Regular
C07684,Customer 07684,customer07684@example.com,UK,Leeds,2025-10-11,Premium
C07685,Customer 07685,customer07685@example.com,India,Hyderabad,2025-02-09,Regular
C07686,Customer 07686,customer07686@example.com,Australia,Sydney,2025-08-23,New
C07687,Customer 07687,customer07687@example.com,Australia,Melbourne,2025-08-11,New
C07688,Customer 07688,customer07688@example.com,India,Bengaluru,2025-10-09,Regular
C07689,Customer 07689,customer07689@example.com,India,Mumbai,2025-04-13,Premium
C07690,Customer 07690,customer07690@example.com,Germany,Berlin,2024-04-19,Regular
C07691,Customer 07691,customer07691@example.com,India,Hyderabad,2024-12-18,Regular
C07692,Customer 07692,customer07692@example.com,France,Paris,2024-03-31,Premium
C07693,Customer 07693,customer07693@example.com,India,Mumbai,2025-02-17,Regular
C07694,Customer 07694,customer07694@example.com,USA,New York,2025-12-02,Regular
C07695,Customer 07695,customer07695@example.com,UAE,Sharjah,2024-03-13,New
C07696,Customer 07696,customer07696@example.com,Canada,Toronto,2025-11-15,New
C07697,Customer 07697,customer07697@example.com,UK,Leeds,2025-06-30,Regular
C07698,Customer 07698,customer07698@example.com,Canada,Toronto,2025-12-22,New
C07699,Customer 07699,customer07699@example.com,India,Bengaluru,2024-10-24,VIP
C07700,Customer 07700,customer07700@example.com,India,Chennai,2025-10-06,New
C07701,Customer 07701,customer07701@example.com,Netherlands,Amsterdam,2024-10-09,Regular
C07702,Customer 07702,customer07702@example.com,Australia,Melbourne,2025-05-19,Regular
C07703,Customer 07703,customer07703@example.com,USA,Seattle,2024-07-16,Regular
C07704,Customer 07704,customer07704@example.com,UK,Manchester,2024-02-01,Premium
C07705,Customer 07705,customer07705@example.com,India,Delhi,2025-10-09,Regular
C07706,Customer 07706,customer07706@example.com,India,Mumbai,2024-12-06,VIP
C07707,Customer 07707,customer07707@example.com,USA,Seattle,2025-10-19,New
C07708,Customer 07708,customer07708@example.com,Australia,Melbourne,2024-11-29,New
C07709,Customer 07709,customer07709@example.com,USA,New York,2024-05-22,New
C07710,Customer 07710,customer07710@example.com,Germany,Munich,2025-02-13,Regular
C07711,Customer 07711,customer07711@example.com,India,Bengaluru,2024-02-13,Regular
C07712,Customer 07712,customer07712@example.com,UK,London,2024-02-01,Premium
C07713,Customer 07713,customer07713@example.com,India,Hyderabad,2024-01-28,Regular
C07714,Customer 07714,customer07714@example.com,UK,Manchester,2025-02-26,Premium
C07715,Customer 07715,customer07715@example.com,India,Chennai,2025-05-05,Regular
C07716,Customer 07716,customer07716@example.com,Singapore,Singapore,2024-06-08,Regular
C07717,Customer 07717,customer07717@example.com,India,Delhi,2024-07-25,Regular
C07718,Customer 07718,customer07718@example.com,UAE,Sharjah,2024-01-18,New
C07719,Customer 07719,customer07719@example.com,UK,Birmingham,2024-04-12,Premium
C07720,Customer 07720,customer07720@example.com,Netherlands,Rotterdam,2025-08-04,New
C07721,Customer 07721,customer07721@example.com,USA,Seattle,2025-09-22,Premium
C07722,Customer 07722,customer07722@example.com,UAE,Sharjah,2025-10-12,Regular
C07723,Customer 07723,customer07723@example.com,India,Pune,2025-11-02,Premium
C07724,Customer 07724,customer07724@example.com,Australia,Brisbane,2024-08-19,Regular
C07725,Customer 07725,customer07725@example.com,UAE,Sharjah,2025-10-21,Regular
C07726,Customer 07726,customer07726@example.com,India,Chennai,2025-02-27,Regular
C07727,Customer 07727,customer07727@example.com,India,Delhi,2025-06-30,New
C07728,Customer 07728,customer07728@example.com,UK,Leeds,2024-08-26,Regular
C07729,Customer 07729,customer07729@example.com,UAE,Abu Dhabi,2024-11-29,New
C07730,Customer 07730,customer07730@example.com,USA,San Francisco,2024-05-28,Regular
C07731,Customer 07731,customer07731@example.com,USA,Chicago,2025-09-14,New
C07732,Customer 07732,customer07732@example.com,India,Mumbai,2025-02-11,VIP
C07733,Customer 07733,customer07733@example.com,India,Bengaluru,2024-01-17,Regular
C07734,Customer 07734,customer07734@example.com,Germany,Munich,2024-08-13,Premium
C07735,Customer 07735,customer07735@example.com,India,Bengaluru,2025-10-13,New
C07736,Customer 07736,customer07736@example.com,USA,Seattle,2025-10-17,Regular
C07737,Customer 07737,customer07737@example.com,UAE,Abu Dhabi,2024-09-16,Regular
C07738,Customer 07738,customer07738@example.com,India,Mumbai,2025-12-29,Regular
C07739,Customer 07739,customer07739@example.com,Canada,Toronto,2025-11-04,Premium
C07740,Customer 07740,customer07740@example.com,India,Bengaluru,2025-08-26,VIP
C07741,Customer 07741,customer07741@example.com,USA,Austin,2024-06-22,Regular
C07742,Customer 07742,customer07742@example.com,India,Mumbai,2024-07-23,Premium
C07743,Customer 07743,customer07743@example.com,Australia,Melbourne,2025-02-18,Regular
C07744,Customer 07744,customer07744@example.com,India,Bengaluru,2025-05-22,VIP
C07745,Customer 07745,customer07745@example.com,UK,Manchester,2024-06-01,Regular
C07746,Customer 07746,customer07746@example.com,USA,San Francisco,2024-04-12,VIP
C07747,Customer 07747,customer07747@example.com,India,Mumbai,2025-12-14,Premium
C07748,Customer 07748,customer07748@example.com,Australia,Sydney,2024-03-05,New
C07749,Customer 07749,customer07749@example.com,India,Bengaluru,2024-04-26,Regular
C07750,Customer 07750,customer07750@example.com,Canada,Montreal,2025-10-26,Regular
C07751,Customer 07751,customer07751@example.com,India,Pune,2024-06-04,Regular
C07752,Customer 07752,customer07752@example.com,Canada,Montreal,2025-11-06,Premium
C07753,Customer 07753,customer07753@example.com,India,Bengaluru,2024-03-22,Premium
C07754,Customer 07754,customer07754@example.com,UK,Manchester,2025-06-01,Premium
C07755,Customer 07755,customer07755@example.com,India,Bengaluru,2024-03-07,Regular
C07756,Customer 07756,customer07756@example.com,Australia,Sydney,2024-08-25,New
C07757,Customer 07757,customer07757@example.com,India,Hyderabad,2025-08-06,New
C07758,Customer 07758,customer07758@example.com,France,Lyon,2025-08-29,Premium
C07759,Customer 07759,customer07759@example.com,France,Marseille,2024-11-21,New
C07760,Customer 07760,customer07760@example.com,India,Bengaluru,2025-08-12,Regular
C07761,Customer 07761,customer07761@example.com,USA,Seattle,2024-03-07,Regular
C07762,Customer 07762,customer07762@example.com,India,Mumbai,2024-06-24,New
C07763,Customer 07763,customer07763@example.com,UK,Birmingham,2025-11-14,New
C07764,Customer 07764,customer07764@example.com,Canada,Toronto,2025-04-22,New
C07765,Customer 07765,customer07765@example.com,Canada,Toronto,2024-09-11,VIP
C07766,Customer 07766,customer07766@example.com,USA,San Francisco,2024-03-03,New
C07767,Customer 07767,customer07767@example.com,India,Pune,2025-02-06,Premium
C07768,Customer 07768,customer07768@example.com,UK,London,2024-07-10,New
C07769,Customer 07769,customer07769@example.com,India,Pune,2024-11-24,Premium
C07770,Customer 07770,customer07770@example.com,Canada,Vancouver,2024-03-11,Regular
C07771,Customer 07771,customer07771@example.com,UK,Birmingham,2024-03-03,Premium
C07772,Customer 07772,customer07772@example.com,Canada,Toronto,2024-10-23,Premium
C07773,Customer 07773,customer07773@example.com,India,Mumbai,2024-09-01,Regular
C07774,Customer 07774,customer07774@example.com,India,Delhi,2025-06-02,Premium
C07775,Customer 07775,customer07775@example.com,India,Chennai,2025-01-27,Regular
C07776,Customer 07776,customer07776@example.com,India,Bengaluru,2025-08-23,Regular
C07777,Customer 07777,customer07777@example.com,India,Chennai,2024-06-25,Regular
C07778,Customer 07778,customer07778@example.com,Germany,Munich,2024-07-22,Premium
C07779,Customer 07779,customer07779@example.com,France,Paris,2025-10-07,Premium
C07780,Customer 07780,customer07780@example.com,USA,New York,2025-08-16,New
C07781,Customer 07781,customer07781@example.com,UK,Leeds,2025-06-16,Regular
C07782,Customer 07782,customer07782@example.com,India,Delhi,2024-05-07,Premium
C07783,Customer 07783,customer07783@example.com,France,Paris,2024-07-13,Premium
C07784,Customer 07784,customer07784@example.com,India,Delhi,2024-07-12,VIP
C07785,Customer 07785,customer07785@example.com,UAE,Abu Dhabi,2024-07-02,Regular
C07786,Customer 07786,customer07786@example.com,UK,Manchester,2024-09-03,Regular
C07787,Customer 07787,customer07787@example.com,India,Hyderabad,2024-11-19,Regular
C07788,Customer 07788,customer07788@example.com,UAE,Sharjah,2024-06-08,Regular
C07789,Customer 07789,customer07789@example.com,India,Chennai,2025-12-06,Regular
C07790,Customer 07790,customer07790@example.com,USA,San Francisco,2025-09-13,Regular
C07791,Customer 07791,customer07791@example.com,USA,Austin,2024-03-06,New
C07792,Customer 07792,customer07792@example.com,India,Pune,2024-09-10,Regular
C07793,Customer 07793,customer07793@example.com,UK,Birmingham,2024-10-09,New
C07794,Customer 07794,customer07794@example.com,Canada,Vancouver,2024-02-29,Regular
C07795,Customer 07795,customer07795@example.com,Australia,Melbourne,2024-04-27,Regular
C07796,Customer 07796,customer07796@example.com,India,Chennai,2025-02-26,Regular
C07797,Customer 07797,customer07797@example.com,UAE,Sharjah,2025-07-09,Regular
C07798,Customer 07798,customer07798@example.com,India,Bengaluru,2025-12-22,New
C07799,Customer 07799,customer07799@example.com,India,Chennai,2024-02-05,Premium
C07800,Customer 07800,customer07800@example.com,India,Pune,2025-06-14,Regular
C07801,Customer 07801,customer07801@example.com,India,Delhi,2024-03-31,Premium
C07802,Customer 07802,customer07802@example.com,India,Mumbai,2024-10-27,Regular
C07803,Customer 07803,customer07803@example.com,Netherlands,Amsterdam,2025-12-24,Premium
C07804,Customer 07804,customer07804@example.com,India,Pune,2024-08-04,Regular
C07805,Customer 07805,customer07805@example.com,India,Delhi,2024-04-07,New
C07806,Customer 07806,customer07806@example.com,India,Hyderabad,2025-03-31,Premium
C07807,Customer 07807,customer07807@example.com,Canada,Toronto,2025-06-14,New
C07808,Customer 07808,customer07808@example.com,France,Marseille,2025-06-21,Premium
C07809,Customer 07809,customer07809@example.com,India,Chennai,2024-01-28,Regular
C07810,Customer 07810,customer07810@example.com,India,Hyderabad,2025-07-29,Premium
C07811,Customer 07811,customer07811@example.com,India,Mumbai,2024-11-19,Premium
C07812,Customer 07812,customer07812@example.com,India,Hyderabad,2024-08-10,VIP
C07813,Customer 07813,customer07813@example.com,India,Delhi,2024-03-20,Regular
C07814,Customer 07814,customer07814@example.com,UK,Manchester,2025-07-16,Regular
C07815,Customer 07815,customer07815@example.com,India,Delhi,2025-04-02,VIP
C07816,Customer 07816,customer07816@example.com,USA,Austin,2025-09-05,Premium
C07817,Customer 07817,customer07817@example.com,India,Hyderabad,2024-06-24,New
C07818,Customer 07818,customer07818@example.com,UAE,Abu Dhabi,2025-06-05,Regular
C07819,Customer 07819,customer07819@example.com,UAE,Dubai,2025-04-01,New
C07820,Customer 07820,customer07820@example.com,USA,San Francisco,2025-02-26,VIP
C07821,Customer 07821,customer07821@example.com,UK,Manchester,2024-04-09,New
C07822,Customer 07822,customer07822@example.com,UK,Manchester,2025-02-06,Regular
C07823,Customer 07823,customer07823@example.com,UK,Birmingham,2025-07-29,Regular
C07824,Customer 07824,customer07824@example.com,Australia,Sydney,2025-01-14,Premium
C07825,Customer 07825,customer07825@example.com,UK,London,2025-06-14,Premium
C07826,Customer 07826,customer07826@example.com,France,Paris,2024-11-27,Regular
C07827,Customer 07827,customer07827@example.com,UAE,Sharjah,2024-11-13,Regular
C07828,Customer 07828,customer07828@example.com,India,Delhi,2025-10-14,VIP
C07829,Customer 07829,customer07829@example.com,USA,New York,2025-06-20,Premium
C07830,Customer 07830,customer07830@example.com,India,Chennai,2024-03-29,Regular
C07831,Customer 07831,customer07831@example.com,India,Delhi,2025-08-26,Premium
C07832,Customer 07832,customer07832@example.com,UK,Manchester,2025-05-25,Regular
C07833,Customer 07833,customer07833@example.com,India,Delhi,2024-02-11,Premium
C07834,Customer 07834,customer07834@example.com,France,Lyon,2025-01-23,Regular
C07835,Customer 07835,customer07835@example.com,India,Chennai,2024-03-21,Regular
C07836,Customer 07836,customer07836@example.com,UK,London,2025-02-05,Premium
C07837,Customer 07837,customer07837@example.com,USA,Austin,2024-04-16,New
C07838,Customer 07838,customer07838@example.com,Canada,Vancouver,2024-04-20,Regular
C07839,Customer 07839,customer07839@example.com,UK,Manchester,2024-10-03,Regular
C07840,Customer 07840,customer07840@example.com,France,Marseille,2024-08-01,New
C07841,Customer 07841,customer07841@example.com,USA,Seattle,2025-05-20,Premium
C07842,Customer 07842,customer07842@example.com,UK,Birmingham,2024-04-30,Regular
C07843,Customer 07843,customer07843@example.com,India,Delhi,2024-05-13,New
C07844,Customer 07844,customer07844@example.com,UK,Birmingham,2025-12-20,Regular
C07845,Customer 07845,customer07845@example.com,Germany,Berlin,2025-01-05,Regular
C07846,Customer 07846,customer07846@example.com,USA,Austin,2024-09-13,New
C07847,Customer 07847,customer07847@example.com,Germany,Munich,2025-11-27,Premium
C07848,Customer 07848,customer07848@example.com,UK,Birmingham,2024-06-28,Regular
C07849,Customer 07849,customer07849@example.com,India,Mumbai,2024-02-17,Premium
C07850,Customer 07850,customer07850@example.com,India,Delhi,2025-08-21,New
C07851,Customer 07851,customer07851@example.com,India,Chennai,2024-01-19,Regular
C07852,Customer 07852,customer07852@example.com,Canada,Toronto,2024-02-15,New
C07853,Customer 07853,customer07853@example.com,Germany,Berlin,2025-03-26,New
C07854,Customer 07854,customer07854@example.com,India,Pune,2024-02-25,Premium
C07855,Customer 07855,customer07855@example.com,UK,Leeds,2025-10-18,New
C07856,Customer 07856,customer07856@example.com,UK,Leeds,2024-04-01,New
C07857,Customer 07857,customer07857@example.com,UK,Leeds,2024-03-22,Premium
C07858,Customer 07858,customer07858@example.com,India,Mumbai,2024-03-19,Regular
C07859,Customer 07859,customer07859@example.com,India,Bengaluru,2025-10-23,New
C07860,Customer 07860,customer07860@example.com,India,Pune,2024-10-09,VIP
C07861,Customer 07861,customer07861@example.com,India,Delhi,2024-11-06,New
C07862,Customer 07862,customer07862@example.com,India,Pune,2024-06-08,Premium
C07863,Customer 07863,customer07863@example.com,India,Delhi,2024-11-11,New
C07864,Customer 07864,customer07864@example.com,USA,Chicago,2025-10-29,Regular
C07865,Customer 07865,customer07865@example.com,India,Chennai,2024-06-04,Regular
C07866,Customer 07866,customer07866@example.com,Singapore,Singapore,2025-12-14,New
C07867,Customer 07867,customer07867@example.com,India,Bengaluru,2025-04-12,Regular
C07868,Customer 07868,customer07868@example.com,India,Bengaluru,2025-04-06,Regular
C07869,Customer 07869,customer07869@example.com,UK,Birmingham,2024-04-26,Premium
C07870,Customer 07870,customer07870@example.com,India,Delhi,2025-10-27,Premium
C07871,Customer 07871,customer07871@example.com,Germany,Hamburg,2024-12-29,Regular
C07872,Customer 07872,customer07872@example.com,India,Mumbai,2025-09-22,Regular
C07873,Customer 07873,customer07873@example.com,UAE,Dubai,2025-12-11,Regular
C07874,Customer 07874,customer07874@example.com,France,Marseille,2025-04-10,Premium
C07875,Customer 07875,customer07875@example.com,USA,Seattle,2024-07-02,Regular
C07876,Customer 07876,customer07876@example.com,USA,New York,2025-10-21,Regular
C07877,Customer 07877,customer07877@example.com,Canada,Toronto,2024-06-14,Regular
C07878,Customer 07878,customer07878@example.com,UK,Leeds,2024-03-15,VIP
C07879,Customer 07879,customer07879@example.com,USA,Austin,2024-09-28,Regular
C07880,Customer 07880,customer07880@example.com,India,Delhi,2025-11-21,Regular
C07881,Customer 07881,customer07881@example.com,India,Bengaluru,2025-05-17,Regular
C07882,Customer 07882,customer07882@example.com,UK,Leeds,2025-07-16,Premium
C07883,Customer 07883,customer07883@example.com,USA,San Francisco,2025-08-09,Premium
C07884,Customer 07884,customer07884@example.com,France,Paris,2025-10-17,Premium
C07885,Customer 07885,customer07885@example.com,India,Bengaluru,2024-12-08,Premium
C07886,Customer 07886,customer07886@example.com,Germany,Berlin,2025-11-30,Regular
C07887,Customer 07887,customer07887@example.com,India,Delhi,2025-09-26,Regular
C07888,Customer 07888,customer07888@example.com,UK,Birmingham,2024-09-07,Premium
C07889,Customer 07889,customer07889@example.com,India,Chennai,2024-05-09,Regular
C07890,Customer 07890,customer07890@example.com,UK,Leeds,2024-12-23,Regular
C07891,Customer 07891,customer07891@example.com,India,Hyderabad,2025-11-22,Premium
C07892,Customer 07892,customer07892@example.com,UK,Birmingham,2025-02-11,Premium
C07893,Customer 07893,customer07893@example.com,Germany,Hamburg,2025-05-09,VIP
C07894,Customer 07894,customer07894@example.com,UK,Birmingham,2025-09-13,VIP
C07895,Customer 07895,customer07895@example.com,UK,Leeds,2025-04-26,Regular
C07896,Customer 07896,customer07896@example.com,Germany,Hamburg,2024-03-18,Premium
C07897,Customer 07897,customer07897@example.com,Canada,Montreal,2025-05-28,New
C07898,Customer 07898,customer07898@example.com,UK,Leeds,2024-11-16,Regular
C07899,Customer 07899,customer07899@example.com,India,Bengaluru,2024-10-16,Regular
C07900,Customer 07900,customer07900@example.com,France,Paris,2024-10-23,Regular
C07901,Customer 07901,customer07901@example.com,USA,New York,2025-11-11,Premium
C07902,Customer 07902,customer07902@example.com,India,Bengaluru,2025-04-19,Regular
C07903,Customer 07903,customer07903@example.com,India,Mumbai,2024-01-23,Regular
C07904,Customer 07904,customer07904@example.com,Germany,Munich,2024-06-20,New
C07905,Customer 07905,customer07905@example.com,India,Pune,2024-11-13,New
C07906,Customer 07906,customer07906@example.com,Netherlands,Rotterdam,2024-07-11,Regular
C07907,Customer 07907,customer07907@example.com,India,Hyderabad,2025-11-11,Regular
C07908,Customer 07908,customer07908@example.com,Germany,Hamburg,2024-04-27,Regular
C07909,Customer 07909,customer07909@example.com,UK,Birmingham,2024-01-06,Regular
C07910,Customer 07910,customer07910@example.com,UK,Leeds,2025-04-27,Regular
C07911,Customer 07911,customer07911@example.com,France,Paris,2024-05-11,New
C07912,Customer 07912,customer07912@example.com,UK,Leeds,2024-04-02,Regular
C07913,Customer 07913,customer07913@example.com,USA,Chicago,2025-06-05,Premium
C07914,Customer 07914,customer07914@example.com,India,Hyderabad,2025-07-16,Regular
C07915,Customer 07915,customer07915@example.com,India,Hyderabad,2024-10-20,Regular
C07916,Customer 07916,customer07916@example.com,India,Mumbai,2025-10-02,Premium
C07917,Customer 07917,customer07917@example.com,Canada,Vancouver,2025-01-26,Premium
C07918,Customer 07918,customer07918@example.com,India,Hyderabad,2024-09-05,Premium
C07919,Customer 07919,customer07919@example.com,India,Chennai,2025-09-05,VIP
C07920,Customer 07920,customer07920@example.com,UK,Birmingham,2025-08-17,New
C07921,Customer 07921,customer07921@example.com,USA,San Francisco,2025-12-03,VIP
C07922,Customer 07922,customer07922@example.com,Canada,Vancouver,2025-02-20,VIP
C07923,Customer 07923,customer07923@example.com,India,Chennai,2024-05-22,Premium
C07924,Customer 07924,customer07924@example.com,India,Delhi,2024-08-24,Regular
C07925,Customer 07925,customer07925@example.com,UAE,Abu Dhabi,2024-10-13,Premium
C07926,Customer 07926,customer07926@example.com,India,Pune,2024-10-03,Regular
C07927,Customer 07927,customer07927@example.com,France,Marseille,2025-01-21,Premium
C07928,Customer 07928,customer07928@example.com,France,Lyon,2025-01-16,New
C07929,Customer 07929,customer07929@example.com,Australia,Brisbane,2025-03-25,Premium
C07930,Customer 07930,customer07930@example.com,India,Hyderabad,2024-10-17,Regular
C07931,Customer 07931,customer07931@example.com,Germany,Munich,2024-06-17,New
C07932,Customer 07932,customer07932@example.com,Australia,Brisbane,2025-03-18,Premium
C07933,Customer 07933,customer07933@example.com,USA,San Francisco,2025-10-17,Regular
C07934,Customer 07934,customer07934@example.com,India,Hyderabad,2024-07-02,Regular
C07935,Customer 07935,customer07935@example.com,India,Mumbai,2024-02-14,Regular
C07936,Customer 07936,customer07936@example.com,India,Bengaluru,2024-09-24,Premium
C07937,Customer 07937,customer07937@example.com,UK,London,2025-04-20,Regular
C07938,Customer 07938,customer07938@example.com,USA,Chicago,2024-09-09,Regular
C07939,Customer 07939,customer07939@example.com,UK,Birmingham,2025-01-30,Regular
C07940,Customer 07940,customer07940@example.com,UK,Leeds,2024-10-15,Regular
C07941,Customer 07941,customer07941@example.com,UK,Manchester,2024-07-30,Regular
C07942,Customer 07942,customer07942@example.com,USA,Austin,2025-11-19,Regular
C07943,Customer 07943,customer07943@example.com,UAE,Dubai,2024-01-21,Regular
C07944,Customer 07944,customer07944@example.com,India,Hyderabad,2024-11-11,Regular
C07945,Customer 07945,customer07945@example.com,UK,Birmingham,2025-07-17,Premium
C07946,Customer 07946,customer07946@example.com,India,Mumbai,2025-03-13,Premium
C07947,Customer 07947,customer07947@example.com,USA,Seattle,2025-02-26,Regular
C07948,Customer 07948,customer07948@example.com,Australia,Brisbane,2024-08-20,Regular
C07949,Customer 07949,customer07949@example.com,UAE,Abu Dhabi,2024-05-02,Regular
C07950,Customer 07950,customer07950@example.com,India,Hyderabad,2025-09-03,Premium
C07951,Customer 07951,customer07951@example.com,Singapore,Singapore,2024-08-01,New
C07952,Customer 07952,customer07952@example.com,India,Mumbai,2025-10-08,Regular
C07953,Customer 07953,customer07953@example.com,USA,San Francisco,2025-12-30,Regular
C07954,Customer 07954,customer07954@example.com,India,Pune,2025-08-22,New
C07955,Customer 07955,customer07955@example.com,France,Paris,2024-02-09,New
C07956,Customer 07956,customer07956@example.com,USA,San Francisco,2024-11-27,Premium
C07957,Customer 07957,customer07957@example.com,Canada,Toronto,2025-10-09,Premium
C07958,Customer 07958,customer07958@example.com,Germany,Hamburg,2024-06-30,New
C07959,Customer 07959,customer07959@example.com,India,Bengaluru,2024-09-21,Regular
C07960,Customer 07960,customer07960@example.com,India,Hyderabad,2025-11-24,New
C07961,Customer 07961,customer07961@example.com,France,Marseille,2025-06-16,Premium
C07962,Customer 07962,customer07962@example.com,India,Bengaluru,2025-03-07,Regular
C07963,Customer 07963,customer07963@example.com,India,Chennai,2024-07-14,Regular
C07964,Customer 07964,customer07964@example.com,UK,Birmingham,2025-12-24,New
C07965,Customer 07965,customer07965@example.com,USA,Austin,2025-05-23,Premium
C07966,Customer 07966,customer07966@example.com,India,Pune,2025-03-22,Regular
C07967,Customer 07967,customer07967@example.com,India,Mumbai,2025-06-11,New
C07968,Customer 07968,customer07968@example.com,India,Mumbai,2024-07-20,Regular
C07969,Customer 07969,customer07969@example.com,UK,Birmingham,2025-12-30,Premium
C07970,Customer 07970,customer07970@example.com,France,Paris,2025-08-27,Regular
C07971,Customer 07971,customer07971@example.com,Netherlands,Rotterdam,2024-05-12,Regular
C07972,Customer 07972,customer07972@example.com,USA,Chicago,2024-05-18,Regular
C07973,Customer 07973,customer07973@example.com,India,Hyderabad,2025-10-30,Regular
C07974,Customer 07974,customer07974@example.com,UAE,Dubai,2025-05-07,Regular
C07975,Customer 07975,customer07975@example.com,USA,San Francisco,2024-03-10,VIP
C07976,Customer 07976,customer07976@example.com,India,Mumbai,2024-01-15,New
C07977,Customer 07977,customer07977@example.com,UAE,Abu Dhabi,2024-07-30,Regular
C07978,Customer 07978,customer07978@example.com,Australia,Melbourne,2024-02-29,New
C07979,Customer 07979,customer07979@example.com,Australia,Melbourne,2024-09-08,New
C07980,Customer 07980,customer07980@example.com,Canada,Vancouver,2025-03-21,Regular
C07981,Customer 07981,customer07981@example.com,India,Bengaluru,2024-01-02,Premium
C07982,Customer 07982,customer07982@example.com,India,Hyderabad,2024-12-01,New
C07983,Customer 07983,customer07983@example.com,Canada,Toronto,2024-01-19,VIP
C07984,Customer 07984,customer07984@example.com,India,Bengaluru,2025-07-14,Regular
C07985,Customer 07985,customer07985@example.com,UK,Manchester,2024-03-18,Regular
C07986,Customer 07986,customer07986@example.com,Germany,Berlin,2025-04-16,New
C07987,Customer 07987,customer07987@example.com,Germany,Hamburg,2024-01-28,Regular
C07988,Customer 07988,customer07988@example.com,UK,London,2025-07-13,Regular
C07989,Customer 07989,customer07989@example.com,Germany,Munich,2025-08-30,Regular
C07990,Customer 07990,customer07990@example.com,Germany,Munich,2024-06-13,Regular
C07991,Customer 07991,customer07991@example.com,Canada,Toronto,2025-04-02,Regular
C07992,Customer 07992,customer07992@example.com,India,Hyderabad,2024-06-24,Regular
C07993,Customer 07993,customer07993@example.com,India,Bengaluru,2025-08-07,Regular
C07994,Customer 07994,customer07994@example.com,India,Hyderabad,2024-01-29,Premium
C07995,Customer 07995,customer07995@example.com,India,Delhi,2025-10-30,Regular
C07996,Customer 07996,customer07996@example.com,India,Mumbai,2024-10-05,New
C07997,Customer 07997,customer07997@example.com,India,Mumbai,2024-10-09,Regular
C07998,Customer 07998,customer07998@example.com,UK,Birmingham,2025-04-23,Premium
C07999,Customer 07999,customer07999@example.com,UAE,Dubai,2025-06-02,New
C08000,Customer 08000,customer08000@example.com,India,Delhi,2024-10-31,Premium
