return_id,order_id,customer_id,return_date,return_reason,refund_amount
R0000001,O0041099,C00628,2026-02-23,Not as Expected,229.85
R0000002,O0001536,C02862,2026-06-09,Late Delivery,184.43
R0000003,O0000368,C04090,2025-10-01,Damaged,248.16
R0000004,O0053520,C05855,2026-02-28,Changed Mind,57.74
R0000005,O0029467,C03016,2026-07-12,Late Delivery,62.55
R0000006,O0047667,C01938,2025-04-22,Late Delivery,20.03
R0000007,O0021899,C00521,2026-05-19,Not as Expected,46.03
R0000008,O0028878,C07540,2025-09-29,Not as Expected,74.5
R0000009,O0054569,C05194,2025-08-07,Changed Mind,33.89
R0000010,O0049798,C00938,2026-03-29,Not as Expected,41.8
R0000011,O0054622,C06978,2025-06-06,Late Delivery,7.12
R0000012,O0040596,C06189,2025-04-30,Late Delivery,14.85
R0000013,O0001149,C06937,2025-03-10,Not as Expected,25.88
R0000014,O0001540,C05019,2026-03-03,Late Delivery,200.42
R0000015,O0057169,C00372,2025-02-03,Changed Mind,23.7
R0000016,O0015860,C02202,2025-11-17,Late Delivery,46.89
R0000017,O0047133,C05073,2026-03-23,Late Delivery,106.45
R0000018,O0017495,C01096,2025-04-22,Not as Expected,23.85
R0000019,O0026006,C03824,2025-09-30,Wrong Item,3.14
R0000020,O0007746,C05675,2026-02-01,Damaged,40.52
R0000021,O0005725,C01172,2025-02-24,Wrong Item,111.11
R0000022,O0007578,C04413,2025-05-17,Changed Mind,80.63
R0000023,O0041761,C05929,2025-08-19,Changed Mind,42.09
R0000024,O0023448,C05053,2025-05-06,Damaged,54.94
R0000025,O0037302,C05263,2026-05-05,Damaged,68.42
R0000026,O0027510,C06492,2026-04-12,Late Delivery,130.19
R0000027,O0049620,C02883,2025-03-06,Wrong Item,60.33
R0000028,O0052868,C07529,2026-02-26,Changed Mind,97.42
R0000029,O0003271,C03221,2025-11-09,Not as Expected,57.28
R0000030,O0055486,C02804,2025-03-27,Changed Mind,476.63
R0000031,O0031136,C06354,2026-01-30,Not as Expected,276.61
R0000032,O0033155,C04085,2025-11-25,Changed Mind,28.56
R0000033,O0044111,C02425,2025-02-03,Not as Expected,110.66
R0000034,O0027993,C07358,2025-04-02,Not as Expected,80.05
R0000035,O0023181,C00884,2026-06-20,Changed Mind,27.89
R0000036,O0020979,C00885,2026-09-03,Late Delivery,28.06
R0000037,O0003585,C01038,2025-12-15,Changed Mind,500.51
R0000038,O0045541,C03166,2025-06-18,Wrong Item,156.78
R0000039,O0007783,C00661,2025-03-09,Wrong Item,335.01
R0000040,O0020671,C01999,2026-03-18,Late Delivery,36.46
R0000041,O0006113,C07386,2026-02-24,Wrong Item,710.42
R0000042,O0027959,C01556,2025-05-12,Late Delivery,190.24
R0000043,O0035474,C01073,2026-09-21,Damaged,57.0
R0000044,O0015017,C06153,2026-05-07,Not as Expected,402.41
R0000045,O0006790,C07828,2026-07-07,Late Delivery,826.32
R0000046,O0004080,C07382,2025-08-09,Wrong Item,20.79
R0000047,O0020372,C01581,2025-04-17,Changed Mind,11.7
R0000048,O0037093,C04425,2025-07-14,Changed Mind,88.5
R0000049,O0024124,C02113,2026-02-24,Damaged,283.22
R0000050,O0036159,C03520,2025-12-13,Late Delivery,24.13
R0000051,O0022996,C07936,2026-02-24,Late Delivery,61.0
R0000052,O0059735,C02739,2025-12-11,Wrong Item,379.77
R0000053,O0007604,C02112,2026-06-09,Changed Mind,8.02
R0000054,O0035274,C07752,2025-10-12,Not as Expected,15.6
R0000055,O0008354,C06963,2026-02-14,Changed Mind,149.13
R0000056,O0045628,C07784,2025-09-26,Late Delivery,49.45
R0000057,O0048922,C01237,2025-09-13,Wrong Item,362.3
R0000058,O0004359,C07706,2025-06-27,Late Delivery,139.32
R0000059,O0036427,C01810,2026-06-06,Damaged,19.13
R0000060,O0042656,C04079,2026-07-26,Not as Expected,264.98
R0000061,O0021516,C03961,2025-10-11,Damaged,13.54
R0000062,O0052013,C04425,2025-12-10,Damaged,67.77
R0000063,O0052730,C04427,2025-09-09,Changed Mind,90.73
R0000064,O0058561,C01687,2026-02-23,Not as Expected,123.49
R0000065,O0013954,C01247,2026-02-10,Damaged,175.79
R0000066,O0022492,C02966,2026-08-17,Wrong Item,15.85
R0000067,O0010680,C05150,2025-08-23,Not as Expected,56.2
R0000068,O0029603,C05063,2026-03-24,Damaged,78.99
R0000069,O0039968,C03417,2026-05-18,Wrong Item,302.1
R0000070,O0028092,C03336,2026-01-23,Damaged,35.67
R0000071,O0014713,C00860,2026-02-20,Wrong Item,92.76
R0000072,O0006137,C01415,2026-07-01,Late Delivery,111.21
R0000073,O0008994,C02855,2026-07-07,Damaged,10.44
R0000074,O0058666,C01113,2025-03-26,Changed Mind,95.98
R0000075,O0057864,C07860,2026-03-20,Not as Expected,139.53
R0000076,O0013021,C04861,2026-03-30,Wrong Item,45.81
R0000077,O0003531,C07772,2026-03-21,Not as Expected,123.69
R0000078,O0021229,C00656,2025-05-20,Damaged,64.71
R0000079,O0038740,C03619,2026-05-26,Wrong Item,128.88
R0000080,O0054754,C01680,2025-09-13,Late Delivery,128.94
R0000081,O0029524,C03580,2025-02-22,Not as Expected,26.26
R0000082,O0022616,C03096,2025-02-08,Changed Mind,10.8
R0000083,O0044516,C05634,2026-04-28,Late Delivery,76.92
R0000084,O0052776,C04510,2026-07-15,Late Delivery,101.35
R0000085,O0034463,C05829,2025-12-12,Damaged,42.85
R0000086,O0031124,C02465,2026-05-15,Changed Mind,85.96
R0000087,O0033064,C02681,2025-07-03,Wrong Item,106.92
R0000088,O0013708,C06671,2026-07-21,Wrong Item,51.1
R0000089,O0047227,C05398,2026-07-21,Changed Mind,88.74
R0000090,O0049791,C04734,2026-06-06,Damaged,193.31
R0000091,O0023580,C05569,2026-08-12,Damaged,48.64
R0000092,O0047481,C03482,2025-04-07,Not as Expected,146.34
R0000093,O0031590,C02938,2025-07-07,Late Delivery,102.37
R0000094,O0038334,C06489,2025-08-03,Changed Mind,60.54
R0000095,O0034730,C06810,2026-06-06,Late Delivery,145.4
R0000096,O0059989,C04838,2025-01-21,Changed Mind,14.94
R0000097,O0017817,C02764,2025-08-28,Changed Mind,15.03
R0000098,O0044284,C06375,2026-03-24,Damaged,37.01
R0000099,O0041405,C07509,2026-08-17,Late Delivery,188.78
R0000100,O0014559,C01256,2025-03-20,Changed Mind,34.0
R0000101,O0030485,C02942,2026-06-28,Damaged,336.02
R0000102,O0015680,C03874,2025-12-26,Wrong Item,25.34
R0000103,O0029866,C02186,2025-09-18,Damaged,125.02
R0000104,O0001216,C05565,2025-09-13,Late Delivery,28.59
R0000105,O0042535,C06693,2026-02-05,Not as Expected,55.29
R0000106,O0057566,C02905,2026-08-02,Damaged,16.96
R0000107,O0055119,C03479,2025-02-12,Not as Expected,167.49
R0000108,O0052673,C01269,2026-01-19,Not as Expected,17.23
R0000109,O0002025,C00758,2026-03-17,Damaged,279.0
R0000110,O0018055,C01920,2026-01-09,Late Delivery,56.43
R0000111,O0037410,C00576,2026-07-17,Changed Mind,4.31
R0000112,O0028706,C04090,2026-01-26,Not as Expected,167.47
R0000113,O0043148,C02706,2025-11-11,Changed Mind,104.42
R0000114,O0045735,C05448,2026-04-23,Wrong Item,170.47
R0000115,O0027931,C03725,2025-08-03,Wrong Item,2900.52
R0000116,O0056990,C02415,2026-03-22,Not as Expected,239.95
R0000117,O0057591,C01875,2025-10-19,Late Delivery,91.68
R0000118,O0054366,C04111,2026-07-07,Damaged,100.93
R0000119,O0048353,C06703,2025-07-20,Wrong Item,181.61
R0000120,O0052932,C01600,2025-02-15,Late Delivery,16.85
R0000121,O0053829,C03664,2025-11-17,Not as Expected,72.48
R0000122,O0050479,C07968,2026-03-29,Changed Mind,11.21
R0000123,O0015141,C01604,2025-06-12,Changed Mind,99.65
R0000124,O0053879,C06571,2025-07-12,Changed Mind,77.29
R0000125,O0051844,C07723,2025-03-20,Changed Mind,54.13
R0000126,O0037912,C06469,2025-03-10,Not as Expected,9.45
R0000127,O0053579,C04193,2025-11-13,Late Delivery,27.0
R0000128,O0034686,C04765,2025-03-27,Not as Expected,15.96
R0000129,O0043107,C02693,2026-01-28,Late Delivery,54.66
R0000130,O0024866,C05340,2025-01-19,Changed Mind,136.66
R0000131,O0044185,C04562,2025-10-25,Not as Expected,3630.79
R0000132,O0045804,C06815,2025-09-23,Damaged,15.33
R0000133,O0008293,C04152,2025-12-17,Late Delivery,14.83
R0000134,O0004653,C01974,2026-03-17,Not as Expected,29.72
R0000135,O0015945,C02374,2026-05-17,Damaged,38.84
R0000136,O0053109,C07222,2026-04-21,Late Delivery,43.82
R0000137,O0045725,C07168,2026-06-17,Not as Expected,59.45
R0000138,O0017387,C04007,2026-07-03,Wrong Item,71.54
R0000139,O0024232,C03234,2026-02-07,Not as Expected,138.26
R0000140,O0017371,C06415,2025-03-09,Changed Mind,23.39
R0000141,O0059998,C00502,2025-02-03,Not as Expected,231.75
R0000142,O0044051,C05287,2026-06-19,Changed Mind,65.52
R0000143,O0035276,C03080,2025-03-12,Wrong Item,145.28
R0000144,O0006886,C02163,2025-10-10,Late Delivery,34.65
R0000145,O0029121,C04626,2026-06-21,Changed Mind,80.72
R0000146,O0002240,C07010,2025-06-22,Not as Expected,176.88
R0000147,O0055993,C05652,2025-05-21,Damaged,195.97
R0000148,O0042884,C01120,2026-02-16,Damaged,228.76
R0000149,O0018475,C06979,2025-07-25,Wrong Item,18.8
R0000150,O0006472,C03133,2025-11-08,Changed Mind,327.16
R0000151,O0013480,C04299,2025-02-11,Changed Mind,43.68
R0000152,O0043381,C03013,2025-09-26,Late Delivery,15.42
R0000153,O0024646,C00339,2026-05-23,Wrong Item,198.98
R0000154,O0010240,C00146,2026-04-10,Late Delivery,9.79
R0000155,O0000230,C05061,2026-01-04,Damaged,156.9
R0000156,O0003028,C06606,2025-03-14,Not as Expected,459.7
R0000157,O0028963,C00688,2025-08-14,Late Delivery,23.73
R0000158,O0043342,C01496,2026-08-21,Not as Expected,172.59
R0000159,O0044960,C02275,2026-08-27,Not as Expected,354.12
R0000160,O0039735,C03478,2026-07-02,Late Delivery,223.94
R0000161,O0056492,C06057,2025-05-16,Not as Expected,11.85
R0000162,O0001097,C03309,2025-06-27,Wrong Item,55.59
R0000163,O0055006,C03244,2025-04-01,Not as Expected,158.55
R0000164,O0059653,C00616,2026-04-27,Wrong Item,227.25
R0000165,O0053453,C06438,2026-08-04,Wrong Item,404.4
R0000166,O0042120,C00132,2026-08-04,Not as Expected,23.07
R0000167,O0056791,C00887,2026-07-20,Changed Mind,84.97
R0000168,O0028831,C02978,2025-07-04,Wrong Item,33.12
R0000169,O0032375,C03807,2026-04-24,Wrong Item,103.2
R0000170,O0049918,C05731,2025-11-22,Not as Expected,120.38
R0000171,O0021451,C05908,2025-02-14,Wrong Item,17.22
R0000172,O0008720,C02626,2025-11-29,Changed Mind,419.62
R0000173,O0033387,C04938,2025-10-08,Changed Mind,49.77
R0000174,O0000969,C01716,2026-01-23,Not as Expected,48.16
R0000175,O0020658,C00679,2026-08-22,Damaged,80.51
R0000176,O0015927,C01194,2026-02-19,Damaged,127.18
R0000177,O0043316,C07844,2025-09-24,Not as Expected,31.7
R0000178,O0037498,C00521,2026-03-27,Changed Mind,11.3
R0000179,O0030689,C01833,2025-04-23,Damaged,8.37
R0000180,O0038234,C03654,2026-05-20,Wrong Item,77.12
R0000181,O0029302,C04356,2026-06-29,Wrong Item,272.25
R0000182,O0051781,C02298,2025-11-25,Late Delivery,81.93
R0000183,O0040797,C00278,2025-05-10,Late Delivery,115.15
R0000184,O0003278,C07852,2026-08-06,Not as Expected,57.28
R0000185,O0044837,C04345,2026-05-28,Changed Mind,59.07
R0000186,O0001057,C05644,2026-05-09,Late Delivery,6.69
R0000187,O0010043,C05011,2025-11-17,Wrong Item,256.97
R0000188,O0036759,C01594,2026-08-02,Wrong Item,26.05
R0000189,O0057206,C03606,2026-06-10,Changed Mind,6.67
R0000190,O0046680,C01405,2026-03-08,Changed Mind,9.5
R0000191,O0037633,C00598,2026-05-20,Not as Expected,202.22
R0000192,O0012843,C04356,2025-05-21,Late Delivery,141.65
R0000193,O0010358,C01860,2025-05-05,Late Delivery,26.73
R0000194,O0014845,C00244,2026-01-22,Wrong Item,135.88
R0000195,O0038311,C01057,2025-04-26,Not as Expected,48.22
R0000196,O0051613,C00437,2026-04-06,Changed Mind,10.98
R0000197,O0020860,C02088,2025-03-22,Late Delivery,169.65
R0000198,O0013541,C05199,2026-02-20,Changed Mind,31.75
R0000199,O0030528,C05525,2025-02-08,Wrong Item,449.83
R0000200,O0012418,C03878,2025-12-09,Changed Mind,6.81
R0000201,O0047128,C07281,2025-10-23,Damaged,58.43
R0000202,O0004667,C02628,2025-07-30,Damaged,79.61
R0000203,O0005908,C00264,2026-06-14,Damaged,7.8
R0000204,O0056400,C00595,2025-10-23,Damaged,60.56
R0000205,O0046476,C01324,2025-05-26,Not as Expected,67.48
R0000206,O0000690,C07304,2026-08-06,Damaged,29.9
R0000207,O0000446,C05624,2026-01-31,Wrong Item,58.52
R0000208,O0004725,C04177,2026-08-31,Changed Mind,17.23
R0000209,O0031223,C04405,2025-09-24,Changed Mind,66.89
R0000210,O0016024,C07311,2026-03-05,Wrong Item,44.39
R0000211,O0009110,C01870,2025-09-02,Not as Expected,14.47
R0000212,O0025662,C03782,2026-04-12,Changed Mind,54.25
R0000213,O0022367,C00430,2025-01-25,Not as Expected,59.89
R0000214,O0043591,C01628,2025-12-09,Not as Expected,145.35
R0000215,O0032009,C02747,2025-08-08,Not as Expected,16.84
R0000216,O0012371,C02238,2026-04-27,Damaged,51.07
R0000217,O0001217,C05911,2025-02-27,Damaged,139.95
R0000218,O0029016,C04202,2026-07-01,Wrong Item,188.07
R0000219,O0004913,C05017,2026-07-06,Wrong Item,234.24
R0000220,O0007415,C00207,2026-03-28,Late Delivery,5.22
R0000221,O0051562,C02936,2025-05-28,Changed Mind,75.71
R0000222,O0006474,C07162,2026-05-09,Wrong Item,12.21
R0000223,O0042299,C05062,2025-02-16,Damaged,208.5
R0000224,O0008043,C02543,2025-06-15,Late Delivery,219.31
R0000225,O0001304,C06069,2026-08-04,Wrong Item,177.35
R0000226,O0046361,C00975,2025-06-22,Wrong Item,109.14
R0000227,O0033484,C06770,2025-05-27,Damaged,201.19
R0000228,O0055677,C00543,2025-12-12,Damaged,163.74
R0000229,O0031836,C04052,2025-12-02,Not as Expected,13.08
R0000230,O0017914,C07890,2026-06-26,Wrong Item,68.73
R0000231,O0032461,C02092,2025-05-29,Not as Expected,90.83
R0000232,O0041395,C02760,2026-01-19,Changed Mind,182.23
R0000233,O0036814,C07514,2026-03-06,Damaged,9.12
R0000234,O0026275,C00628,2025-01-12,Late Delivery,141.17
R0000235,O0026350,C02401,2026-01-24,Late Delivery,63.07
R0000236,O0023076,C07726,2026-03-03,Not as Expected,162.74
R0000237,O0014331,C00439,2025-05-12,Wrong Item,113.59
R0000238,O0053411,C04220,2025-01-31,Late Delivery,10.35
R0000239,O0027774,C07734,2025-11-14,Damaged,21.15
R0000240,O0030759,C01049,2026-07-17,Wrong Item,34.56
R0000241,O0032171,C03347,2025-03-15,Damaged,37.82
R0000242,O0036412,C00477,2026-02-09,Changed Mind,256.11
R0000243,O0049322,C06476,2025-08-24,Damaged,303.9
R0000244,O0058520,C04894,2026-03-22,Damaged,129.27
R0000245,O0019814,C04024,2026-05-19,Wrong Item,301.74
R0000246,O0031166,C04081,2025-05-21,Damaged,42.7
R0000247,O0055618,C06509,2025-10-06,Not as Expected,139.56
R0000248,O0015173,C06980,2025-04-28,Damaged,82.28
R0000249,O0035070,C03227,2026-07-31,Not as Expected,199.69
R0000250,O0033348,C01328,2026-02-09,Changed Mind,230.53
R0000251,O0043175,C00948,2026-03-05,Wrong Item,29.9
R0000252,O0033262,C04664,2025-07-12,Wrong Item,87.48
R0000253,O0017432,C04492,2025-07-13,Not as Expected,51.27
R0000254,O0007784,C06293,2025-07-29,Late Delivery,65.44
R0000255,O0017440,C01640,2025-07-30,Changed Mind,371.13
R0000256,O0018487,C02811,2026-05-14,Damaged,16.77
R0000257,O0022152,C02977,2026-02-03,Damaged,121.51
R0000258,O0039217,C00263,2025-11-08,Late Delivery,1418.13
R0000259,O0009158,C02053,2025-07-03,Damaged,27.88
R0000260,O0059057,C00975,2026-05-03,Changed Mind,23.65
R0000261,O0043355,C02748,2025-12-23,Late Delivery,102.74
R0000262,O0004221,C00390,2025-12-06,Not as Expected,49.88
R0000263,O0028243,C03850,2025-02-20,Damaged,39.99
R0000264,O0004637,C06680,2025-11-14,Late Delivery,120.3
R0000265,O0029278,C05862,2025-12-14,Not as Expected,69.24
R0000266,O0035982,C03824,2026-05-03,Late Delivery,76.21
R0000267,O0027135,C07465,2025-10-29,Late Delivery,284.05
R0000268,O0029367,C02497,2026-03-31,Changed Mind,24.52
R0000269,O0035332,C02249,2026-04-17,Late Delivery,35.95
R0000270,O0032777,C06960,2026-04-09,Changed Mind,92.5
R0000271,O0021669,C00006,2026-04-26,Wrong Item,233.17
R0000272,O0041858,C03947,2025-04-17,Wrong Item,363.86
R0000273,O0038503,C05775,2026-06-02,Late Delivery,61.81
R0000274,O0018212,C04567,2026-01-20,Wrong Item,96.02
R0000275,O0033799,C02948,2025-02-10,Not as Expected,54.78
R0000276,O0030213,C06834,2026-04-27,Damaged,147.11
R0000277,O0012580,C01032,2025-05-22,Late Delivery,152.97
R0000278,O0037322,C05602,2026-07-08,Late Delivery,40.85
R0000279,O0031216,C02236,2025-06-09,Changed Mind,327.89
R0000280,O0033896,C07547,2025-10-07,Changed Mind,7.96
R0000281,O0012807,C06819,2026-08-25,Changed Mind,67.68
R0000282,O0033613,C06959,2026-03-20,Damaged,79.86
R0000283,O0014994,C02775,2026-05-18,Changed Mind,71.61
R0000284,O0037839,C06408,2026-05-16,Not as Expected,15.53
R0000285,O0007452,C07593,2026-04-29,Wrong Item,383.76
R0000286,O0018675,C04246,2025-01-19,Late Delivery,108.19
R0000287,O0035157,C01090,2025-04-26,Changed Mind,84.14
R0000288,O0020534,C02764,2025-06-18,Not as Expected,9.55
R0000289,O0027165,C06804,2026-01-30,Damaged,39.4
R0000290,O0023996,C04798,2025-10-25,Damaged,266.4
R0000291,O0020688,C07831,2025-05-09,Late Delivery,14.88
R0000292,O0042071,C02329,2025-11-06,Not as Expected,135.36
R0000293,O0030941,C02579,2026-08-12,Damaged,25.95
R0000294,O0033365,C00036,2026-02-14,Wrong Item,62.4
R0000295,O0010818,C06859,2026-04-14,Wrong Item,242.17
R0000296,O0036711,C06298,2026-03-21,Wrong Item,51.96
R0000297,O0012484,C03918,2025-07-14,Damaged,48.22
R0000298,O0056902,C01457,2026-01-26,Changed Mind,51.37
R0000299,O0018031,C01711,2025-07-30,Wrong Item,103.17
R0000300,O0001055,C03763,2026-07-01,Late Delivery,226.32
R0000301,O0038266,C03701,2025-03-19,Late Delivery,27.48
R0000302,O0004311,C00464,2026-03-05,Changed Mind,97.47
R0000303,O0032765,C03303,2026-06-30,Late Delivery,664.61
R0000304,O0008969,C04666,2025-03-26,Wrong Item,9.63
R0000305,O0042222,C04646,2025-09-30,Damaged,42.14
R0000306,O0027498,C03149,2026-01-22,Late Delivery,112.56
R0000307,O0015418,C04200,2026-07-10,Changed Mind,6.37
R0000308,O0024199,C01775,2026-04-10,Late Delivery,45.56
R0000309,O0051381,C00459,2025-08-23,Wrong Item,119.89
R0000310,O0020579,C07771,2025-09-13,Late Delivery,35.78
R0000311,O0053704,C02883,2025-04-12,Changed Mind,16.47
R0000312,O0057390,C04618,2026-05-19,Not as Expected,177.05
R0000313,O0005077,C01419,2026-07-25,Late Delivery,75.98
R0000314,O0030803,C00809,2026-05-27,Wrong Item,201.28
R0000315,O0026308,C07676,2025-12-11,Wrong Item,50.83
R0000316,O0047470,C02505,2025-11-06,Late Delivery,20.85
R0000317,O0000800,C02458,2025-01-18,Wrong Item,70.63
R0000318,O0053142,C01967,2026-03-29,Not as Expected,118.06
R0000319,O0059524,C06813,2025-12-12,Damaged,52.18
R0000320,O0012598,C06083,2025-01-08,Changed Mind,64.25
R0000321,O0021813,C02656,2026-06-08,Damaged,15.53
R0000322,O0022143,C01953,2026-02-26,Wrong Item,72.24
R0000323,O0029576,C03780,2025-11-30,Late Delivery,104.37
R0000324,O0003685,C01466,2026-02-01,Late Delivery,45.24
R0000325,O0037177,C07062,2025-10-16,Late Delivery,170.5
R0000326,O0010737,C06029,2025-03-02,Late Delivery,64.76
R0000327,O0020887,C02255,2026-08-05,Changed Mind,102.44
R0000328,O0011450,C06207,2025-12-18,Wrong Item,183.93
R0000329,O0035115,C01086,2025-10-06,Late Delivery,187.12
R0000330,O0025214,C06790,2025-09-04,Wrong Item,117.17
R0000331,O0018815,C00810,2025-09-01,Late Delivery,32.74
R0000332,O0012731,C05807,2025-10-05,Damaged,142.87
R0000333,O0042631,C02240,2025-12-27,Late Delivery,32.58
R0000334,O0057623,C03758,2026-03-22,Not as Expected,74.78
R0000335,O0009943,C02395,2026-06-08,Wrong Item,18.82
R0000336,O0052339,C01328,2025-11-01,Not as Expected,335.94
R0000337,O0046275,C02493,2026-02-28,Late Delivery,49.92
R0000338,O0014047,C02631,2026-02-20,Changed Mind,7.87
R0000339,O0026366,C01996,2026-02-24,Wrong Item,162.55
R0000340,O0030123,C07758,2025-03-10,Not as Expected,72.51
R0000341,O0024360,C07287,2026-09-18,Late Delivery,53.16
R0000342,O0048576,C00039,2025-04-06,Damaged,164.48
R0000343,O0025113,C05839,2026-03-27,Not as Expected,48.12
R0000344,O0006848,C00990,2026-07-20,Changed Mind,32.85
R0000345,O0000985,C02967,2025-10-24,Wrong Item,36.12
R0000346,O0059991,C05166,2025-05-27,Changed Mind,32.37
R0000347,O0058251,C03288,2026-04-20,Late Delivery,249.95
R0000348,O0038904,C05431,2026-07-31,Damaged,27.57
R0000349,O0045393,C04438,2025-05-12,Wrong Item,255.34
R0000350,O0013807,C01373,2025-06-19,Wrong Item,95.13
R0000351,O0039228,C07894,2026-04-13,Changed Mind,30.02
R0000352,O0036481,C05023,2026-06-01,Late Delivery,456.76
R0000353,O0055136,C01079,2026-04-03,Late Delivery,258.78
R0000354,O0027613,C03204,2026-06-19,Wrong Item,237.11
R0000355,O0001518,C03100,2025-01-11,Damaged,17.15
R0000356,O0040329,C05199,2026-02-18,Not as Expected,31.87
R0000357,O0053305,C07373,2025-02-22,Wrong Item,34.95
R0000358,O0023952,C02759,2025-09-09,Damaged,120.97
R0000359,O0049432,C02264,2025-05-29,Changed Mind,14.28
R0000360,O0011320,C03965,2025-10-14,Damaged,39.37
R0000361,O0029091,C05778,2026-07-10,Not as Expected,37.69
R0000362,O0024347,C00881,2026-02-08,Damaged,124.61
R0000363,O0030159,C07082,2025-09-30,Damaged,29.44
R0000364,O0032034,C01974,2026-03-23,Wrong Item,207.5
R0000365,O0044723,C07934,2025-05-30,Not as Expected,102.96
R0000366,O0059483,C07377,2025-05-27,Wrong Item,178.61
R0000367,O0024937,C05421,2025-03-04,Wrong Item,86.54
R0000368,O0048117,C00994,2025-03-08,Changed Mind,107.03
R0000369,O0048595,C07969,2025-06-28,Changed Mind,78.63
R0000370,O0044527,C00180,2025-10-31,Changed Mind,323.28
R0000371,O0031957,C04612,2025-11-25,Wrong Item,10.89
R0000372,O0015070,C06330,2026-09-03,Changed Mind,2.87
R0000373,O0025210,C04122,2026-09-09,Late Delivery,130.9
R0000374,O0041147,C02932,2026-06-22,Changed Mind,18.16
R0000375,O0025600,C00820,2025-07-23,Changed Mind,171.01
R0000376,O0007024,C07589,2025-09-23,Changed Mind,22.83
R0000377,O0017035,C05957,2026-03-17,Late Delivery,16.93
R0000378,O0053015,C03006,2025-04-25,Late Delivery,92.83
R0000379,O0047332,C05731,2025-06-28,Damaged,14.83
R0000380,O0000757,C07369,2025-11-11,Late Delivery,39.77
R0000381,O0045680,C02786,2025-08-18,Changed Mind,71.31
R0000382,O0022986,C03628,2025-02-05,Changed Mind,241.33
R0000383,O0004082,C07831,2025-11-22,Late Delivery,37.15
R0000384,O0012016,C00789,2025-11-13,Damaged,53.56
R0000385,O0047380,C03466,2025-11-30,Wrong Item,38.04
R0000386,O0017485,C06689,2025-08-03,Not as Expected,107.46
R0000387,O0041132,C02876,2025-05-17,Not as Expected,89.59
R0000388,O0013366,C00831,2026-09-27,Late Delivery,41.26
R0000389,O0017913,C00738,2025-02-21,Wrong Item,115.74
R0000390,O0046008,C00607,2025-08-10,Damaged,47.47
R0000391,O0048674,C00430,2025-12-01,Not as Expected,23.34
R0000392,O0000211,C06059,2025-06-30,Changed Mind,51.73
R0000393,O0045747,C01997,2025-10-17,Changed Mind,291.33
R0000394,O0012718,C00758,2025-05-03,Late Delivery,415.01
R0000395,O0025081,C06308,2025-10-28,Late Delivery,47.4
R0000396,O0007091,C05223,2025-07-17,Not as Expected,126.4
R0000397,O0057637,C01474,2025-11-21,Changed Mind,352.89
R0000398,O0021873,C06365,2026-01-13,Not as Expected,139.25
R0000399,O0056407,C07627,2025-07-14,Changed Mind,67.75
R0000400,O0010774,C07176,2026-06-10,Late Delivery,1238.16
R0000401,O0021572,C00646,2025-01-31,Not as Expected,13.99
R0000402,O0039045,C01439,2026-03-19,Late Delivery,26.67
R0000403,O0035609,C05647,2026-08-14,Wrong Item,103.33
R0000404,O0018927,C04530,2026-01-26,Late Delivery,133.55
R0000405,O0047361,C00485,2025-08-19,Changed Mind,32.56
R0000406,O0054393,C07430,2025-12-30,Damaged,89.59
R0000407,O0057265,C07397,2026-07-09,Damaged,56.45
R0000408,O0030250,C01803,2025-07-29,Not as Expected,116.43
R0000409,O0059213,C07810,2025-12-28,Late Delivery,22.06
R0000410,O0031328,C07815,2026-05-10,Changed Mind,165.99
R0000411,O0033813,C07452,2026-06-28,Damaged,82.99
R0000412,O0057147,C00606,2025-06-01,Changed Mind,88.79
R0000413,O0027757,C05839,2026-04-19,Late Delivery,57.16
R0000414,O0030696,C03228,2025-12-13,Wrong Item,439.64
R0000415,O0022892,C00037,2025-09-27,Late Delivery,274.25
R0000416,O0038649,C06499,2025-10-30,Late Delivery,41.42
R0000417,O0022858,C03608,2025-09-15,Late Delivery,17.95
R0000418,O0004978,C02594,2026-03-08,Wrong Item,90.99
R0000419,O0044871,C06373,2026-04-10,Damaged,98.59
R0000420,O0020060,C04289,2025-02-25,Wrong Item,292.37
R0000421,O0001921,C05364,2025-06-06,Changed Mind,58.37
R0000422,O0051907,C01069,2026-07-04,Late Delivery,55.21
R0000423,O0055179,C03806,2025-07-17,Wrong Item,43.99
R0000424,O0043032,C04245,2025-04-28,Changed Mind,257.48
R0000425,O0006506,C02579,2025-12-26,Wrong Item,143.56
R0000426,O0006336,C02619,2025-03-11,Wrong Item,191.88
R0000427,O0014386,C00036,2025-10-21,Damaged,47.18
R0000428,O0004075,C06366,2026-06-16,Not as Expected,135.95
R0000429,O0044942,C02869,2026-03-21,Wrong Item,11.45
R0000430,O0013301,C03005,2025-04-15,Not as Expected,62.16
R0000431,O0017205,C01711,2026-07-19,Late Delivery,13.99
R0000432,O0031284,C02858,2026-06-24,Wrong Item,403.67
R0000433,O0051386,C00873,2025-03-16,Changed Mind,26.74
R0000434,O0034989,C07317,2025-12-24,Changed Mind,90.87
R0000435,O0035807,C03877,2025-09-02,Damaged,112.25
R0000436,O0020045,C02847,2025-05-04,Wrong Item,62.97
R0000437,O0020857,C00542,2025-12-03,Damaged,22.07
R0000438,O0015046,C06160,2025-07-15,Wrong Item,37.41
R0000439,O0026175,C07874,2025-02-13,Late Delivery,487.79
R0000440,O0012346,C03419,2026-07-05,Late Delivery,6.39
R0000441,O0047319,C07769,2026-05-24,Not as Expected,106.43
R0000442,O0012823,C03808,2025-11-29,Not as Expected,53.21
R0000443,O0052847,C02126,2025-01-21,Changed Mind,71.1
R0000444,O0031709,C02104,2025-11-28,Damaged,394.47
R0000445,O0049978,C02548,2025-05-16,Late Delivery,58.27
R0000446,O0057005,C00824,2025-09-13,Late Delivery,25.87
R0000447,O0000553,C03877,2025-03-29,Damaged,53.8
R0000448,O0059810,C05630,2025-09-27,Changed Mind,221.42
R0000449,O0035057,C04366,2026-09-09,Not as Expected,93.15
R0000450,O0049823,C01507,2026-01-23,Not as Expected,99.04
R0000451,O0043434,C01419,2025-02-11,Damaged,535.45
R0000452,O0023117,C03193,2025-10-09,Late Delivery,158.99
R0000453,O0058278,C04679,2025-07-18,Damaged,77.36
R0000454,O0006438,C00044,2025-02-04,Wrong Item,35.91
R0000455,O0044429,C02920,2025-04-16,Changed Mind,44.31
R0000456,O0053396,C06646,2026-04-20,Changed Mind,7.01
R0000457,O0005905,C00956,2026-06-26,Damaged,68.71
R0000458,O0042825,C01406,2025-03-31,Changed Mind,120.24
R0000459,O0015919,C06583,2025-07-19,Damaged,31.45
R0000460,O0034992,C00870,2026-05-06,Late Delivery,178.65
R0000461,O0032693,C01471,2025-12-11,Late Delivery,110.34
R0000462,O0008503,C00173,2026-08-21,Late Delivery,46.04
R0000463,O0003999,C01769,2026-01-25,Wrong Item,27.11
R0000464,O0015763,C02462,2025-08-03,Not as Expected,9.35
R0000465,O0031217,C02508,2026-04-16,Late Delivery,106.27
R0000466,O0052541,C04289,2025-05-06,Wrong Item,9.53
R0000467,O0007256,C07513,2025-08-14,Not as Expected,152.92
R0000468,O0047921,C01099,2025-05-20,Wrong Item,412.82
R0000469,O0022417,C00799,2025-10-27,Late Delivery,211.58
R0000470,O0011204,C06304,2025-09-25,Late Delivery,68.05
R0000471,O0045582,C02912,2026-03-09,Not as Expected,34.25
R0000472,O0055510,C01270,2026-02-23,Not as Expected,45.06
R0000473,O0017210,C01494,2025-07-05,Damaged,253.85
R0000474,O0051639,C01602,2025-11-15,Late Delivery,95.66
R0000475,O0059292,C02118,2026-07-10,Changed Mind,8.15
R0000476,O0027721,C01950,2026-05-22,Damaged,267.57
R0000477,O0042695,C00524,2025-01-28,Changed Mind,140.69
R0000478,O0011534,C06904,2026-01-31,Changed Mind,70.8
R0000479,O0025826,C03970,2026-07-19,Late Delivery,66.39
R0000480,O0049541,C04988,2025-02-14,Wrong Item,99.32
R0000481,O0042654,C01657,2026-07-21,Wrong Item,72.31
R0000482,O0048486,C07377,2026-06-26,Wrong Item,87.43
R0000483,O0051677,C01231,2025-03-22,Damaged,291.13
R0000484,O0009333,C02699,2026-07-17,Wrong Item,31.75
R0000485,O0024563,C00306,2025-05-16,Late Delivery,40.71
R0000486,O0048776,C06033,2025-07-01,Not as Expected,227.52
R0000487,O0039091,C00898,2025-03-13,Wrong Item,130.57
R0000488,O0056624,C07593,2026-03-18,Damaged,17.61
R0000489,O0038569,C06716,2026-09-18,Not as Expected,59.14
R0000490,O0034859,C07840,2026-05-14,Wrong Item,2.79
R0000491,O0056045,C06073,2026-01-11,Late Delivery,46.23
R0000492,O0018756,C02986,2025-09-16,Wrong Item,186.66
R0000493,O0010158,C07782,2025-04-11,Late Delivery,184.44
R0000494,O0059734,C06861,2025-08-24,Not as Expected,329.05
R0000495,O0058998,C02419,2025-07-04,Changed Mind,6.56
R0000496,O0050989,C07145,2026-04-01,Late Delivery,14.23
R0000497,O0028292,C03065,2025-04-30,Changed Mind,41.53
R0000498,O0046395,C06760,2026-07-04,Changed Mind,85.46
R0000499,O0025045,C05692,2025-03-14,Not as Expected,22.51
R0000500,O0010644,C07364,2025-11-11,Wrong Item,42.0
R0000501,O0031185,C07743,2025-06-17,Late Delivery,140.53
R0000502,O0017572,C03542,2026-08-11,Wrong Item,10.53
R0000503,O0047162,C00844,2025-05-01,Late Delivery,19.38
R0000504,O0001494,C05680,2025-11-04,Damaged,314.86
R0000505,O0045516,C03432,2025-07-08,Late Delivery,24.28
R0000506,O0036600,C06899,2025-05-26,Wrong Item,30.77
R0000507,O0040664,C07282,2025-09-02,Late Delivery,24.16
R0000508,O0025776,C02249,2025-02-14,Not as Expected,86.46
R0000509,O0038225,C07833,2026-07-18,Late Delivery,10.74
R0000510,O0044907,C07847,2025-06-06,Late Delivery,139.69
R0000511,O0050497,C01358,2026-08-22,Damaged,62.02
R0000512,O0023212,C05984,2026-03-31,Not as Expected,16.47
R0000513,O0053968,C04803,2025-09-12,Damaged,119.41
R0000514,O0042871,C01638,2026-05-26,Late Delivery,391.79
R0000515,O0025941,C06854,2026-07-26,Wrong Item,141.0
R0000516,O0030902,C03899,2026-08-03,Late Delivery,130.63
R0000517,O0025657,C02406,2026-06-26,Changed Mind,17.78
R0000518,O0032562,C06390,2026-02-28,Late Delivery,16.51
R0000519,O0034590,C07443,2026-04-16,Damaged,79.59
R0000520,O0056527,C04941,2025-06-01,Changed Mind,363.83
R0000521,O0005380,C05758,2025-03-29,Late Delivery,428.15
R0000522,O0010282,C06761,2026-07-20,Changed Mind,16.82
R0000523,O0002979,C06593,2026-04-06,Wrong Item,30.3
R0000524,O0050301,C04724,2026-08-10,Not as Expected,14.93
R0000525,O0025048,C07453,2025-11-18,Wrong Item,123.41
R0000526,O0038083,C00349,2025-11-28,Late Delivery,40.0
R0000527,O0016959,C00411,2026-05-07,Damaged,141.19
R0000528,O0013665,C00348,2025-12-27,Wrong Item,211.27
R0000529,O0037804,C03572,2025-02-06,Late Delivery,86.76
R0000530,O0019247,C03349,2025-04-26,Changed Mind,102.47
R0000531,O0010108,C03113,2026-05-31,Wrong Item,18.04
R0000532,O0020131,C07246,2025-09-27,Changed Mind,40.68
R0000533,O0022891,C05599,2026-08-13,Changed Mind,91.7
R0000534,O0042652,C01498,2025-09-13,Changed Mind,53.88
R0000535,O0022232,C07187,2026-07-02,Not as Expected,132.56
R0000536,O0053436,C07109,2025-12-07,Not as Expected,51.86
R0000537,O0059737,C06795,2026-01-23,Wrong Item,58.89
R0000538,O0054517,C01084,2025-08-28,Wrong Item,233.41
R0000539,O0004650,C06390,2026-05-23,Damaged,90.57
R0000540,O0050366,C06263,2025-08-07,Late Delivery,170.84
R0000541,O0020959,C02141,2025-05-23,Changed Mind,211.16
R0000542,O0007606,C00107,2026-06-29,Changed Mind,135.72
R0000543,O0006147,C07766,2026-06-17,Late Delivery,241.92
R0000544,O0015534,C01595,2025-07-24,Late Delivery,72.02
R0000545,O0011094,C06250,2026-05-08,Damaged,46.78
R0000546,O0017603,C00654,2025-12-13,Wrong Item,22.28
R0000547,O0034531,C00527,2026-04-08,Not as Expected,57.23
R0000548,O0002664,C06432,2025-10-11,Changed Mind,38.55
R0000549,O0029460,C05364,2025-09-12,Not as Expected,13.2
R0000550,O0051825,C07204,2025-07-05,Not as Expected,137.05
R0000551,O0018760,C06811,2025-04-21,Not as Expected,104.99
R0000552,O0016844,C01788,2025-12-24,Wrong Item,11.51
R0000553,O0035663,C03145,2025-08-14,Damaged,433.18
R0000554,O0038440,C05298,2026-06-11,Changed Mind,33.42
R0000555,O0018888,C02569,2025-03-17,Not as Expected,193.34
R0000556,O0008404,C03675,2025-01-13,Not as Expected,88.61
R0000557,O0004218,C00956,2026-07-08,Changed Mind,148.32
R0000558,O0051768,C05235,2025-04-30,Late Delivery,187.35
R0000559,O0007822,C05777,2025-05-31,Wrong Item,71.63
R0000560,O0038971,C00694,2025-09-11,Changed Mind,219.53
R0000561,O0033960,C04036,2025-07-21,Wrong Item,154.2
R0000562,O0058145,C06438,2026-05-25,Wrong Item,54.71
R0000563,O0007544,C07929,2025-08-08,Late Delivery,8.37
R0000564,O0021803,C02297,2026-08-29,Late Delivery,17.97
R0000565,O0009382,C03037,2025-11-14,Not as Expected,40.7
R0000566,O0032657,C07084,2026-05-02,Damaged,358.99
R0000567,O0020514,C00635,2025-10-30,Damaged,25.84
R0000568,O0005459,C01228,2025-03-15,Wrong Item,21.32
R0000569,O0046052,C07222,2026-01-06,Wrong Item,71.11
R0000570,O0051717,C05277,2026-07-02,Damaged,27.89
R0000571,O0020202,C02030,2025-12-11,Damaged,102.25
R0000572,O0057384,C01947,2026-04-11,Changed Mind,120.27
R0000573,O0029582,C02349,2025-02-23,Not as Expected,41.36
R0000574,O0033079,C06176,2025-11-03,Late Delivery,98.64
R0000575,O0038469,C00440,2025-05-15,Damaged,17.17
R0000576,O0043605,C00620,2025-02-21,Wrong Item,2.76
R0000577,O0008245,C00510,2025-07-08,Damaged,122.53
R0000578,O0013435,C02247,2025-11-20,Changed Mind,321.88
R0000579,O0042932,C04460,2025-06-29,Late Delivery,83.72
R0000580,O0048192,C06517,2026-03-05,Damaged,21.7
R0000581,O0037888,C04417,2025-06-02,Late Delivery,219.01
R0000582,O0042484,C06517,2025-09-07,Damaged,17.91
R0000583,O0049567,C01777,2026-05-06,Damaged,173.02
R0000584,O0007704,C06874,2025-06-19,Wrong Item,29.46
R0000585,O0009633,C02876,2025-01-27,Changed Mind,518.54
R0000586,O0014034,C00593,2025-04-14,Changed Mind,140.9
R0000587,O0040016,C07218,2025-02-27,Wrong Item,92.49
R0000588,O0004946,C00191,2025-09-15,Changed Mind,36.49
R0000589,O0007556,C01678,2026-03-24,Not as Expected,127.58
R0000590,O0023826,C06237,2026-07-31,Damaged,67.55
R0000591,O0000303,C02538,2026-04-19,Damaged,49.37
R0000592,O0020960,C03084,2026-04-10,Wrong Item,74.39
R0000593,O0001229,C05963,2025-07-28,Damaged,201.6
R0000594,O0022087,C06623,2026-04-10,Not as Expected,450.79
R0000595,O0009594,C03152,2025-08-04,Damaged,136.93
R0000596,O0054696,C05065,2025-04-29,Late Delivery,490.97
R0000597,O0051706,C02470,2026-03-26,Wrong Item,36.34
R0000598,O0022247,C03151,2026-08-29,Changed Mind,80.12
R0000599,O0016434,C00079,2025-11-20,Damaged,47.1
R0000600,O0003603,C07284,2026-01-29,Not as Expected,291.04
R0000601,O0056164,C02989,2025-12-26,Wrong Item,25.03
R0000602,O0038199,C05104,2025-06-06,Wrong Item,108.22
R0000603,O0049710,C05721,2025-05-03,Late Delivery,93.33
R0000604,O0012625,C06780,2025-08-29,Wrong Item,118.08
R0000605,O0044403,C07828,2025-10-05,Late Delivery,438.45
R0000606,O0037639,C00277,2026-08-31,Not as Expected,133.81
R0000607,O0054507,C00471,2025-08-25,Changed Mind,473.28
R0000608,O0022031,C03172,2025-10-20,Late Delivery,405.98
R0000609,O0043590,C03408,2025-09-30,Late Delivery,107.35
R0000610,O0004762,C04768,2026-02-19,Changed Mind,41.61
R0000611,O0021011,C02832,2026-02-10,Changed Mind,266.31
R0000612,O0037210,C00754,2025-04-19,Damaged,146.08
R0000613,O0043184,C04870,2025-09-27,Late Delivery,60.59
R0000614,O0032703,C03091,2025-08-02,Late Delivery,241.45
R0000615,O0011255,C02759,2026-06-06,Not as Expected,139.99
R0000616,O0041516,C07167,2026-08-15,Wrong Item,195.87
R0000617,O0046729,C05484,2026-03-06,Late Delivery,56.06
R0000618,O0036329,C03750,2025-08-01,Changed Mind,368.7
R0000619,O0027522,C04571,2025-11-03,Changed Mind,119.06
R0000620,O0011854,C07465,2025-11-03,Not as Expected,81.39
R0000621,O0057651,C07774,2025-04-22,Wrong Item,12.06
R0000622,O0047325,C07746,2026-07-04,Wrong Item,170.51
R0000623,O0019186,C07964,2025-06-22,Changed Mind,440.89
R0000624,O0024096,C06783,2025-07-22,Damaged,54.47
R0000625,O0056465,C03402,2025-09-09,Not as Expected,220.42
R0000626,O0043378,C05790,2025-12-02,Wrong Item,16.09
R0000627,O0000847,C06469,2026-03-18,Late Delivery,150.01
R0000628,O0043176,C06912,2025-02-26,Late Delivery,282.02
R0000629,O0032262,C05091,2026-07-02,Damaged,170.06
R0000630,O0053141,C04013,2025-05-15,Changed Mind,37.08
R0000631,O0058248,C04307,2025-02-19,Not as Expected,9.4
R0000632,O0020015,C02004,2026-05-31,Wrong Item,609.2
R0000633,O0021668,C04167,2026-04-16,Changed Mind,65.49
R0000634,O0012296,C07464,2025-09-17,Wrong Item,24.98
R0000635,O0059552,C04620,2025-05-30,Wrong Item,315.6
R0000636,O0030003,C06272,2025-09-25,Changed Mind,343.47
R0000637,O0042321,C00742,2025-09-04,Not as Expected,555.76
R0000638,O0026220,C05851,2026-07-11,Wrong Item,86.04
R0000639,O0046254,C02371,2026-02-11,Late Delivery,6.99
R0000640,O0032421,C01736,2025-09-20,Late Delivery,112.3
R0000641,O0035194,C06593,2025-06-13,Damaged,20.87
R0000642,O0024661,C06338,2026-06-07,Damaged,155.97
R0000643,O0052359,C04262,2025-09-25,Not as Expected,118.53
R0000644,O0014942,C03232,2026-02-09,Not as Expected,129.75
R0000645,O0055050,C03202,2026-05-14,Not as Expected,23.56
R0000646,O0024648,C07408,2026-02-23,Changed Mind,207.28
R0000647,O0007586,C00569,2026-05-10,Wrong Item,328.84
R0000648,O0042249,C02122,2026-03-05,Late Delivery,88.74
R0000649,O0002087,C04654,2025-03-07,Wrong Item,68.86
R0000650,O0024390,C05070,2026-01-23,Not as Expected,263.08
R0000651,O0057810,C07674,2026-03-17,Not as Expected,4.58
R0000652,O0059156,C05068,2026-02-04,Not as Expected,9.57
R0000653,O0006446,C05726,2026-09-07,Wrong Item,112.46
R0000654,O0028434,C00611,2026-04-23,Wrong Item,258.76
R0000655,O0047554,C06726,2025-06-26,Damaged,208.16
R0000656,O0012743,C02812,2026-01-03,Wrong Item,72.19
R0000657,O0005000,C06171,2026-01-05,Wrong Item,267.31
R0000658,O0056716,C01071,2026-08-24,Damaged,150.35
R0000659,O0039878,C00487,2025-03-14,Damaged,326.11
R0000660,O0003899,C06881,2025-08-11,Changed Mind,206.8
R0000661,O0056999,C02509,2025-08-30,Damaged,167.01
R0000662,O0045860,C07457,2025-10-02,Late Delivery,100.54
R0000663,O0020517,C01470,2026-07-23,Not as Expected,69.07
R0000664,O0056663,C07652,2025-07-03,Wrong Item,52.85
R0000665,O0021217,C03263,2026-09-22,Changed Mind,133.15
R0000666,O0051210,C05909,2026-06-10,Not as Expected,23.28
R0000667,O0023429,C01723,2025-07-18,Not as Expected,330.4
R0000668,O0038642,C07943,2026-02-12,Changed Mind,6.51
R0000669,O0058340,C04528,2026-04-26,Changed Mind,126.66
R0000670,O0004493,C04124,2025-01-26,Not as Expected,237.2
R0000671,O0038470,C06227,2025-11-05,Changed Mind,470.98
R0000672,O0009880,C06544,2025-07-23,Damaged,4.59
R0000673,O0003434,C01744,2026-09-02,Changed Mind,175.15
R0000674,O0023002,C05080,2026-08-29,Not as Expected,54.07
R0000675,O0057932,C03198,2026-09-15,Changed Mind,13.5
R0000676,O0027236,C03922,2026-03-06,Damaged,50.25
R0000677,O0033814,C03087,2026-06-15,Changed Mind,36.2
R0000678,O0033543,C00582,2026-07-20,Changed Mind,150.8
R0000679,O0047186,C02617,2025-07-02,Wrong Item,46.8
R0000680,O0059446,C07910,2026-08-09,Late Delivery,37.24
R0000681,O0047861,C05677,2025-03-21,Damaged,115.56
R0000682,O0037059,C04954,2025-09-11,Wrong Item,25.85
R0000683,O0010325,C05912,2025-06-26,Damaged,127.61
R0000684,O0025034,C03849,2026-08-08,Late Delivery,151.71
R0000685,O0040528,C03757,2026-01-19,Wrong Item,52.32
R0000686,O0049862,C01497,2026-05-04,Damaged,5.93
R0000687,O0022078,C04088,2026-08-06,Changed Mind,128.33
R0000688,O0026833,C02912,2025-05-02,Changed Mind,31.44
R0000689,O0040250,C05073,2026-07-08,Changed Mind,287.32
R0000690,O0055238,C06916,2026-05-12,Late Delivery,29.48
R0000691,O0054608,C01677,2025-03-21,Wrong Item,95.17
R0000692,O0042924,C07896,2025-07-19,Not as Expected,135.64
R0000693,O0026322,C06054,2026-01-30,Damaged,141.55
R0000694,O0048383,C07731,2025-06-13,Damaged,195.62
R0000695,O0026467,C00302,2026-05-25,Late Delivery,27.29
R0000696,O0004389,C03299,2025-08-14,Not as Expected,50.16
R0000697,O0031112,C07916,2025-03-15,Wrong Item,11.39
R0000698,O0009888,C07991,2026-03-26,Damaged,158.57
R0000699,O0025721,C07783,2026-09-04,Not as Expected,21.95
R0000700,O0029708,C07632,2026-08-26,Wrong Item,20.65
R0000701,O0032006,C07884,2026-04-11,Damaged,17.46
R0000702,O0045389,C05161,2025-04-12,Damaged,52.58
R0000703,O0001253,C02288,2025-09-18,Late Delivery,21.19
R0000704,O0046578,C03290,2026-02-02,Late Delivery,64.85
R0000705,O0058159,C07506,2025-04-14,Changed Mind,16.86
R0000706,O0004977,C05436,2026-07-19,Late Delivery,167.6
R0000707,O0048698,C03973,2026-08-13,Late Delivery,158.6
R0000708,O0036015,C00803,2025-04-20,Late Delivery,101.82
R0000709,O0046530,C06922,2026-09-03,Late Delivery,395.01
R0000710,O0018776,C06539,2026-03-28,Late Delivery,36.63
R0000711,O0052081,C07075,2025-06-18,Late Delivery,79.69
R0000712,O0038989,C01057,2026-02-18,Damaged,29.28
R0000713,O0024847,C07803,2025-10-06,Late Delivery,29.06
R0000714,O0029431,C02282,2026-02-08,Changed Mind,87.49
R0000715,O0034838,C03621,2026-03-08,Damaged,299.12
R0000716,O0005394,C04612,2025-08-26,Wrong Item,85.3
R0000717,O0021625,C03265,2025-12-04,Damaged,321.09
R0000718,O0004187,C02041,2025-03-04,Not as Expected,56.85
R0000719,O0056569,C04944,2025-08-31,Not as Expected,87.74
R0000720,O0038782,C01353,2025-08-21,Changed Mind,130.0
R0000721,O0049114,C04040,2026-01-03,Damaged,213.75
R0000722,O0031536,C01425,2025-11-06,Not as Expected,12.69
R0000723,O0056493,C02172,2025-07-11,Wrong Item,76.2
R0000724,O0058315,C04215,2025-05-06,Wrong Item,208.15
R0000725,O0027344,C05869,2026-04-12,Changed Mind,7.52
R0000726,O0001002,C03690,2025-03-09,Not as Expected,53.38
R0000727,O0049059,C07820,2026-03-29,Damaged,43.32
R0000728,O0048712,C04710,2026-01-19,Changed Mind,140.4
R0000729,O0043791,C01048,2025-03-24,Not as Expected,166.73
R0000730,O0008524,C07803,2025-12-19,Damaged,27.02
R0000731,O0037634,C07547,2025-10-05,Changed Mind,159.61
R0000732,O0050691,C07810,2025-04-03,Late Delivery,225.01
R0000733,O0020690,C07280,2025-04-08,Changed Mind,56.37
R0000734,O0047525,C00609,2025-05-09,Late Delivery,180.34
R0000735,O0010919,C04024,2025-01-23,Late Delivery,152.64
R0000736,O0041787,C02123,2026-03-26,Late Delivery,31.06
R0000737,O0055146,C02438,2026-06-01,Changed Mind,49.97
R0000738,O0056268,C06476,2026-02-22,Changed Mind,35.05
R0000739,O0015641,C06203,2025-01-15,Changed Mind,151.42
R0000740,O0039378,C05673,2025-02-05,Late Delivery,44.07
R0000741,O0037061,C07190,2025-08-26,Late Delivery,39.33
R0000742,O0045557,C04681,2026-03-16,Not as Expected,111.64
R0000743,O0053641,C05576,2025-08-29,Not as Expected,8.11
R0000744,O0008867,C06468,2025-12-28,Not as Expected,333.67
R0000745,O0044985,C07005,2025-12-14,Late Delivery,54.7
R0000746,O0014731,C00410,2025-01-26,Changed Mind,154.72
R0000747,O0052842,C03785,2025-04-17,Wrong Item,186.0
R0000748,O0001490,C04630,2025-08-05,Not as Expected,77.1
R0000749,O0053713,C00816,2026-03-23,Wrong Item,78.17
R0000750,O0002213,C00003,2026-08-23,Changed Mind,20.75
R0000751,O0059361,C06555,2025-04-10,Changed Mind,13.1
R0000752,O0032396,C00737,2025-05-12,Not as Expected,16.65
R0000753,O0019498,C07975,2025-10-11,Wrong Item,119.16
R0000754,O0011041,C06320,2025-09-30,Changed Mind,604.25
R0000755,O0020879,C04930,2026-05-23,Late Delivery,387.9
R0000756,O0017181,C05822,2026-04-27,Wrong Item,62.47
R0000757,O0048536,C06681,2025-01-31,Damaged,24.36
R0000758,O0036310,C05679,2025-09-14,Damaged,160.8
R0000759,O0005148,C03366,2025-11-04,Damaged,77.53
R0000760,O0045299,C00775,2025-05-22,Not as Expected,75.65
R0000761,O0042852,C04930,2026-07-10,Wrong Item,26.3
R0000762,O0048711,C06311,2025-04-22,Wrong Item,54.27
R0000763,O0038790,C06065,2025-12-05,Wrong Item,161.67
R0000764,O0035059,C00729,2025-01-24,Not as Expected,31.09
R0000765,O0029669,C06318,2026-02-19,Not as Expected,14.83
R0000766,O0049169,C07037,2026-08-02,Late Delivery,80.19
R0000767,O0049013,C07222,2025-07-15,Changed Mind,120.28
R0000768,O0033575,C07470,2025-12-03,Wrong Item,277.15
R0000769,O0054380,C05839,2025-07-06,Wrong Item,43.15
R0000770,O0055348,C05758,2025-09-28,Not as Expected,6.18
R0000771,O0038546,C07374,2025-08-04,Not as Expected,168.85
R0000772,O0054785,C05058,2025-09-10,Changed Mind,53.97
R0000773,O0008202,C07327,2026-07-29,Late Delivery,26.98
R0000774,O0042813,C00428,2025-05-27,Late Delivery,17.07
R0000775,O0012804,C04533,2026-04-24,Wrong Item,114.35
R0000776,O0024633,C07740,2026-06-20,Changed Mind,70.07
R0000777,O0039464,C03322,2026-02-14,Not as Expected,98.17
R0000778,O0051520,C03613,2026-05-05,Changed Mind,468.57
R0000779,O0037941,C06391,2026-02-23,Not as Expected,48.34
R0000780,O0058712,C05527,2026-01-15,Damaged,141.06
R0000781,O0023940,C01007,2025-06-27,Wrong Item,42.97
R0000782,O0011272,C04104,2026-01-10,Changed Mind,88.99
R0000783,O0002393,C00536,2025-03-26,Changed Mind,121.23
R0000784,O0011164,C07263,2025-11-19,Wrong Item,7.08
R0000785,O0024493,C07165,2025-04-21,Changed Mind,62.9
R0000786,O0047803,C02931,2026-01-18,Damaged,124.24
R0000787,O0005491,C04436,2026-04-09,Not as Expected,314.95
R0000788,O0003864,C01282,2025-05-24,Late Delivery,88.91
R0000789,O0037458,C04058,2025-09-26,Wrong Item,130.59
R0000790,O0022837,C01749,2025-04-20,Changed Mind,24.28
R0000791,O0038669,C07899,2025-12-23,Damaged,22.23
R0000792,O0021663,C04832,2026-08-28,Damaged,24.78
R0000793,O0021933,C05237,2026-08-23,Not as Expected,91.75
R0000794,O0027706,C06861,2025-08-24,Late Delivery,10.87
R0000795,O0007689,C01136,2025-02-18,Changed Mind,251.37
R0000796,O0001778,C03462,2026-08-16,Not as Expected,32.72
R0000797,O0055559,C02137,2026-02-14,Changed Mind,158.58
R0000798,O0012645,C02097,2025-06-28,Changed Mind,118.59
R0000799,O0001215,C01358,2026-02-09,Late Delivery,915.66
R0000800,O0025281,C07698,2026-06-04,Not as Expected,44.56
R0000801,O0029335,C05013,2026-04-05,Damaged,17.63
R0000802,O0011611,C01859,2026-08-09,Not as Expected,55.27
R0000803,O0018527,C03584,2025-06-28,Changed Mind,274.48
R0000804,O0008138,C02805,2025-02-04,Late Delivery,75.5
R0000805,O0054168,C07138,2025-04-27,Late Delivery,51.17
R0000806,O0040304,C03828,2025-11-02,Changed Mind,26.6
R0000807,O0006530,C02288,2025-01-29,Damaged,664.15
R0000808,O0041893,C00786,2026-05-29,Not as Expected,316.9
R0000809,O0029913,C04940,2025-02-27,Damaged,16.66
R0000810,O0003504,C05075,2025-12-18,Not as Expected,83.98
R0000811,O0039311,C07662,2026-08-30,Late Delivery,18.52
R0000812,O0033358,C06972,2026-08-10,Changed Mind,69.93
R0000813,O0050300,C03091,2026-01-12,Not as Expected,71.42
R0000814,O0021012,C06755,2025-12-01,Late Delivery,151.13
R0000815,O0046150,C00675,2025-06-17,Late Delivery,118.22
R0000816,O0034347,C01861,2026-02-25,Late Delivery,19.39
R0000817,O0040245,C00053,2025-07-08,Damaged,79.3
R0000818,O0037375,C02909,2026-06-18,Changed Mind,20.18
R0000819,O0000139,C04272,2025-08-20,Changed Mind,72.04
R0000820,O0038582,C05818,2026-05-10,Damaged,71.06
R0000821,O0002368,C07287,2026-09-13,Wrong Item,22.17
R0000822,O0016413,C00802,2025-03-03,Late Delivery,63.87
R0000823,O0035842,C04339,2025-03-19,Damaged,224.98
R0000824,O0039737,C00272,2026-03-10,Late Delivery,43.49
R0000825,O0056274,C01695,2025-12-18,Late Delivery,116.65
R0000826,O0022173,C06733,2025-01-24,Wrong Item,44.64
R0000827,O0010618,C04491,2026-06-20,Not as Expected,8.26
R0000828,O0019673,C05774,2025-08-04,Not as Expected,261.04
R0000829,O0014126,C06032,2025-03-24,Changed Mind,81.38
R0000830,O0011469,C07975,2026-08-03,Damaged,7.85
R0000831,O0054651,C04147,2026-04-16,Wrong Item,57.12
R0000832,O0003262,C01472,2026-04-04,Late Delivery,125.52
R0000833,O0015458,C06002,2025-04-16,Wrong Item,17.38
R0000834,O0008217,C04659,2025-07-30,Wrong Item,3.87
R0000835,O0035806,C01744,2026-09-06,Changed Mind,27.95
R0000836,O0049867,C04253,2025-02-10,Damaged,29.56
R0000837,O0044241,C00332,2025-06-05,Changed Mind,259.08
R0000838,O0047181,C07910,2025-08-05,Damaged,93.48
R0000839,O0045790,C03395,2025-11-09,Not as Expected,44.56
R0000840,O0056885,C03649,2025-04-30,Changed Mind,30.53
R0000841,O0040757,C00258,2025-07-17,Changed Mind,44.87
R0000842,O0036640,C05129,2026-04-29,Wrong Item,50.31
R0000843,O0057040,C01594,2025-08-24,Changed Mind,124.91
R0000844,O0036953,C00049,2025-07-02,Changed Mind,29.26
R0000845,O0003428,C04364,2025-02-28,Damaged,245.83
R0000846,O0051495,C06347,2026-09-06,Not as Expected,308.87
R0000847,O0035120,C04679,2026-01-09,Not as Expected,80.29
R0000848,O0056844,C07192,2026-07-27,Wrong Item,105.28
R0000849,O0009575,C02223,2025-04-14,Changed Mind,73.74
R0000850,O0008450,C03181,2025-07-24,Wrong Item,130.61
R0000851,O0021425,C03223,2025-06-15,Changed Mind,90.11
R0000852,O0020590,C00673,2025-04-29,Late Delivery,36.36
R0000853,O0015690,C04702,2025-09-15,Changed Mind,114.02
R0000854,O0038100,C05993,2025-08-11,Late Delivery,139.25
R0000855,O0022573,C00634,2025-07-04,Changed Mind,26.11
R0000856,O0057495,C00905,2025-06-04,Wrong Item,346.74
R0000857,O0041831,C03584,2026-09-05,Changed Mind,85.96
R0000858,O0007287,C00903,2026-05-20,Damaged,92.49
R0000859,O0014378,C03230,2025-03-13,Not as Expected,37.58
R0000860,O0015731,C04408,2026-06-06,Not as Expected,96.44
R0000861,O0021739,C07621,2025-09-11,Late Delivery,182.52
R0000862,O0026438,C03897,2025-07-16,Late Delivery,14.3
R0000863,O0031731,C06135,2026-09-03,Late Delivery,19.57
R0000864,O0011506,C02174,2025-04-09,Late Delivery,882.74
R0000865,O0040990,C05340,2026-05-18,Wrong Item,689.85
R0000866,O0048271,C04841,2025-12-13,Late Delivery,31.35
R0000867,O0030770,C02608,2026-08-25,Damaged,44.54
R0000868,O0016583,C06370,2026-08-17,Changed Mind,38.66
R0000869,O0035248,C01822,2025-06-30,Not as Expected,168.52
R0000870,O0005149,C01434,2025-12-13,Damaged,29.35
R0000871,O0055472,C05097,2025-07-09,Damaged,56.72
R0000872,O0053661,C01510,2025-06-06,Not as Expected,193.07
R0000873,O0006974,C04846,2026-04-20,Changed Mind,75.4
R0000874,O0032440,C02379,2025-02-18,Late Delivery,13.94
R0000875,O0043371,C01404,2025-09-01,Not as Expected,20.86
R0000876,O0021953,C04294,2026-05-09,Late Delivery,17.13
R0000877,O0006762,C06285,2025-07-24,Changed Mind,121.46
R0000878,O0027220,C01269,2026-05-16,Not as Expected,10.16
R0000879,O0019180,C00553,2025-10-26,Not as Expected,71.6
R0000880,O0006948,C02405,2025-03-08,Late Delivery,65.94
R0000881,O0043514,C03875,2026-05-30,Changed Mind,53.63
R0000882,O0041257,C02627,2025-12-02,Changed Mind,60.95
R0000883,O0029453,C04915,2026-07-21,Late Delivery,91.69
R0000884,O0058614,C03321,2025-03-28,Wrong Item,104.69
R0000885,O0030619,C04871,2025-02-21,Late Delivery,179.18
R0000886,O0027240,C07130,2025-03-08,Changed Mind,24.29
R0000887,O0055728,C07688,2025-09-18,Not as Expected,244.1
R0000888,O0046986,C02194,2026-09-07,Not as Expected,196.21
R0000889,O0018678,C03785,2026-02-25,Wrong Item,270.3
R0000890,O0056614,C00998,2026-02-04,Not as Expected,126.73
R0000891,O0021453,C05897,2026-07-23,Damaged,5.99
R0000892,O0022869,C06218,2026-02-24,Damaged,194.84
R0000893,O0012480,C07573,2026-01-20,Wrong Item,66.17
R0000894,O0009357,C04270,2025-08-24,Damaged,55.9
R0000895,O0035329,C04711,2025-03-23,Changed Mind,35.56
R0000896,O0042258,C03021,2026-06-28,Late Delivery,46.05
R0000897,O0012060,C02769,2025-10-18,Not as Expected,48.19
R0000898,O0023509,C01349,2025-09-29,Wrong Item,6.46
R0000899,O0015569,C02905,2025-10-29,Changed Mind,114.14
R0000900,O0008052,C03983,2026-08-20,Damaged,253.61
R0000901,O0006639,C01285,2025-09-16,Damaged,338.26
R0000902,O0043547,C00832,2026-04-02,Not as Expected,122.46
R0000903,O0004922,C02618,2025-09-27,Wrong Item,275.0
R0000904,O0023556,C05404,2026-07-23,Not as Expected,278.56
R0000905,O0040783,C03155,2026-05-06,Late Delivery,223.18
R0000906,O0043141,C04614,2025-09-17,Changed Mind,166.89
R0000907,O0035876,C05300,2025-05-12,Changed Mind,127.91
R0000908,O0053065,C02397,2025-10-17,Not as Expected,140.37
R0000909,O0038429,C03808,2026-08-03,Late Delivery,446.14
R0000910,O0011803,C04410,2025-07-25,Changed Mind,151.1
R0000911,O0040192,C03051,2025-11-21,Wrong Item,125.57
R0000912,O0028483,C01387,2026-04-12,Late Delivery,49.06
R0000913,O0045000,C01650,2025-05-07,Changed Mind,71.75
R0000914,O0044868,C03681,2025-04-20,Late Delivery,11.06
R0000915,O0019533,C00943,2025-05-01,Damaged,170.42
R0000916,O0049488,C04712,2026-05-29,Damaged,92.86
R0000917,O0015998,C01713,2025-04-03,Changed Mind,332.94
R0000918,O0050406,C04786,2025-09-04,Damaged,78.56
R0000919,O0002787,C00619,2025-08-09,Wrong Item,230.24
R0000920,O0021636,C04483,2025-07-23,Not as Expected,39.14
R0000921,O0048176,C03607,2025-08-03,Damaged,125.94
R0000922,O0019496,C06886,2026-06-24,Changed Mind,101.54
R0000923,O0056947,C02053,2026-05-11,Late Delivery,100.86
R0000924,O0043939,C06805,2026-07-07,Changed Mind,24.33
R0000925,O0020842,C07597,2026-02-22,Wrong Item,20.79
R0000926,O0043554,C06635,2025-02-12,Not as Expected,53.75
R0000927,O0039694,C01741,2025-12-26,Late Delivery,862.15
R0000928,O0038075,C04778,2025-05-23,Not as Expected,82.65
R0000929,O0027044,C07188,2026-06-14,Changed Mind,36.18
R0000930,O0021906,C03997,2026-05-09,Wrong Item,147.59
R0000931,O0052173,C07885,2025-04-09,Late Delivery,27.72
R0000932,O0030267,C07592,2025-09-12,Changed Mind,146.26
R0000933,O0035333,C00512,2026-04-14,Late Delivery,59.06
R0000934,O0029084,C00799,2026-02-23,Changed Mind,31.3
R0000935,O0005760,C04184,2025-12-18,Changed Mind,34.06
R0000936,O0014051,C03462,2026-09-01,Wrong Item,142.75
R0000937,O0017773,C01602,2025-11-28,Not as Expected,67.43
R0000938,O0043204,C03118,2025-06-23,Not as Expected,31.37
R0000939,O0041849,C05571,2026-04-11,Wrong Item,11.16
R0000940,O0025370,C07442,2025-09-17,Not as Expected,17.87
R0000941,O0018669,C05983,2025-07-29,Late Delivery,55.87
R0000942,O0053687,C05243,2025-08-23,Late Delivery,213.29
R0000943,O0008317,C06742,2025-06-27,Wrong Item,82.82
R0000944,O0022043,C07880,2025-12-09,Damaged,47.35
R0000945,O0041251,C03398,2026-06-09,Damaged,104.13
R0000946,O0038343,C00117,2025-08-21,Damaged,56.35
R0000947,O0055553,C05985,2025-07-25,Wrong Item,45.24
R0000948,O0039369,C04722,2025-11-23,Wrong Item,106.97
R0000949,O0041898,C00862,2025-02-23,Late Delivery,51.37
R0000950,O0050202,C00559,2025-10-02,Wrong Item,186.26
R0000951,O0040148,C05232,2026-09-14,Not as Expected,55.85
R0000952,O0022025,C00253,2026-02-16,Wrong Item,101.04
R0000953,O0044317,C01897,2025-04-26,Not as Expected,51.19
R0000954,O0008044,C07806,2025-04-26,Late Delivery,19.54
R0000955,O0039294,C05078,2025-04-17,Changed Mind,73.65
R0000956,O0040795,C00331,2026-02-18,Damaged,185.96
R0000957,O0057928,C01724,2025-07-21,Changed Mind,45.63
R0000958,O0031744,C00494,2026-07-19,Damaged,83.59
R0000959,O0050355,C05597,2025-08-29,Late Delivery,454.12
R0000960,O0049193,C03515,2026-04-16,Changed Mind,575.76
R0000961,O0028984,C03238,2025-06-18,Changed Mind,72.52
R0000962,O0022388,C05132,2025-02-28,Late Delivery,120.79
R0000963,O0041472,C07783,2025-08-24,Damaged,12.01
R0000964,O0024228,C07105,2026-02-24,Not as Expected,16.46
R0000965,O0004100,C06021,2025-02-01,Damaged,215.39
R0000966,O0054753,C03204,2026-03-31,Not as Expected,75.51
R0000967,O0052150,C02651,2025-06-22,Changed Mind,47.19
R0000968,O0043686,C05246,2026-05-29,Not as Expected,171.73
R0000969,O0023892,C01655,2026-05-01,Late Delivery,80.08
R0000970,O0046300,C05574,2025-10-23,Wrong Item,46.41
R0000971,O0022465,C07284,2025-12-10,Damaged,23.03
R0000972,O0012147,C07812,2026-01-22,Changed Mind,63.97
R0000973,O0045512,C03723,2025-11-26,Damaged,75.63
R0000974,O0009780,C02488,2025-11-07,Wrong Item,274.74
R0000975,O0025201,C01906,2025-02-22,Late Delivery,128.43
R0000976,O0010182,C01592,2025-08-08,Late Delivery,86.48
R0000977,O0000248,C04383,2026-05-19,Late Delivery,65.21
R0000978,O0057296,C02615,2025-11-24,Late Delivery,365.47
R0000979,O0054340,C02703,2025-09-16,Wrong Item,7.86
R0000980,O0043628,C01379,2025-07-20,Not as Expected,25.39
R0000981,O0027821,C03541,2025-08-19,Late Delivery,22.46
R0000982,O0052639,C04193,2026-01-16,Late Delivery,73.97
R0000983,O0054688,C03163,2026-07-29,Late Delivery,271.42
R0000984,O0044524,C04393,2025-02-18,Damaged,84.06
R0000985,O0033313,C00050,2026-03-27,Changed Mind,322.18
R0000986,O0044004,C07948,2025-10-08,Damaged,59.51
R0000987,O0059330,C07834,2026-03-25,Late Delivery,23.59
R0000988,O0051236,C07912,2026-03-06,Changed Mind,190.26
R0000989,O0014239,C06062,2026-07-21,Damaged,17.05
R0000990,O0047510,C03554,2025-08-26,Wrong Item,2632.69
R0000991,O0001935,C01681,2026-04-30,Changed Mind,35.69
R0000992,O0007386,C01089,2025-05-16,Late Delivery,189.96
R0000993,O0029242,C05640,2025-09-10,Wrong Item,36.7
R0000994,O0052865,C06130,2025-11-02,Wrong Item,411.86
R0000995,O0053160,C03677,2025-01-26,Wrong Item,98.29
R0000996,O0018651,C07801,2026-04-20,Changed Mind,9.91
R0000997,O0004730,C03212,2025-04-01,Late Delivery,44.88
R0000998,O0020525,C05186,2026-03-04,Changed Mind,232.05
R0000999,O0027423,C03071,2025-09-13,Changed Mind,12.04
R0001000,O0044949,C03125,2026-04-07,Late Delivery,143.2
R0001001,O0050847,C00866,2026-08-29,Late Delivery,159.86
R0001002,O0012550,C02173,2026-02-03,Late Delivery,273.49
R0001003,O0008644,C03534,2025-05-17,Wrong Item,56.39
R0001004,O0038426,C07406,2025-06-16,Late Delivery,304.81
R0001005,O0004411,C06789,2026-08-31,Changed Mind,136.76
R0001006,O0043864,C06735,2025-05-09,Late Delivery,48.24
R0001007,O0040854,C07333,2026-08-12,Late Delivery,29.62
R0001008,O0024309,C07339,2026-08-24,Changed Mind,7.67
R0001009,O0009323,C07754,2026-08-21,Changed Mind,76.8
R0001010,O0037148,C05427,2025-08-24,Wrong Item,123.32
R0001011,O0020566,C02332,2026-03-16,Changed Mind,43.62
R0001012,O0040531,C07679,2025-09-14,Changed Mind,40.5
R0001013,O0011987,C03473,2026-05-11,Damaged,220.94
R0001014,O0058580,C01155,2026-08-21,Damaged,110.75
R0001015,O0009089,C00511,2026-03-15,Damaged,165.62
R0001016,O0008455,C03867,2026-01-11,Late Delivery,87.86
R0001017,O0008418,C04235,2026-02-17,Changed Mind,170.21
R0001018,O0037849,C07452,2026-09-17,Changed Mind,54.55
R0001019,O0029354,C01013,2025-04-10,Changed Mind,57.99
R0001020,O0043234,C00464,2026-03-30,Damaged,62.06
R0001021,O0032300,C05067,2025-03-01,Late Delivery,18.01
R0001022,O0031017,C06861,2025-04-03,Wrong Item,162.66
R0001023,O0013663,C06112,2026-03-10,Damaged,24.71
R0001024,O0033956,C01120,2026-07-13,Changed Mind,3.94
R0001025,O0041364,C02085,2026-09-03,Late Delivery,107.27
R0001026,O0038171,C06592,2026-06-17,Damaged,89.21
R0001027,O0059048,C05441,2025-10-18,Late Delivery,108.9
R0001028,O0004478,C00845,2025-07-06,Wrong Item,9.75
R0001029,O0040779,C07351,2025-08-25,Damaged,86.65
R0001030,O0004239,C06771,2025-04-17,Changed Mind,18.26
R0001031,O0025313,C03543,2026-06-29,Late Delivery,242.15
R0001032,O0024774,C06304,2025-03-16,Damaged,78.54
R0001033,O0019280,C07188,2025-07-07,Changed Mind,65.49
R0001034,O0055974,C01889,2026-09-12,Wrong Item,158.25
R0001035,O0024556,C03868,2025-07-25,Late Delivery,154.72
R0001036,O0023480,C02489,2026-08-12,Changed Mind,42.58
R0001037,O0042287,C05631,2026-03-04,Wrong Item,103.14
R0001038,O0036595,C04953,2026-04-07,Damaged,78.47
R0001039,O0047487,C05954,2026-09-15,Damaged,33.37
R0001040,O0023708,C02080,2026-06-15,Late Delivery,104.64
R0001041,O0006031,C01800,2025-03-12,Late Delivery,117.4
R0001042,O0019049,C00881,2025-10-09,Late Delivery,19.9
R0001043,O0032974,C05277,2025-04-11,Wrong Item,67.05
R0001044,O0052766,C05862,2025-11-01,Late Delivery,14.72
R0001045,O0036472,C07624,2026-08-22,Late Delivery,1271.93
R0001046,O0046372,C02832,2025-11-10,Not as Expected,257.72
R0001047,O0012938,C00503,2025-04-20,Damaged,210.72
R0001048,O0058750,C02775,2026-01-27,Late Delivery,32.08
R0001049,O0056125,C05869,2025-04-16,Changed Mind,27.25
R0001050,O0025065,C03352,2025-08-24,Not as Expected,73.41
R0001051,O0058769,C03914,2026-05-04,Changed Mind,509.01
R0001052,O0022653,C02959,2025-12-11,Wrong Item,30.85
R0001053,O0032073,C07752,2025-11-28,Wrong Item,195.45
R0001054,O0045468,C00313,2025-02-21,Changed Mind,100.05
R0001055,O0042029,C07983,2025-02-02,Late Delivery,20.35
R0001056,O0057191,C00195,2025-05-09,Changed Mind,314.72
R0001057,O0039911,C00012,2025-06-28,Not as Expected,32.51
R0001058,O0058210,C07743,2025-09-30,Changed Mind,41.49
R0001059,O0000225,C05081,2026-07-27,Wrong Item,269.12
R0001060,O0046010,C07923,2025-05-08,Wrong Item,37.84
R0001061,O0048421,C05476,2025-07-05,Changed Mind,115.23
R0001062,O0058431,C00041,2025-05-05,Late Delivery,85.33
R0001063,O0056923,C07567,2025-05-27,Changed Mind,92.75
R0001064,O0024926,C07740,2025-07-09,Damaged,78.19
R0001065,O0008944,C02052,2025-09-25,Not as Expected,17.12
R0001066,O0014049,C06866,2025-03-26,Changed Mind,106.17
R0001067,O0026056,C01515,2026-07-14,Late Delivery,67.03
R0001068,O0011092,C00112,2025-12-09,Not as Expected,35.88
R0001069,O0005831,C06291,2025-12-06,Not as Expected,86.62
R0001070,O0018094,C02551,2025-04-25,Not as Expected,10.04
R0001071,O0052773,C01118,2026-03-30,Late Delivery,15.6
R0001072,O0017160,C00661,2026-02-27,Late Delivery,29.99
R0001073,O0038168,C03725,2025-12-30,Not as Expected,268.99
R0001074,O0027143,C05908,2025-10-15,Not as Expected,69.64
R0001075,O0005221,C07687,2026-03-05,Late Delivery,173.09
R0001076,O0052786,C07746,2026-08-10,Late Delivery,92.78
R0001077,O0023203,C07162,2026-04-20,Wrong Item,111.16
R0001078,O0012918,C05381,2025-06-10,Changed Mind,6.81
R0001079,O0032617,C06342,2026-07-29,Changed Mind,85.96
R0001080,O0023001,C03277,2025-03-12,Damaged,18.84
R0001081,O0010394,C02484,2025-05-03,Not as Expected,192.58
R0001082,O0023889,C03240,2025-11-23,Changed Mind,229.71
R0001083,O0002275,C07725,2025-08-13,Not as Expected,93.62
R0001084,O0056838,C07596,2026-03-07,Not as Expected,68.52
R0001085,O0002597,C06609,2025-12-01,Late Delivery,54.37
R0001086,O0005108,C05294,2025-05-03,Late Delivery,13.87
R0001087,O0038379,C01746,2026-05-26,Damaged,11.08
R0001088,O0000663,C04704,2025-10-21,Wrong Item,535.27
R0001089,O0021557,C05327,2026-08-13,Wrong Item,16.3
R0001090,O0018880,C04035,2025-03-29,Wrong Item,47.06
R0001091,O0013788,C03088,2025-04-17,Wrong Item,139.58
R0001092,O0045737,C04065,2025-07-18,Wrong Item,40.61
R0001093,O0033309,C02504,2025-02-26,Damaged,30.06
R0001094,O0044892,C04533,2026-01-09,Wrong Item,21.99
R0001095,O0020629,C06713,2025-02-21,Not as Expected,63.67
R0001096,O0006869,C03729,2025-10-09,Late Delivery,55.01
R0001097,O0052891,C06211,2025-05-11,Late Delivery,213.09
R0001098,O0040871,C05850,2026-02-12,Wrong Item,22.71
R0001099,O0058059,C01557,2025-09-10,Changed Mind,62.58
R0001100,O0053563,C06326,2025-01-13,Late Delivery,73.11
R0001101,O0054634,C00137,2026-03-05,Damaged,94.24
R0001102,O0021353,C04491,2025-10-06,Late Delivery,95.4
R0001103,O0059191,C04702,2026-06-19,Changed Mind,53.75
R0001104,O0022953,C03842,2025-05-24,Wrong Item,24.79
R0001105,O0024292,C01962,2026-06-16,Late Delivery,111.68
R0001106,O0022215,C03289,2025-06-26,Not as Expected,154.81
R0001107,O0044128,C04183,2025-06-05,Damaged,647.92
R0001108,O0007868,C07706,2025-10-29,Changed Mind,22.79
R0001109,O0030598,C00511,2026-05-31,Wrong Item,13.11
R0001110,O0040503,C02479,2025-12-22,Wrong Item,44.48
R0001111,O0053950,C06369,2025-06-26,Wrong Item,51.63
R0001112,O0039288,C04080,2026-06-16,Wrong Item,69.22
R0001113,O0035950,C06923,2026-06-05,Changed Mind,107.74
R0001114,O0023730,C04356,2026-08-19,Damaged,43.05
R0001115,O0019167,C01965,2026-09-08,Damaged,91.19
R0001116,O0054403,C00634,2026-05-24,Changed Mind,36.97
R0001117,O0008189,C03852,2025-11-27,Wrong Item,173.95
R0001118,O0033863,C05428,2026-09-07,Damaged,238.53
R0001119,O0001614,C05110,2025-03-11,Wrong Item,244.46
R0001120,O0027667,C04604,2026-01-12,Not as Expected,330.7
R0001121,O0024771,C07775,2026-02-28,Wrong Item,15.68
R0001122,O0025644,C06304,2025-12-07,Late Delivery,145.73
R0001123,O0007032,C00542,2025-09-09,Wrong Item,83.01
R0001124,O0027580,C04354,2026-02-23,Late Delivery,173.42
R0001125,O0004117,C03962,2026-07-21,Wrong Item,3.18
R0001126,O0028586,C07808,2025-04-26,Not as Expected,36.94
R0001127,O0047808,C07358,2025-02-11,Damaged,35.65
R0001128,O0039125,C06381,2026-03-15,Not as Expected,86.0
R0001129,O0042017,C01579,2026-04-05,Late Delivery,83.49
R0001130,O0036623,C02455,2025-03-21,Damaged,329.58
R0001131,O0006805,C07526,2026-08-11,Not as Expected,1093.3
R0001132,O0041139,C00089,2025-09-04,Damaged,166.57
R0001133,O0019964,C05817,2025-12-05,Changed Mind,209.37
R0001134,O0035075,C02632,2025-09-20,Wrong Item,97.09
R0001135,O0036650,C06060,2025-06-03,Wrong Item,101.79
R0001136,O0046455,C00786,2026-03-24,Wrong Item,43.31
R0001137,O0020669,C00101,2026-03-01,Damaged,67.96
R0001138,O0054297,C04416,2025-05-14,Late Delivery,219.24
R0001139,O0012469,C00318,2025-10-21,Late Delivery,277.91
R0001140,O0000063,C06166,2025-04-12,Changed Mind,74.04
R0001141,O0014451,C00575,2026-01-31,Wrong Item,5.78
R0001142,O0044059,C02454,2026-02-17,Changed Mind,391.34
R0001143,O0023659,C00306,2025-12-29,Damaged,39.2
R0001144,O0049373,C03674,2025-03-04,Changed Mind,139.65
R0001145,O0008009,C04376,2025-03-29,Damaged,22.42
R0001146,O0026171,C03114,2025-04-29,Changed Mind,218.83
R0001147,O0050019,C00947,2026-09-09,Changed Mind,53.81
R0001148,O0014295,C00138,2026-02-13,Late Delivery,166.73
R0001149,O0038701,C02864,2026-01-08,Damaged,168.9
R0001150,O0001148,C03525,2026-06-14,Not as Expected,128.43
R0001151,O0023575,C07706,2025-09-18,Not as Expected,126.0
R0001152,O0054273,C04449,2025-06-17,Late Delivery,14.75
R0001153,O0006093,C00033,2026-01-24,Wrong Item,79.95
R0001154,O0026412,C03583,2026-06-04,Wrong Item,143.12
R0001155,O0040010,C01042,2025-11-17,Damaged,78.98
R0001156,O0015422,C00944,2026-08-28,Not as Expected,68.5
R0001157,O0044741,C00658,2025-09-20,Changed Mind,28.34
R0001158,O0010574,C04447,2025-03-27,Changed Mind,41.49
R0001159,O0014740,C04689,2026-03-11,Damaged,29.62
R0001160,O0023854,C06696,2025-03-17,Not as Expected,23.07
R0001161,O0030743,C04730,2025-03-13,Wrong Item,109.94
R0001162,O0007304,C00410,2026-05-08,Changed Mind,135.59
R0001163,O0057946,C05684,2025-08-30,Changed Mind,127.63
R0001164,O0058245,C05078,2026-05-01,Changed Mind,49.58
R0001165,O0023313,C00649,2025-04-16,Not as Expected,452.22
R0001166,O0011045,C00105,2025-05-06,Changed Mind,92.89
R0001167,O0059575,C06625,2025-06-17,Not as Expected,12.61
R0001168,O0043124,C05073,2026-04-26,Wrong Item,191.57
R0001169,O0012903,C04612,2026-07-18,Late Delivery,62.03
R0001170,O0056199,C06098,2026-09-06,Wrong Item,16.69
R0001171,O0014099,C07089,2025-04-15,Damaged,56.97
R0001172,O0015550,C05818,2025-08-07,Not as Expected,129.97
R0001173,O0014804,C05298,2025-11-18,Changed Mind,3.89
R0001174,O0056120,C03762,2026-03-04,Damaged,72.94
R0001175,O0029081,C05021,2026-01-22,Not as Expected,77.03
R0001176,O0027072,C07106,2026-01-21,Changed Mind,353.73
R0001177,O0029536,C00618,2025-04-01,Changed Mind,95.77
R0001178,O0001740,C06188,2026-08-13,Late Delivery,24.68
R0001179,O0036879,C03020,2026-03-09,Late Delivery,96.09
R0001180,O0010854,C01339,2025-06-01,Wrong Item,192.57
R0001181,O0012796,C00821,2026-01-26,Damaged,378.33
R0001182,O0054215,C03708,2026-02-28,Wrong Item,131.49
R0001183,O0030168,C00861,2026-07-11,Wrong Item,85.28
R0001184,O0029846,C06871,2026-08-29,Late Delivery,9.49
R0001185,O0055084,C07574,2026-01-16,Not as Expected,70.94
R0001186,O0007101,C00596,2026-05-17,Late Delivery,90.11
R0001187,O0025173,C04520,2026-01-23,Changed Mind,93.91
R0001188,O0047004,C03898,2026-06-12,Not as Expected,36.8
R0001189,O0012170,C05202,2025-11-12,Changed Mind,116.33
R0001190,O0039206,C02552,2025-09-07,Damaged,163.91
R0001191,O0015872,C06027,2025-03-09,Late Delivery,15.79
R0001192,O0025930,C04060,2025-01-22,Changed Mind,35.87
R0001193,O0057360,C03298,2025-05-22,Late Delivery,7.48
R0001194,O0001524,C03024,2025-04-14,Late Delivery,13.95
R0001195,O0041187,C00664,2026-01-08,Wrong Item,69.86
R0001196,O0028198,C04694,2026-04-17,Late Delivery,40.88
R0001197,O0053112,C01476,2025-11-22,Not as Expected,104.38
R0001198,O0012088,C01963,2026-01-30,Wrong Item,142.97
R0001199,O0045294,C01054,2025-12-30,Wrong Item,28.3
R0001200,O0000989,C05575,2025-02-05,Changed Mind,124.63
R0001201,O0015309,C01897,2026-04-16,Damaged,163.42
R0001202,O0015342,C06585,2026-09-05,Not as Expected,17.05
R0001203,O0017188,C07953,2025-12-11,Wrong Item,91.52
R0001204,O0054248,C01954,2025-03-09,Damaged,4.76
R0001205,O0001432,C03045,2025-07-29,Wrong Item,71.3
R0001206,O0023958,C00656,2025-04-19,Wrong Item,3.53
R0001207,O0053184,C05495,2026-02-06,Late Delivery,54.87
R0001208,O0032360,C05113,2025-08-21,Changed Mind,6.21
R0001209,O0039093,C07245,2025-01-29,Late Delivery,25.38
R0001210,O0010322,C05014,2026-03-12,Damaged,191.48
R0001211,O0011488,C06012,2026-04-20,Changed Mind,24.72
R0001212,O0024940,C04704,2025-08-31,Changed Mind,19.49
R0001213,O0013388,C00402,2025-02-25,Wrong Item,83.48
R0001214,O0048699,C04323,2026-04-07,Late Delivery,25.4
R0001215,O0011216,C07688,2025-05-06,Not as Expected,8.52
R0001216,O0016960,C07548,2025-03-24,Damaged,26.6
R0001217,O0037760,C05023,2025-11-03,Late Delivery,172.09
R0001218,O0057079,C03384,2025-08-07,Damaged,126.82
R0001219,O0043049,C04684,2025-08-06,Damaged,135.84
R0001220,O0042580,C04570,2026-04-02,Not as Expected,82.03
R0001221,O0053289,C06488,2026-05-14,Changed Mind,94.39
R0001222,O0045507,C01751,2026-09-03,Late Delivery,75.2
R0001223,O0055670,C04405,2025-07-04,Changed Mind,17.57
R0001224,O0009149,C07638,2026-08-09,Changed Mind,28.62
R0001225,O0030023,C04261,2025-05-07,Not as Expected,97.25
R0001226,O0005246,C06628,2025-10-11,Wrong Item,116.56
R0001227,O0031672,C02827,2026-02-08,Wrong Item,37.27
R0001228,O0021380,C02944,2026-02-08,Changed Mind,89.55
R0001229,O0036258,C01072,2026-02-10,Wrong Item,60.64
R0001230,O0031227,C06621,2025-10-16,Late Delivery,63.28
R0001231,O0052215,C05213,2025-07-20,Late Delivery,41.18
R0001232,O0047132,C07307,2026-02-03,Late Delivery,77.74
R0001233,O0033922,C05847,2025-03-11,Not as Expected,164.67
R0001234,O0022377,C03331,2025-11-23,Changed Mind,5.77
R0001235,O0001779,C00675,2025-09-29,Damaged,239.66
R0001236,O0041723,C07411,2026-08-04,Changed Mind,72.06
R0001237,O0008171,C07143,2025-09-22,Not as Expected,16.02
R0001238,O0026754,C03503,2026-05-11,Damaged,24.58
R0001239,O0044757,C00890,2026-06-24,Wrong Item,40.48
R0001240,O0047756,C03675,2025-05-25,Wrong Item,330.51
R0001241,O0005142,C07006,2025-06-22,Not as Expected,78.98
R0001242,O0007773,C03761,2025-03-02,Late Delivery,229.3
R0001243,O0010167,C05689,2026-02-19,Wrong Item,33.01
R0001244,O0026823,C04646,2025-04-08,Late Delivery,44.54
R0001245,O0029101,C02259,2025-09-18,Late Delivery,51.34
R0001246,O0041335,C00316,2026-05-15,Wrong Item,361.85
R0001247,O0017016,C03212,2025-11-15,Damaged,239.76
R0001248,O0053006,C04658,2025-12-06,Damaged,111.06
R0001249,O0044940,C04494,2025-09-01,Wrong Item,11.04
R0001250,O0005464,C06163,2026-06-03,Late Delivery,19.14
R0001251,O0040116,C02892,2026-06-13,Damaged,9.41
R0001252,O0037400,C00713,2026-03-03,Wrong Item,7.23
R0001253,O0022984,C07523,2026-01-05,Late Delivery,82.99
R0001254,O0054853,C01185,2026-02-08,Damaged,135.87
R0001255,O0015143,C01611,2026-02-14,Damaged,105.61
R0001256,O0047571,C05025,2025-07-06,Damaged,268.13
R0001257,O0030709,C07740,2025-01-05,Wrong Item,423.63
R0001258,O0011733,C03868,2025-07-02,Wrong Item,256.4
R0001259,O0032186,C04433,2025-08-30,Late Delivery,53.83
R0001260,O0002919,C05378,2026-03-13,Damaged,84.24
R0001261,O0028774,C03274,2025-04-14,Damaged,33.62
R0001262,O0039860,C07005,2026-06-01,Not as Expected,219.92
R0001263,O0006794,C04966,2025-07-24,Damaged,17.9
R0001264,O0007404,C00057,2026-02-04,Damaged,85.28
R0001265,O0052862,C07072,2025-06-11,Late Delivery,9.62
R0001266,O0005948,C00087,2025-07-04,Damaged,12.1
R0001267,O0046099,C02601,2026-07-22,Changed Mind,118.21
R0001268,O0019364,C07746,2025-04-01,Changed Mind,74.52
R0001269,O0006384,C07980,2026-01-31,Changed Mind,102.84
R0001270,O0048539,C01663,2025-08-25,Changed Mind,78.25
R0001271,O0048186,C00567,2026-08-21,Wrong Item,28.1
R0001272,O0001193,C05584,2025-11-11,Late Delivery,6.02
R0001273,O0034809,C04411,2026-06-30,Not as Expected,31.42
R0001274,O0045061,C00236,2025-04-18,Not as Expected,69.41
R0001275,O0040856,C07248,2026-05-22,Changed Mind,96.35
R0001276,O0017650,C05404,2025-10-12,Damaged,168.78
R0001277,O0055857,C04024,2025-09-30,Late Delivery,92.35
R0001278,O0018111,C02532,2025-10-08,Wrong Item,47.06
R0001279,O0015509,C00481,2025-05-20,Changed Mind,38.08
R0001280,O0053166,C03397,2026-02-06,Changed Mind,668.21
R0001281,O0055602,C03053,2026-03-15,Damaged,33.72
R0001282,O0011847,C02964,2025-07-21,Damaged,4.56
R0001283,O0027256,C04640,2025-08-15,Wrong Item,112.34
R0001284,O0019522,C01715,2025-09-09,Changed Mind,21.05
R0001285,O0036044,C07341,2025-06-14,Late Delivery,91.36
R0001286,O0025027,C03492,2026-01-09,Late Delivery,15.98
R0001287,O0036615,C02446,2026-02-25,Changed Mind,536.39
R0001288,O0009172,C00132,2025-09-24,Changed Mind,21.12
R0001289,O0025867,C03519,2025-07-16,Damaged,77.6
R0001290,O0031375,C04354,2026-02-01,Damaged,141.06
R0001291,O0042861,C00700,2025-03-07,Not as Expected,40.83
R0001292,O0028074,C01114,2025-06-15,Late Delivery,78.86
R0001293,O0045348,C03347,2026-09-18,Late Delivery,272.12
R0001294,O0004811,C05476,2025-01-29,Changed Mind,65.68
R0001295,O0015213,C05934,2025-04-23,Late Delivery,439.03
R0001296,O0005665,C07441,2026-08-05,Damaged,437.42
R0001297,O0043348,C03717,2026-02-14,Changed Mind,136.46
R0001298,O0047965,C07273,2025-11-17,Wrong Item,82.7
R0001299,O0034076,C03688,2025-09-29,Not as Expected,60.88
R0001300,O0049431,C06763,2026-05-14,Late Delivery,159.19
R0001301,O0047064,C04789,2025-05-23,Wrong Item,27.83
R0001302,O0049911,C03291,2025-03-06,Damaged,997.79
R0001303,O0034636,C03779,2025-10-21,Wrong Item,52.39
R0001304,O0045172,C03653,2025-03-15,Wrong Item,48.22
R0001305,O0010549,C04138,2026-03-14,Damaged,182.06
R0001306,O0044611,C02376,2026-05-10,Changed Mind,356.46
R0001307,O0050258,C03435,2026-06-14,Changed Mind,31.87
R0001308,O0026524,C04671,2026-06-28,Damaged,138.95
R0001309,O0011975,C05992,2025-08-19,Not as Expected,65.0
R0001310,O0057554,C07503,2026-02-12,Not as Expected,313.31
R0001311,O0019332,C07310,2025-05-06,Late Delivery,199.24
R0001312,O0050807,C04983,2026-02-22,Not as Expected,32.16
R0001313,O0031611,C07837,2025-04-06,Not as Expected,70.89
R0001314,O0050449,C01327,2025-01-26,Late Delivery,282.13
R0001315,O0013209,C01790,2025-10-26,Not as Expected,51.53
R0001316,O0049738,C00859,2025-07-07,Changed Mind,7.85
R0001317,O0009292,C06803,2025-05-05,Late Delivery,56.98
R0001318,O0057388,C04035,2026-08-07,Wrong Item,12.9
R0001319,O0029779,C02757,2026-04-06,Late Delivery,33.62
R0001320,O0008667,C03259,2026-08-14,Wrong Item,15.01
R0001321,O0008962,C06452,2026-09-05,Not as Expected,22.05
R0001322,O0009547,C06411,2025-04-15,Wrong Item,183.62
R0001323,O0008381,C07104,2025-03-22,Damaged,20.78
R0001324,O0047796,C03333,2025-07-29,Damaged,174.5
R0001325,O0030499,C05045,2025-04-09,Damaged,30.97
R0001326,O0033935,C01103,2025-09-16,Not as Expected,15.3
R0001327,O0003954,C02584,2026-04-11,Not as Expected,62.09
R0001328,O0018915,C07450,2026-04-03,Late Delivery,25.66
R0001329,O0037121,C03608,2026-07-18,Not as Expected,51.62
R0001330,O0049587,C07080,2026-01-20,Not as Expected,36.31
R0001331,O0019455,C05611,2025-01-24,Wrong Item,16.64
R0001332,O0022803,C05261,2025-10-11,Late Delivery,329.51
R0001333,O0052946,C01807,2026-05-03,Changed Mind,34.21
R0001334,O0005505,C07882,2026-02-07,Changed Mind,60.89
R0001335,O0018581,C00138,2026-02-18,Wrong Item,428.26
R0001336,O0044050,C03193,2025-06-14,Late Delivery,81.37
R0001337,O0043541,C03223,2026-06-25,Wrong Item,125.6
R0001338,O0055442,C06218,2025-12-03,Not as Expected,65.36
R0001339,O0020581,C07435,2026-06-21,Changed Mind,96.77
R0001340,O0039370,C03382,2025-03-16,Damaged,57.21
R0001341,O0008471,C07975,2025-05-19,Changed Mind,56.23
R0001342,O0049051,C06899,2025-05-30,Changed Mind,45.99
R0001343,O0010607,C00387,2025-12-08,Not as Expected,34.14
R0001344,O0052129,C07174,2025-05-22,Wrong Item,59.36
R0001345,O0052614,C05190,2025-08-24,Not as Expected,132.33
R0001346,O0024561,C00110,2025-07-29,Late Delivery,22.8
R0001347,O0014095,C07225,2026-07-16,Late Delivery,15.32
R0001348,O0042845,C07793,2025-05-25,Late Delivery,50.15
R0001349,O0001427,C03602,2025-12-28,Wrong Item,60.5
R0001350,O0058578,C00768,2025-08-19,Damaged,600.44
R0001351,O0038051,C03867,2026-03-31,Not as Expected,47.21
R0001352,O0059928,C04201,2025-08-31,Wrong Item,114.51
R0001353,O0041424,C02429,2026-03-17,Not as Expected,42.34
R0001354,O0004990,C05554,2025-08-17,Not as Expected,58.64
R0001355,O0005103,C01200,2026-01-12,Changed Mind,59.67
R0001356,O0036563,C07527,2026-01-26,Not as Expected,165.45
R0001357,O0026849,C01614,2025-12-18,Wrong Item,38.89
R0001358,O0048638,C06295,2026-03-15,Not as Expected,14.87
R0001359,O0050831,C01706,2026-08-20,Late Delivery,77.88
R0001360,O0009942,C02341,2025-09-12,Damaged,33.35
R0001361,O0059279,C06838,2026-02-27,Changed Mind,42.02
R0001362,O0009466,C07242,2025-12-12,Changed Mind,74.76
R0001363,O0003497,C00610,2025-04-23,Not as Expected,86.76
R0001364,O0048291,C00756,2025-05-02,Damaged,8.01
R0001365,O0014255,C03223,2025-12-10,Late Delivery,47.7
R0001366,O0027338,C00216,2025-12-04,Damaged,33.46
R0001367,O0042080,C01546,2025-05-15,Changed Mind,59.82
R0001368,O0044691,C05343,2025-06-07,Changed Mind,112.22
R0001369,O0000601,C05977,2025-03-01,Changed Mind,357.97
R0001370,O0028355,C00339,2025-11-11,Damaged,108.54
R0001371,O0056485,C05829,2025-09-09,Late Delivery,707.39
R0001372,O0001675,C01185,2025-11-25,Wrong Item,94.88
R0001373,O0037972,C07758,2026-02-02,Damaged,87.36
R0001374,O0042987,C02343,2025-09-24,Not as Expected,539.91
R0001375,O0046910,C00199,2026-01-26,Changed Mind,13.69
R0001376,O0006338,C05523,2026-04-26,Changed Mind,7.13
R0001377,O0033726,C07432,2026-05-21,Changed Mind,89.38
R0001378,O0020048,C07648,2025-04-16,Late Delivery,27.06
R0001379,O0008985,C06317,2026-02-02,Not as Expected,173.93
R0001380,O0059456,C06782,2026-01-28,Changed Mind,29.31
R0001381,O0003549,C01059,2026-01-01,Changed Mind,39.81
R0001382,O0017718,C07034,2026-01-18,Not as Expected,49.02
R0001383,O0003548,C02049,2025-04-12,Wrong Item,127.99
R0001384,O0053249,C00558,2025-03-22,Late Delivery,331.9
R0001385,O0029749,C07049,2025-07-20,Wrong Item,192.62
R0001386,O0027661,C01718,2025-04-24,Damaged,50.47
R0001387,O0051645,C04363,2025-07-10,Not as Expected,913.42
R0001388,O0006752,C01126,2026-03-08,Late Delivery,18.12
R0001389,O0040565,C02760,2026-02-08,Late Delivery,61.97
R0001390,O0022536,C05524,2025-04-25,Late Delivery,55.69
R0001391,O0003958,C01482,2026-09-23,Late Delivery,447.81
R0001392,O0019074,C02043,2025-02-15,Damaged,139.45
R0001393,O0016694,C06736,2025-11-22,Wrong Item,58.69
R0001394,O0023289,C00032,2025-04-26,Changed Mind,24.24
R0001395,O0006315,C02704,2025-08-03,Wrong Item,51.15
R0001396,O0009480,C06680,2025-04-16,Damaged,113.87
R0001397,O0000926,C04592,2025-04-30,Late Delivery,89.46
R0001398,O0006476,C06603,2026-08-14,Changed Mind,159.93
R0001399,O0040374,C00132,2025-01-21,Late Delivery,137.18
R0001400,O0016355,C06361,2025-06-17,Late Delivery,176.08
R0001401,O0038941,C07457,2025-11-15,Changed Mind,114.49
R0001402,O0051848,C07219,2025-03-09,Late Delivery,148.84
R0001403,O0015264,C02852,2025-03-23,Late Delivery,117.01
R0001404,O0036890,C06854,2025-07-04,Damaged,57.59
R0001405,O0009486,C04444,2026-07-25,Late Delivery,33.56
R0001406,O0043102,C02458,2025-02-21,Late Delivery,33.24
R0001407,O0048599,C02210,2025-05-07,Changed Mind,107.39
R0001408,O0057158,C01575,2025-09-29,Not as Expected,42.42
R0001409,O0026856,C05485,2026-07-10,Wrong Item,22.51
R0001410,O0019787,C07711,2025-07-18,Not as Expected,13.56
R0001411,O0056963,C00420,2025-05-13,Not as Expected,54.42
R0001412,O0035036,C03306,2025-07-29,Wrong Item,18.67
R0001413,O0048137,C02645,2025-11-10,Late Delivery,49.3
R0001414,O0019613,C06202,2026-06-16,Damaged,15.94
R0001415,O0006793,C05953,2025-09-22,Late Delivery,61.04
R0001416,O0001012,C07312,2025-07-17,Changed Mind,39.77
R0001417,O0047829,C00455,2025-09-18,Not as Expected,36.31
R0001418,O0006290,C02883,2025-11-22,Late Delivery,28.75
R0001419,O0003855,C03104,2025-06-20,Damaged,12.89
R0001420,O0042947,C00150,2025-03-19,Wrong Item,15.55
R0001421,O0029286,C00893,2025-02-15,Changed Mind,12.22
R0001422,O0004546,C06855,2026-04-22,Changed Mind,50.05
R0001423,O0013791,C01380,2026-06-29,Wrong Item,245.06
R0001424,O0010603,C04366,2026-01-31,Late Delivery,59.58
R0001425,O0035346,C02521,2025-01-27,Wrong Item,51.93
R0001426,O0037841,C07992,2025-08-12,Damaged,598.22
R0001427,O0046921,C02167,2025-06-30,Wrong Item,136.93
R0001428,O0020221,C06997,2025-08-27,Not as Expected,28.31
R0001429,O0013815,C07023,2026-03-12,Not as Expected,36.33
R0001430,O0021991,C05302,2025-09-07,Late Delivery,20.23
R0001431,O0045800,C07148,2025-03-30,Not as Expected,39.07
R0001432,O0024252,C03206,2026-08-31,Wrong Item,15.92
R0001433,O0045319,C03735,2025-12-29,Changed Mind,12.87
R0001434,O0028697,C01267,2026-08-03,Wrong Item,315.35
R0001435,O0005019,C03978,2025-11-28,Changed Mind,50.46
R0001436,O0014057,C06237,2025-07-05,Damaged,20.18
R0001437,O0001581,C03694,2025-07-09,Wrong Item,214.93
R0001438,O0010006,C01862,2025-10-25,Damaged,78.81
R0001439,O0022684,C03741,2025-06-12,Not as Expected,545.05
R0001440,O0054918,C04793,2025-04-09,Not as Expected,75.01
R0001441,O0040673,C03463,2026-06-01,Not as Expected,25.55
R0001442,O0037163,C03929,2026-02-06,Wrong Item,55.73
R0001443,O0036246,C04290,2025-06-22,Damaged,168.49
R0001444,O0028840,C03419,2025-09-12,Not as Expected,129.64
R0001445,O0051079,C07766,2026-05-31,Late Delivery,21.42
R0001446,O0000286,C03429,2026-02-20,Wrong Item,111.12
R0001447,O0029461,C04393,2025-05-04,Wrong Item,8.88
R0001448,O0020023,C01297,2025-10-15,Wrong Item,36.32
R0001449,O0022997,C02140,2025-08-27,Damaged,112.72
R0001450,O0023064,C02376,2025-06-30,Wrong Item,320.49
R0001451,O0014701,C07569,2026-03-04,Damaged,43.1
R0001452,O0031661,C07911,2025-10-15,Wrong Item,16.48
R0001453,O0002693,C00232,2026-03-27,Late Delivery,81.54
R0001454,O0034272,C05961,2025-05-09,Late Delivery,98.71
R0001455,O0029539,C00947,2026-01-27,Late Delivery,15.15
R0001456,O0027305,C04089,2025-03-09,Not as Expected,485.78
R0001457,O0001575,C02532,2025-03-05,Changed Mind,54.2
R0001458,O0035901,C00140,2025-02-03,Damaged,55.98
R0001459,O0021821,C01859,2026-04-13,Late Delivery,183.42
R0001460,O0044089,C00590,2026-09-01,Damaged,88.53
R0001461,O0059944,C02626,2025-08-16,Damaged,32.16
R0001462,O0057935,C03568,2026-01-20,Damaged,67.37
R0001463,O0036084,C04169,2026-04-27,Wrong Item,82.23
R0001464,O0045890,C01385,2025-02-13,Damaged,38.58
R0001465,O0017317,C06902,2026-05-17,Wrong Item,141.25
R0001466,O0035245,C01838,2026-07-05,Not as Expected,71.32
R0001467,O0004294,C02583,2025-10-27,Changed Mind,124.14
R0001468,O0021699,C07103,2026-08-31,Not as Expected,142.46
R0001469,O0033347,C00825,2025-05-31,Not as Expected,211.09
R0001470,O0017139,C03469,2025-07-04,Not as Expected,41.26
R0001471,O0058532,C07444,2025-06-13,Not as Expected,252.62
R0001472,O0006367,C04767,2025-02-22,Not as Expected,35.62
R0001473,O0001000,C02928,2026-03-19,Damaged,25.17
R0001474,O0043411,C01669,2025-12-17,Late Delivery,61.11
R0001475,O0041263,C03893,2026-01-26,Damaged,55.96
R0001476,O0002266,C05476,2025-07-23,Late Delivery,137.6
R0001477,O0014196,C04048,2025-06-14,Late Delivery,98.44
R0001478,O0038659,C04533,2025-07-20,Wrong Item,117.22
R0001479,O0059318,C05012,2026-08-23,Not as Expected,13.36
R0001480,O0035438,C05678,2026-08-10,Not as Expected,42.41
R0001481,O0027533,C02422,2025-03-01,Damaged,162.35
R0001482,O0016516,C04950,2025-06-26,Late Delivery,29.59
R0001483,O0056174,C01920,2026-07-20,Wrong Item,133.55
R0001484,O0027367,C03961,2026-05-06,Wrong Item,35.73
R0001485,O0004975,C02001,2025-11-23,Late Delivery,124.56
R0001486,O0034762,C01193,2025-07-20,Wrong Item,159.06
R0001487,O0011756,C01051,2026-08-21,Changed Mind,40.71
R0001488,O0031942,C04062,2026-04-20,Damaged,55.11
R0001489,O0035169,C02941,2026-06-17,Late Delivery,43.13
R0001490,O0017165,C05985,2026-09-19,Changed Mind,8.53
R0001491,O0037499,C05298,2026-06-29,Wrong Item,26.63
R0001492,O0056568,C01290,2025-06-02,Late Delivery,106.2
R0001493,O0022320,C05541,2025-10-25,Damaged,13.28
R0001494,O0022680,C07669,2025-03-20,Late Delivery,91.18
R0001495,O0009791,C00975,2026-03-17,Damaged,15.47
R0001496,O0027058,C01390,2025-05-21,Damaged,32.31
R0001497,O0041067,C06392,2025-07-22,Changed Mind,234.03
R0001498,O0007389,C05816,2025-12-31,Changed Mind,81.28
R0001499,O0003766,C05806,2025-10-17,Changed Mind,288.17
R0001500,O0040168,C07332,2026-04-14,Wrong Item,77.61
R0001501,O0044585,C04657,2025-02-23,Changed Mind,52.46
R0001502,O0056071,C04080,2025-02-14,Changed Mind,50.79
R0001503,O0033669,C00680,2025-05-03,Not as Expected,72.72
R0001504,O0018699,C00126,2025-08-24,Damaged,177.44
R0001505,O0049110,C03902,2025-08-31,Late Delivery,10.83
R0001506,O0002851,C05139,2026-03-06,Wrong Item,95.6
R0001507,O0027260,C06706,2025-09-29,Changed Mind,13.61
R0001508,O0033916,C01965,2026-02-07,Damaged,57.12
R0001509,O0038142,C06594,2025-12-07,Late Delivery,172.03
R0001510,O0048471,C01498,2025-08-11,Changed Mind,102.3
R0001511,O0011411,C00848,2026-07-05,Wrong Item,111.4
R0001512,O0000784,C00791,2025-03-12,Damaged,34.6
R0001513,O0022098,C01153,2026-08-17,Changed Mind,40.17
R0001514,O0046356,C06266,2026-04-24,Not as Expected,144.22
R0001515,O0023303,C04424,2026-04-17,Late Delivery,370.43
R0001516,O0029304,C06405,2026-02-08,Late Delivery,87.25
R0001517,O0019478,C05754,2026-07-13,Wrong Item,9.83
R0001518,O0036982,C01670,2026-02-24,Damaged,283.21
R0001519,O0057132,C00681,2025-12-18,Wrong Item,14.88
R0001520,O0036881,C07257,2025-08-10,Late Delivery,29.48
R0001521,O0021505,C07189,2026-02-08,Changed Mind,139.64
R0001522,O0036696,C02606,2026-05-09,Damaged,117.25
R0001523,O0020812,C01419,2025-09-23,Damaged,57.08
R0001524,O0021419,C02148,2025-09-19,Wrong Item,33.91
R0001525,O0012466,C06495,2025-08-28,Not as Expected,185.38
R0001526,O0005089,C02806,2025-01-12,Late Delivery,118.01
R0001527,O0028978,C00395,2025-09-15,Damaged,38.2
R0001528,O0005006,C07908,2026-05-28,Late Delivery,126.83
R0001529,O0034286,C07872,2026-06-23,Changed Mind,14.44
R0001530,O0045547,C04584,2026-02-18,Wrong Item,132.2
R0001531,O0008159,C06492,2025-12-18,Not as Expected,360.3
R0001532,O0037593,C01136,2026-07-13,Not as Expected,233.25
R0001533,O0005127,C01678,2026-02-23,Changed Mind,68.73
R0001534,O0002180,C03650,2026-05-25,Changed Mind,79.85
R0001535,O0013221,C07751,2025-07-28,Damaged,167.86
R0001536,O0019288,C04173,2026-05-25,Changed Mind,33.15
R0001537,O0052715,C02422,2025-04-23,Late Delivery,74.98
R0001538,O0004177,C06552,2025-02-20,Not as Expected,91.69
R0001539,O0005695,C07531,2026-08-19,Damaged,144.74
R0001540,O0000089,C03297,2025-09-27,Not as Expected,399.11
R0001541,O0045955,C00079,2025-05-06,Not as Expected,97.25
R0001542,O0032737,C05832,2025-05-06,Wrong Item,211.25
R0001543,O0016443,C02611,2025-06-02,Changed Mind,12.51
R0001544,O0003398,C00659,2026-05-18,Damaged,98.93
R0001545,O0008124,C06360,2026-04-29,Not as Expected,224.85
R0001546,O0021232,C06336,2025-04-13,Wrong Item,487.23
R0001547,O0023182,C01841,2025-05-03,Late Delivery,34.04
R0001548,O0003704,C04937,2025-02-20,Late Delivery,83.33
R0001549,O0041685,C00029,2026-08-02,Wrong Item,46.02
R0001550,O0001955,C02724,2026-08-09,Late Delivery,16.54
R0001551,O0035356,C02650,2025-12-14,Damaged,464.5
R0001552,O0024682,C07170,2025-04-02,Late Delivery,14.42
R0001553,O0055833,C04615,2026-09-08,Wrong Item,51.47
R0001554,O0054414,C07049,2025-04-06,Not as Expected,89.66
R0001555,O0031184,C02771,2026-04-28,Late Delivery,284.44
R0001556,O0051066,C07163,2025-06-24,Wrong Item,219.72
R0001557,O0046425,C06912,2025-05-10,Not as Expected,248.38
R0001558,O0013745,C04879,2025-05-13,Wrong Item,148.06
R0001559,O0035037,C03171,2025-12-18,Not as Expected,42.35
R0001560,O0003362,C01406,2026-06-18,Changed Mind,19.0
R0001561,O0048306,C06556,2025-12-08,Damaged,26.09
R0001562,O0044777,C05600,2025-07-19,Late Delivery,137.48
R0001563,O0020268,C03221,2025-04-22,Changed Mind,67.73
R0001564,O0025579,C00786,2026-06-22,Damaged,241.76
R0001565,O0020391,C01301,2026-04-11,Damaged,15.4
R0001566,O0039387,C00258,2025-01-22,Changed Mind,26.22
R0001567,O0026153,C01603,2025-02-19,Damaged,154.52
R0001568,O0035599,C06021,2025-01-12,Changed Mind,51.09
R0001569,O0017669,C02359,2026-02-22,Late Delivery,45.49
R0001570,O0000199,C06834,2026-05-14,Wrong Item,50.45
R0001571,O0036244,C03348,2026-01-07,Not as Expected,13.36
R0001572,O0054448,C04957,2025-07-02,Late Delivery,101.3
R0001573,O0017829,C00647,2026-07-27,Damaged,18.34
R0001574,O0010928,C03221,2025-06-15,Wrong Item,56.48
R0001575,O0003407,C02791,2025-04-08,Wrong Item,82.05
R0001576,O0053363,C01116,2026-07-06,Wrong Item,30.84
R0001577,O0023816,C04574,2026-08-11,Changed Mind,38.72
R0001578,O0043977,C02336,2026-08-06,Late Delivery,43.84
R0001579,O0031909,C06887,2026-03-14,Not as Expected,137.76
R0001580,O0039141,C04036,2025-12-07,Late Delivery,24.71
R0001581,O0049215,C00240,2025-03-30,Changed Mind,54.72
R0001582,O0017707,C03164,2025-12-03,Wrong Item,124.63
R0001583,O0048139,C03680,2025-10-20,Wrong Item,264.63
R0001584,O0044682,C06554,2026-03-04,Damaged,207.93
R0001585,O0054524,C01054,2025-10-30,Late Delivery,31.63
R0001586,O0030607,C06162,2025-06-15,Not as Expected,27.64
R0001587,O0012744,C00284,2025-07-30,Not as Expected,126.74
R0001588,O0053031,C07020,2025-09-14,Changed Mind,86.31
R0001589,O0045549,C01706,2026-09-09,Late Delivery,138.76
R0001590,O0010536,C07193,2025-10-13,Not as Expected,268.24
R0001591,O0047097,C07377,2026-06-21,Damaged,46.08
R0001592,O0026287,C00349,2025-11-03,Not as Expected,78.05
R0001593,O0056013,C06206,2026-06-09,Damaged,38.81
R0001594,O0039678,C02840,2025-09-06,Late Delivery,61.28
R0001595,O0056934,C00873,2026-07-13,Damaged,103.86
R0001596,O0037686,C01953,2025-07-13,Late Delivery,118.45
R0001597,O0012959,C03538,2026-07-26,Damaged,38.11
R0001598,O0052688,C01097,2026-09-12,Wrong Item,174.0
R0001599,O0047875,C04672,2026-03-21,Wrong Item,51.02
R0001600,O0047647,C00281,2025-08-16,Late Delivery,55.71
R0001601,O0040203,C06389,2025-10-23,Not as Expected,21.97
R0001602,O0016948,C00827,2025-07-26,Wrong Item,60.5
R0001603,O0024180,C06078,2026-04-08,Late Delivery,56.28
R0001604,O0004039,C02339,2026-07-04,Not as Expected,10.73
R0001605,O0048316,C00502,2026-01-16,Late Delivery,51.18
R0001606,O0011224,C03421,2026-02-08,Wrong Item,210.01
R0001607,O0026920,C06362,2025-10-25,Not as Expected,27.27
R0001608,O0021490,C06003,2026-09-12,Damaged,50.55
R0001609,O0059749,C03600,2026-04-10,Damaged,90.55
R0001610,O0003745,C07292,2026-04-05,Not as Expected,13.13
R0001611,O0025032,C06113,2026-02-28,Late Delivery,629.58
R0001612,O0057177,C07167,2025-05-18,Late Delivery,21.61
R0001613,O0033833,C04409,2025-08-30,Wrong Item,232.89
R0001614,O0005623,C01777,2025-08-17,Wrong Item,151.97
R0001615,O0011330,C06986,2026-08-12,Not as Expected,17.46
R0001616,O0034727,C03487,2026-08-22,Late Delivery,62.69
R0001617,O0025086,C00464,2026-07-17,Not as Expected,218.33
R0001618,O0008263,C06514,2026-05-08,Damaged,52.06
R0001619,O0041356,C02768,2026-06-06,Late Delivery,101.09
R0001620,O0031645,C00763,2025-11-07,Wrong Item,201.24
R0001621,O0033241,C05525,2026-02-10,Damaged,119.05
R0001622,O0037879,C02684,2026-06-17,Wrong Item,131.88
R0001623,O0002846,C01373,2025-12-23,Damaged,33.32
R0001624,O0052282,C05670,2025-06-22,Late Delivery,192.84
R0001625,O0021314,C01082,2025-02-09,Late Delivery,27.0
R0001626,O0008569,C03867,2025-12-24,Changed Mind,171.13
R0001627,O0003435,C05296,2026-02-26,Not as Expected,35.84
R0001628,O0044790,C06740,2026-07-28,Changed Mind,9.64
R0001629,O0047914,C07595,2025-10-28,Damaged,159.89
R0001630,O0046100,C06218,2025-08-12,Wrong Item,604.54
R0001631,O0033014,C04855,2026-01-25,Wrong Item,68.77
R0001632,O0000787,C05683,2025-06-26,Wrong Item,16.22
R0001633,O0009061,C04433,2026-01-17,Changed Mind,92.76
R0001634,O0021877,C02736,2025-05-29,Late Delivery,377.99
R0001635,O0030195,C07189,2025-05-20,Wrong Item,21.42
R0001636,O0011158,C03167,2025-01-07,Changed Mind,8.66
R0001637,O0020129,C05708,2025-12-30,Wrong Item,65.7
R0001638,O0031290,C04158,2026-02-01,Damaged,45.89
R0001639,O0016039,C02891,2025-07-10,Damaged,3.21
R0001640,O0004339,C01342,2026-07-30,Late Delivery,189.09
R0001641,O0030206,C04847,2026-03-02,Late Delivery,83.62
R0001642,O0005206,C05140,2026-04-30,Not as Expected,13.25
R0001643,O0010274,C02181,2025-04-15,Wrong Item,190.48
R0001644,O0040970,C00999,2025-02-15,Damaged,28.62
R0001645,O0055956,C02939,2025-09-01,Wrong Item,41.57
R0001646,O0028638,C03483,2025-01-31,Not as Expected,19.01
R0001647,O0053029,C00858,2025-12-28,Wrong Item,41.29
R0001648,O0033401,C05118,2026-03-15,Wrong Item,93.6
R0001649,O0023495,C05763,2025-11-03,Wrong Item,113.83
R0001650,O0031925,C04182,2025-11-17,Not as Expected,153.77
R0001651,O0045097,C07426,2026-07-06,Not as Expected,33.26
R0001652,O0042957,C05967,2025-10-13,Not as Expected,67.99
R0001653,O0032392,C07201,2026-01-08,Late Delivery,179.18
R0001654,O0042116,C07326,2026-03-01,Changed Mind,36.91
R0001655,O0037055,C02431,2025-02-23,Wrong Item,2064.17
R0001656,O0027329,C07397,2025-04-11,Not as Expected,50.87
R0001657,O0054075,C05306,2026-03-21,Late Delivery,24.88
R0001658,O0028472,C02677,2025-10-24,Damaged,13.29
R0001659,O0028081,C04607,2026-03-13,Damaged,47.49
R0001660,O0047085,C00295,2026-05-06,Not as Expected,37.65
R0001661,O0007792,C04431,2025-05-10,Not as Expected,69.49
R0001662,O0016930,C07168,2025-10-31,Wrong Item,210.62
R0001663,O0009598,C01562,2026-02-20,Damaged,29.26
R0001664,O0013312,C01345,2025-11-28,Changed Mind,73.03
R0001665,O0000551,C02023,2026-06-27,Late Delivery,61.4
R0001666,O0032043,C03080,2025-05-15,Damaged,245.82
R0001667,O0016897,C00131,2025-05-08,Not as Expected,2265.28
R0001668,O0044734,C03165,2025-05-11,Wrong Item,189.63
R0001669,O0057743,C06432,2025-06-13,Wrong Item,83.33
R0001670,O0017795,C07046,2025-04-26,Wrong Item,218.12
R0001671,O0039010,C07388,2026-05-12,Late Delivery,73.02
R0001672,O0011510,C03249,2026-05-10,Changed Mind,65.84
R0001673,O0028654,C00391,2025-09-19,Changed Mind,19.36
R0001674,O0019893,C05214,2025-09-12,Not as Expected,27.85
R0001675,O0057057,C00854,2026-02-17,Changed Mind,14.22
R0001676,O0023012,C07207,2026-02-07,Wrong Item,338.53
R0001677,O0005656,C03016,2025-03-25,Damaged,38.73
R0001678,O0035386,C03029,2025-10-28,Late Delivery,9.93
R0001679,O0013025,C05258,2025-12-24,Late Delivery,101.83
R0001680,O0056280,C07201,2025-11-04,Wrong Item,123.87
R0001681,O0006831,C00669,2026-09-17,Late Delivery,307.97
R0001682,O0011199,C00854,2026-02-15,Not as Expected,315.41
R0001683,O0008855,C03021,2026-01-01,Wrong Item,86.23
R0001684,O0001812,C07496,2026-08-29,Not as Expected,16.64
R0001685,O0010974,C00468,2025-03-02,Wrong Item,92.25
R0001686,O0008164,C01087,2025-02-17,Damaged,15.62
R0001687,O0013170,C02601,2026-01-28,Not as Expected,56.31
R0001688,O0016441,C03775,2025-11-20,Late Delivery,28.46
R0001689,O0020538,C03152,2025-01-25,Wrong Item,67.11
R0001690,O0035191,C00119,2025-10-05,Wrong Item,466.6
R0001691,O0028727,C03366,2026-07-16,Wrong Item,32.07
R0001692,O0004038,C06892,2025-10-07,Wrong Item,34.99
R0001693,O0037980,C00353,2025-11-09,Damaged,38.75
R0001694,O0059857,C00738,2025-09-20,Not as Expected,7.53
R0001695,O0052252,C07760,2025-06-20,Not as Expected,37.42
R0001696,O0047688,C03031,2026-05-08,Late Delivery,165.46
R0001697,O0048280,C05667,2025-04-29,Late Delivery,60.77
R0001698,O0017511,C07775,2026-08-25,Not as Expected,55.93
R0001699,O0012035,C06339,2026-09-18,Changed Mind,39.23
R0001700,O0038276,C07732,2025-06-05,Late Delivery,98.36
R0001701,O0006841,C02114,2026-06-06,Not as Expected,259.67
R0001702,O0043510,C03177,2026-08-18,Late Delivery,124.52
R0001703,O0007292,C03916,2025-02-12,Damaged,102.12
R0001704,O0010665,C04324,2025-06-23,Damaged,78.59
R0001705,O0005658,C02305,2026-08-10,Changed Mind,29.27
R0001706,O0013252,C02146,2026-04-18,Late Delivery,230.13
R0001707,O0053457,C04286,2025-04-15,Changed Mind,15.12
R0001708,O0022667,C05437,2025-09-09,Wrong Item,53.18
R0001709,O0056200,C07772,2025-12-18,Damaged,239.92
R0001710,O0050767,C02459,2026-01-03,Late Delivery,26.65
R0001711,O0035463,C07174,2025-06-23,Damaged,18.28
R0001712,O0047312,C07658,2025-04-14,Wrong Item,12.81
R0001713,O0035980,C04279,2025-05-27,Wrong Item,9.77
R0001714,O0032056,C05924,2025-07-04,Changed Mind,17.71
R0001715,O0042436,C04608,2025-09-08,Changed Mind,76.9
R0001716,O0041872,C06654,2025-01-30,Damaged,160.98
R0001717,O0024445,C01574,2025-01-27,Damaged,62.49
R0001718,O0054397,C00809,2025-11-19,Damaged,92.85
R0001719,O0055426,C04905,2025-04-20,Damaged,82.91
R0001720,O0015198,C02609,2026-03-05,Wrong Item,28.5
R0001721,O0012054,C00255,2026-04-04,Not as Expected,37.35
R0001722,O0006839,C01594,2026-04-30,Not as Expected,511.13
R0001723,O0049592,C06943,2026-08-11,Late Delivery,262.66
R0001724,O0004485,C03978,2025-05-31,Damaged,262.66
R0001725,O0013151,C03514,2025-06-18,Not as Expected,14.56
R0001726,O0026861,C01536,2025-09-12,Not as Expected,501.8
R0001727,O0027903,C04838,2025-03-29,Damaged,6.49
R0001728,O0034554,C05630,2026-03-01,Not as Expected,104.7
R0001729,O0007016,C05433,2025-02-20,Not as Expected,1774.69
R0001730,O0049332,C04153,2026-01-06,Not as Expected,58.45
R0001731,O0002441,C07304,2025-11-29,Damaged,79.35
R0001732,O0050185,C01215,2026-02-23,Changed Mind,112.13
R0001733,O0012581,C07908,2026-02-20,Changed Mind,48.73
R0001734,O0000671,C00766,2025-09-30,Changed Mind,167.41
R0001735,O0033459,C02700,2026-05-26,Damaged,154.62
R0001736,O0015344,C05044,2025-11-25,Damaged,77.5
R0001737,O0056391,C00520,2025-05-28,Wrong Item,43.6
R0001738,O0016335,C00801,2025-07-09,Late Delivery,29.14
R0001739,O0040080,C02340,2025-10-06,Damaged,588.06
R0001740,O0042599,C00268,2025-01-25,Late Delivery,58.86
R0001741,O0000135,C01579,2026-08-25,Damaged,210.85
R0001742,O0036856,C00047,2026-08-17,Damaged,82.46
R0001743,O0009108,C07589,2025-01-19,Late Delivery,393.14
R0001744,O0022452,C03947,2026-09-11,Late Delivery,81.48
R0001745,O0041763,C06281,2025-03-15,Not as Expected,17.65
R0001746,O0031991,C01366,2026-09-05,Late Delivery,394.48
R0001747,O0059662,C01438,2026-04-15,Late Delivery,49.5
R0001748,O0006927,C06311,2025-02-05,Changed Mind,69.73
R0001749,O0012366,C06539,2025-04-17,Changed Mind,50.59
R0001750,O0019975,C04968,2025-06-20,Late Delivery,49.32
R0001751,O0001561,C00351,2025-10-08,Late Delivery,120.07
R0001752,O0030209,C05989,2025-12-12,Not as Expected,3.26
R0001753,O0000179,C01919,2025-11-16,Changed Mind,25.27
R0001754,O0004954,C05099,2026-08-20,Changed Mind,173.53
R0001755,O0009753,C05034,2025-05-30,Changed Mind,117.91
R0001756,O0011630,C01763,2026-02-26,Wrong Item,53.63
R0001757,O0046575,C01320,2025-09-03,Changed Mind,176.04
R0001758,O0007280,C01576,2026-02-01,Not as Expected,96.59
R0001759,O0048038,C03497,2025-02-09,Not as Expected,45.07
R0001760,O0005185,C04025,2025-11-26,Damaged,176.46
R0001761,O0019355,C05339,2026-07-31,Wrong Item,75.98
R0001762,O0018437,C02268,2025-05-01,Damaged,75.11
R0001763,O0020008,C01717,2025-10-03,Changed Mind,58.12
R0001764,O0028012,C02936,2025-09-25,Wrong Item,341.8
R0001765,O0057749,C06675,2026-03-04,Damaged,102.87
R0001766,O0022021,C06433,2026-04-18,Wrong Item,132.37
R0001767,O0015791,C01558,2025-12-20,Late Delivery,56.33
R0001768,O0039205,C02218,2026-07-06,Wrong Item,93.08
R0001769,O0008134,C06734,2026-03-23,Late Delivery,319.31
R0001770,O0057853,C07287,2026-04-25,Damaged,161.22
R0001771,O0008945,C05726,2025-04-01,Not as Expected,28.63
R0001772,O0055916,C05738,2026-07-30,Damaged,76.89
R0001773,O0050882,C04788,2025-09-05,Changed Mind,74.68
R0001774,O0012134,C00095,2026-05-08,Changed Mind,53.92
R0001775,O0052905,C03938,2026-08-28,Wrong Item,22.37
R0001776,O0050495,C07438,2025-08-16,Not as Expected,9.76
R0001777,O0042308,C01641,2025-10-11,Late Delivery,84.51
R0001778,O0030441,C02472,2026-04-18,Wrong Item,119.13
R0001779,O0012788,C06078,2025-06-03,Late Delivery,97.37
R0001780,O0008136,C02559,2026-07-28,Late Delivery,206.98
R0001781,O0005678,C06084,2025-08-09,Changed Mind,170.29
R0001782,O0021202,C00211,2026-09-09,Changed Mind,131.85
R0001783,O0026663,C02471,2026-06-04,Not as Expected,36.02
R0001784,O0027557,C03145,2025-11-05,Wrong Item,222.63
R0001785,O0054824,C04291,2026-03-16,Not as Expected,102.79
R0001786,O0037575,C04394,2025-12-12,Wrong Item,101.91
R0001787,O0025671,C07146,2025-03-09,Wrong Item,73.65
R0001788,O0027410,C05681,2026-01-21,Wrong Item,110.1
R0001789,O0008731,C03755,2025-10-28,Late Delivery,161.59
R0001790,O0044014,C03695,2026-07-18,Wrong Item,239.35
R0001791,O0022886,C01272,2026-05-09,Damaged,22.92
R0001792,O0025665,C03724,2025-12-27,Changed Mind,14.07
R0001793,O0011410,C06603,2025-06-25,Late Delivery,109.06
R0001794,O0048051,C07527,2025-07-19,Not as Expected,17.98
R0001795,O0019996,C02750,2025-05-23,Wrong Item,63.9
R0001796,O0049141,C04590,2025-06-13,Changed Mind,12.94
R0001797,O0018555,C04822,2026-08-07,Changed Mind,34.94
R0001798,O0052143,C05398,2025-02-27,Changed Mind,219.89
R0001799,O0016987,C06824,2025-03-17,Late Delivery,262.33
R0001800,O0006821,C05544,2026-01-20,Changed Mind,54.41
R0001801,O0049946,C06166,2025-09-04,Wrong Item,58.04
R0001802,O0007232,C07228,2025-06-15,Not as Expected,112.59
R0001803,O0008004,C05848,2026-03-15,Late Delivery,134.48
R0001804,O0055877,C07302,2025-06-11,Not as Expected,85.59
R0001805,O0040595,C00265,2025-11-13,Wrong Item,29.04
R0001806,O0026718,C06730,2026-08-17,Wrong Item,132.0
R0001807,O0016713,C06658,2025-11-02,Wrong Item,45.56
R0001808,O0019544,C06620,2025-08-18,Not as Expected,41.23
R0001809,O0034126,C03189,2026-03-10,Damaged,28.54
R0001810,O0003309,C05021,2025-06-13,Wrong Item,319.24
R0001811,O0025428,C06737,2025-04-29,Damaged,63.68
R0001812,O0029686,C04221,2025-06-03,Wrong Item,41.05
R0001813,O0021443,C05438,2025-03-04,Changed Mind,18.6
R0001814,O0019374,C05032,2026-06-28,Not as Expected,57.96
R0001815,O0010830,C06828,2025-06-16,Wrong Item,64.96
R0001816,O0024706,C02425,2025-02-01,Late Delivery,14.01
R0001817,O0003001,C05747,2025-05-09,Wrong Item,8.34
R0001818,O0034643,C02885,2026-06-25,Damaged,30.76
R0001819,O0005884,C04664,2025-02-05,Late Delivery,9.32
R0001820,O0010041,C05431,2026-04-28,Changed Mind,67.6
R0001821,O0037954,C05599,2025-03-28,Wrong Item,117.89
R0001822,O0009672,C03882,2025-09-12,Not as Expected,521.96
R0001823,O0004396,C05794,2025-06-16,Late Delivery,76.65
R0001824,O0028016,C00511,2025-05-22,Damaged,151.69
R0001825,O0002028,C00674,2025-04-24,Late Delivery,100.48
R0001826,O0056929,C07064,2026-08-09,Not as Expected,220.31
R0001827,O0007092,C07295,2025-04-26,Changed Mind,8.75
R0001828,O0008484,C04162,2025-05-26,Changed Mind,184.44
R0001829,O0017827,C03370,2025-11-24,Damaged,172.76
R0001830,O0049108,C01286,2025-11-13,Wrong Item,51.89
R0001831,O0039977,C06771,2026-05-06,Wrong Item,20.54
R0001832,O0018029,C07950,2025-08-16,Wrong Item,28.89
R0001833,O0047720,C02154,2025-01-04,Changed Mind,9.95
R0001834,O0016974,C04618,2025-07-08,Not as Expected,33.18
R0001835,O0001204,C03588,2026-01-01,Late Delivery,37.66
R0001836,O0042118,C01276,2026-05-27,Damaged,159.05
R0001837,O0037411,C04454,2025-12-22,Not as Expected,10.2
R0001838,O0036988,C04862,2025-12-18,Late Delivery,310.29
R0001839,O0004646,C02150,2026-07-27,Not as Expected,147.4
R0001840,O0041041,C03957,2026-01-26,Changed Mind,440.74
R0001841,O0024743,C06256,2026-08-20,Wrong Item,30.23
R0001842,O0044425,C01830,2025-03-05,Wrong Item,128.65
R0001843,O0014635,C07442,2025-08-25,Changed Mind,4.9
R0001844,O0055330,C04152,2025-06-23,Damaged,13.93
R0001845,O0012996,C03319,2025-12-09,Wrong Item,62.79
R0001846,O0039755,C07162,2026-06-24,Damaged,14.2
R0001847,O0027235,C03598,2026-06-08,Not as Expected,67.87
R0001848,O0021539,C05683,2026-04-10,Damaged,46.74
R0001849,O0043583,C06898,2025-09-05,Not as Expected,269.58
R0001850,O0028722,C04983,2025-04-04,Damaged,29.64
R0001851,O0020056,C05839,2025-10-26,Late Delivery,438.87
R0001852,O0033542,C06984,2025-02-04,Not as Expected,351.25
R0001853,O0044739,C02362,2025-04-27,Changed Mind,26.61
R0001854,O0034166,C03210,2026-07-03,Not as Expected,41.58
R0001855,O0035725,C02009,2025-04-27,Damaged,256.62
R0001856,O0035910,C01090,2025-01-31,Damaged,126.99
R0001857,O0058182,C03076,2025-11-08,Wrong Item,292.63
R0001858,O0034591,C05963,2025-11-16,Changed Mind,18.6
R0001859,O0030726,C04961,2025-02-26,Not as Expected,100.64
R0001860,O0033554,C07747,2025-12-09,Damaged,325.39
R0001861,O0003454,C00282,2026-08-01,Not as Expected,94.7
R0001862,O0043205,C00685,2026-01-23,Not as Expected,24.61
R0001863,O0013073,C07894,2025-11-17,Changed Mind,60.42
R0001864,O0056973,C04897,2025-11-19,Changed Mind,128.19
R0001865,O0011305,C05835,2025-12-06,Wrong Item,15.58
R0001866,O0024513,C01859,2025-09-23,Not as Expected,31.47
R0001867,O0002363,C01611,2026-05-01,Changed Mind,94.31
R0001868,O0019385,C05054,2026-05-16,Late Delivery,64.25
R0001869,O0055094,C03808,2025-06-11,Damaged,208.14
R0001870,O0031397,C06690,2025-04-09,Late Delivery,48.49
R0001871,O0005561,C06200,2026-06-23,Not as Expected,49.85
R0001872,O0030968,C00838,2026-05-19,Changed Mind,178.99
R0001873,O0012547,C07023,2026-05-17,Not as Expected,20.06
R0001874,O0021935,C00731,2025-09-26,Wrong Item,334.59
R0001875,O0030303,C01986,2026-01-15,Changed Mind,101.55
R0001876,O0043453,C05273,2026-07-03,Late Delivery,270.36
R0001877,O0016209,C06173,2026-06-29,Late Delivery,16.52
R0001878,O0002677,C02841,2025-02-28,Not as Expected,47.47
R0001879,O0051583,C04043,2026-04-09,Damaged,131.65
R0001880,O0054099,C07943,2026-04-19,Late Delivery,15.46
R0001881,O0005058,C02698,2026-03-05,Wrong Item,18.23
R0001882,O0004628,C01405,2025-05-02,Not as Expected,60.06
R0001883,O0045246,C03309,2026-02-20,Changed Mind,155.01
R0001884,O0012470,C02967,2026-03-19,Damaged,42.55
R0001885,O0018701,C06705,2025-11-12,Not as Expected,29.48
R0001886,O0032198,C01840,2026-01-10,Changed Mind,220.91
R0001887,O0037937,C07382,2026-04-12,Changed Mind,299.65
R0001888,O0055660,C02523,2026-04-07,Late Delivery,94.59
R0001889,O0008953,C05799,2025-02-21,Changed Mind,34.23
R0001890,O0004180,C00469,2025-08-22,Not as Expected,158.3
R0001891,O0053966,C07133,2026-07-26,Not as Expected,172.47
R0001892,O0023756,C06297,2025-11-23,Wrong Item,848.72
R0001893,O0004859,C03395,2026-06-16,Late Delivery,10.69
R0001894,O0038409,C07289,2025-04-20,Wrong Item,180.57
R0001895,O0017723,C04153,2025-12-15,Late Delivery,22.25
R0001896,O0008155,C02423,2025-08-23,Damaged,12.78
R0001897,O0038280,C05957,2026-07-27,Late Delivery,20.69
R0001898,O0016431,C07516,2025-08-07,Changed Mind,94.86
R0001899,O0024849,C01138,2025-11-14,Not as Expected,63.47
R0001900,O0037503,C05938,2025-08-22,Changed Mind,4.58
R0001901,O0005748,C00076,2026-03-03,Wrong Item,56.85
R0001902,O0015388,C00014,2025-05-09,Wrong Item,19.75
R0001903,O0050445,C06403,2025-03-25,Not as Expected,123.03
R0001904,O0031232,C00873,2026-08-30,Changed Mind,69.02
R0001905,O0007849,C06312,2025-01-25,Late Delivery,22.19
R0001906,O0031630,C06928,2025-07-26,Late Delivery,58.93
R0001907,O0032373,C07031,2025-08-05,Not as Expected,74.48
R0001908,O0046520,C05714,2026-03-31,Changed Mind,55.35
R0001909,O0059859,C07983,2025-08-25,Late Delivery,14.57
R0001910,O0057378,C03668,2025-07-22,Damaged,127.62
R0001911,O0046797,C07935,2025-01-19,Changed Mind,189.43
R0001912,O0021816,C03940,2025-03-07,Not as Expected,541.45
R0001913,O0040288,C05144,2026-06-22,Damaged,15.65
R0001914,O0021905,C00707,2026-02-26,Changed Mind,179.87
R0001915,O0011335,C06846,2026-05-28,Wrong Item,255.58
R0001916,O0044955,C06604,2026-05-29,Late Delivery,132.85
R0001917,O0025925,C07126,2026-01-23,Wrong Item,137.92
R0001918,O0013399,C07131,2026-09-08,Changed Mind,61.23
R0001919,O0006232,C02756,2026-09-07,Late Delivery,24.15
R0001920,O0012246,C05850,2026-08-28,Damaged,166.13
R0001921,O0028007,C05761,2025-12-03,Damaged,204.73
R0001922,O0014251,C06316,2025-08-03,Not as Expected,126.63
R0001923,O0010609,C04603,2025-09-01,Late Delivery,18.05
R0001924,O0023592,C01356,2025-09-14,Not as Expected,19.7
R0001925,O0038288,C03884,2025-11-27,Damaged,58.96
R0001926,O0008399,C04305,2025-04-29,Damaged,285.25
R0001927,O0011659,C07892,2025-07-09,Late Delivery,10.26
R0001928,O0044995,C04257,2025-06-26,Wrong Item,172.38
R0001929,O0050265,C00941,2026-02-09,Late Delivery,8.83
R0001930,O0039840,C06421,2026-06-20,Not as Expected,78.66
R0001931,O0038528,C07271,2025-02-26,Damaged,6.76
R0001932,O0044157,C07787,2025-06-24,Damaged,32.37
R0001933,O0046972,C04343,2025-01-24,Late Delivery,1189.86
R0001934,O0048547,C06623,2026-03-03,Damaged,65.55
R0001935,O0052231,C03726,2026-03-16,Not as Expected,21.23
R0001936,O0030594,C01916,2025-12-31,Late Delivery,86.95
R0001937,O0032454,C01533,2026-07-02,Changed Mind,116.67
R0001938,O0021221,C05309,2025-10-30,Not as Expected,9.53
R0001939,O0002162,C04895,2026-09-16,Damaged,967.73
R0001940,O0048879,C00290,2025-09-13,Not as Expected,20.9
R0001941,O0042767,C00611,2025-08-21,Changed Mind,78.97
R0001942,O0034268,C04470,2025-01-30,Late Delivery,27.88
R0001943,O0032709,C05424,2025-08-21,Late Delivery,104.5
R0001944,O0058328,C03338,2026-03-06,Damaged,49.27
R0001945,O0047451,C04932,2025-05-26,Wrong Item,26.8
R0001946,O0020784,C06999,2026-07-08,Damaged,190.63
R0001947,O0003839,C07957,2026-04-05,Late Delivery,19.27
R0001948,O0020155,C03949,2025-08-21,Wrong Item,4.26
R0001949,O0005819,C05029,2025-10-15,Damaged,12.57
R0001950,O0026399,C06469,2025-02-06,Changed Mind,127.84
R0001951,O0008781,C07932,2025-03-01,Not as Expected,200.95
R0001952,O0050431,C07060,2026-08-09,Damaged,74.84
R0001953,O0024955,C00989,2026-07-24,Late Delivery,258.91
R0001954,O0033006,C04615,2026-09-10,Changed Mind,40.5
R0001955,O0040387,C04103,2025-10-20,Late Delivery,24.59
R0001956,O0041267,C05946,2025-10-07,Late Delivery,62.14
R0001957,O0058232,C03790,2025-06-03,Late Delivery,79.58
R0001958,O0056242,C01768,2026-08-22,Wrong Item,236.76
R0001959,O0041124,C04170,2025-10-14,Damaged,100.0
R0001960,O0051622,C02427,2025-03-27,Changed Mind,21.99
R0001961,O0031438,C00893,2025-12-14,Not as Expected,111.38
R0001962,O0029585,C01754,2026-03-17,Changed Mind,151.13
R0001963,O0050332,C06628,2026-06-24,Late Delivery,1027.46
R0001964,O0046117,C06173,2025-01-22,Damaged,300.9
R0001965,O0050169,C02789,2025-09-21,Damaged,102.59
R0001966,O0022786,C03835,2026-03-09,Changed Mind,24.11
R0001967,O0019123,C01919,2026-07-21,Wrong Item,172.59
R0001968,O0009589,C06135,2025-09-13,Not as Expected,60.01
R0001969,O0042371,C00180,2025-06-16,Damaged,132.27
R0001970,O0004921,C00011,2026-08-29,Not as Expected,107.22
R0001971,O0058109,C05978,2026-02-25,Changed Mind,14.67
R0001972,O0010845,C03505,2025-02-03,Wrong Item,131.45
R0001973,O0016098,C03288,2025-11-28,Changed Mind,155.81
R0001974,O0016498,C00517,2026-01-22,Wrong Item,28.34
R0001975,O0024299,C01083,2026-09-01,Changed Mind,729.71
R0001976,O0028119,C01320,2026-09-13,Late Delivery,5.37
R0001977,O0045906,C03526,2025-11-20,Wrong Item,98.76
R0001978,O0058972,C03648,2026-08-16,Wrong Item,850.64
R0001979,O0025374,C01762,2026-01-29,Damaged,153.08
R0001980,O0047964,C01319,2026-07-09,Changed Mind,34.46
R0001981,O0028705,C07805,2025-05-25,Changed Mind,80.96
R0001982,O0052745,C02861,2026-05-31,Wrong Item,69.68
R0001983,O0023896,C03840,2026-06-18,Changed Mind,50.09
R0001984,O0008934,C02052,2026-02-26,Late Delivery,273.67
R0001985,O0048736,C01273,2025-02-13,Late Delivery,73.09
R0001986,O0014456,C04507,2026-04-06,Changed Mind,154.59
R0001987,O0019697,C01916,2025-04-29,Changed Mind,26.72
R0001988,O0020241,C02392,2025-05-29,Changed Mind,1315.39
R0001989,O0022798,C01703,2026-06-15,Late Delivery,23.66
R0001990,O0030605,C02877,2026-09-11,Damaged,69.42
R0001991,O0009847,C04783,2025-03-08,Wrong Item,87.37
R0001992,O0011845,C04434,2026-01-10,Not as Expected,1338.87
R0001993,O0044623,C07438,2025-03-27,Wrong Item,242.94
R0001994,O0059594,C07795,2025-09-06,Late Delivery,31.25
R0001995,O0006163,C05262,2026-05-11,Changed Mind,641.34
R0001996,O0032424,C03336,2025-07-30,Changed Mind,227.3
R0001997,O0001982,C06233,2026-07-26,Late Delivery,94.13
R0001998,O0040999,C05708,2025-12-27,Changed Mind,121.48
R0001999,O0023150,C01490,2026-04-09,Damaged,144.7
R0002000,O0020458,C06683,2026-08-30,Wrong Item,103.89
R0002001,O0004879,C06288,2025-10-12,Not as Expected,237.54
R0002002,O0027578,C01515,2026-02-27,Not as Expected,6.36
R0002003,O0048649,C01472,2025-09-06,Late Delivery,52.62
R0002004,O0058237,C04182,2025-01-24,Changed Mind,31.48
R0002005,O0013150,C07812,2026-07-12,Not as Expected,39.9
R0002006,O0004154,C06390,2025-07-02,Changed Mind,37.07
R0002007,O0046162,C01503,2025-06-09,Late Delivery,85.67
R0002008,O0025380,C06197,2026-05-09,Changed Mind,116.12
R0002009,O0008469,C04556,2026-06-23,Damaged,67.96
R0002010,O0037898,C01614,2025-08-10,Late Delivery,43.34
R0002011,O0051245,C05173,2025-03-18,Late Delivery,228.05
R0002012,O0004357,C03336,2026-05-20,Wrong Item,69.51
R0002013,O0043282,C03430,2025-05-26,Changed Mind,1249.5
R0002014,O0051175,C07706,2026-01-07,Changed Mind,12.32
R0002015,O0044060,C05533,2025-04-05,Late Delivery,132.9
R0002016,O0032058,C04035,2025-11-08,Damaged,80.91
R0002017,O0034072,C07660,2025-01-31,Damaged,169.46
R0002018,O0023656,C05901,2026-03-07,Wrong Item,46.34
R0002019,O0033049,C02499,2025-08-17,Wrong Item,14.52
R0002020,O0034520,C00789,2025-07-02,Not as Expected,55.22
R0002021,O0025679,C06036,2026-04-24,Changed Mind,167.44
R0002022,O0027147,C02706,2026-07-28,Changed Mind,610.13
R0002023,O0025540,C00627,2025-06-01,Not as Expected,51.44
R0002024,O0006268,C02064,2026-05-08,Wrong Item,36.51
R0002025,O0011203,C04122,2026-06-23,Late Delivery,84.21
R0002026,O0041298,C01527,2025-05-29,Changed Mind,103.9
R0002027,O0054618,C04995,2026-04-25,Damaged,49.27
R0002028,O0005282,C01531,2026-08-15,Damaged,84.61
R0002029,O0022365,C01950,2025-04-22,Late Delivery,426.52
R0002030,O0048654,C03080,2025-03-06,Changed Mind,164.43
R0002031,O0008169,C02055,2025-09-06,Wrong Item,36.86
R0002032,O0005560,C07829,2025-02-22,Wrong Item,3767.68
R0002033,O0048056,C00600,2025-04-05,Late Delivery,124.83
R0002034,O0045373,C01809,2026-06-30,Not as Expected,377.0
R0002035,O0035791,C06926,2026-04-30,Damaged,15.67
R0002036,O0052687,C04415,2025-11-20,Late Delivery,17.42
R0002037,O0039587,C01351,2026-04-24,Late Delivery,170.26
R0002038,O0009662,C06280,2025-12-03,Damaged,110.62
R0002039,O0054029,C04018,2025-05-09,Damaged,602.99
R0002040,O0029158,C03277,2026-04-03,Late Delivery,34.38
R0002041,O0033706,C03771,2025-02-07,Wrong Item,133.82
R0002042,O0034549,C04005,2025-11-18,Changed Mind,109.84
R0002043,O0029865,C01456,2026-02-22,Wrong Item,47.03
R0002044,O0049733,C00650,2025-09-05,Damaged,598.58
R0002045,O0034119,C04876,2025-09-15,Damaged,27.72
R0002046,O0053625,C02554,2026-09-02,Not as Expected,233.21
R0002047,O0046357,C00831,2026-06-12,Damaged,51.28
R0002048,O0007414,C06567,2026-06-05,Changed Mind,5.2
R0002049,O0030004,C05531,2026-06-19,Changed Mind,188.66
R0002050,O0037761,C07053,2025-10-23,Not as Expected,17.73
R0002051,O0007192,C00410,2025-01-05,Late Delivery,148.53
R0002052,O0010193,C02332,2025-10-15,Not as Expected,52.18
R0002053,O0028362,C02587,2026-05-11,Changed Mind,276.81
R0002054,O0027994,C07961,2025-01-16,Wrong Item,50.3
R0002055,O0044510,C06667,2025-04-22,Wrong Item,204.32
R0002056,O0058900,C05388,2025-05-15,Wrong Item,485.87
R0002057,O0040657,C04795,2025-06-06,Not as Expected,99.9
R0002058,O0014421,C01384,2026-04-21,Changed Mind,7.24
R0002059,O0015960,C07862,2025-10-13,Damaged,144.55
R0002060,O0020420,C01587,2025-04-01,Not as Expected,115.63
R0002061,O0011428,C00298,2026-06-08,Changed Mind,54.33
R0002062,O0034027,C05588,2025-10-26,Late Delivery,67.62
R0002063,O0044976,C01057,2026-01-30,Wrong Item,367.88
R0002064,O0018717,C00404,2026-02-07,Late Delivery,26.82
R0002065,O0046270,C03590,2025-12-20,Damaged,27.07
R0002066,O0058827,C06704,2025-01-25,Changed Mind,105.31
R0002067,O0053438,C02651,2025-11-16,Wrong Item,14.32
R0002068,O0010554,C07093,2025-10-24,Damaged,24.87
R0002069,O0042052,C00012,2026-05-26,Late Delivery,110.35
R0002070,O0021904,C05126,2025-07-19,Not as Expected,37.63
R0002071,O0051312,C05675,2026-03-30,Damaged,150.31
R0002072,O0042397,C06734,2025-12-13,Damaged,304.72
R0002073,O0011780,C00644,2026-08-02,Wrong Item,18.06
R0002074,O0026935,C01239,2026-07-28,Changed Mind,24.79
R0002075,O0040095,C00400,2026-08-11,Not as Expected,103.48
R0002076,O0048567,C02751,2025-11-27,Damaged,46.1
R0002077,O0010148,C02535,2025-06-19,Changed Mind,245.64
R0002078,O0029036,C07071,2025-07-06,Damaged,33.36
R0002079,O0026384,C04815,2025-04-17,Wrong Item,48.23
R0002080,O0021830,C02489,2026-06-11,Damaged,49.39
R0002081,O0019929,C05681,2025-01-12,Wrong Item,92.1
R0002082,O0058850,C07446,2025-12-22,Not as Expected,294.7
R0002083,O0003036,C06450,2025-10-25,Wrong Item,1480.95
R0002084,O0031073,C02201,2025-09-23,Damaged,49.15
R0002085,O0013927,C00078,2025-06-23,Changed Mind,17.38
R0002086,O0035782,C00214,2025-03-09,Late Delivery,11.5
R0002087,O0056214,C02489,2026-03-03,Damaged,4.18
R0002088,O0000124,C03879,2025-02-21,Changed Mind,82.33
R0002089,O0055237,C03806,2025-05-21,Late Delivery,6.21
R0002090,O0022338,C04471,2025-10-14,Not as Expected,21.04
R0002091,O0018445,C07304,2025-04-30,Late Delivery,98.64
R0002092,O0003491,C00232,2026-09-12,Changed Mind,35.55
R0002093,O0033250,C06143,2025-09-02,Late Delivery,186.5
R0002094,O0036488,C04399,2026-01-24,Not as Expected,31.35
R0002095,O0035620,C02566,2025-03-04,Damaged,90.37
R0002096,O0021390,C00893,2025-07-22,Changed Mind,337.38
R0002097,O0040902,C04859,2026-02-08,Changed Mind,45.92
R0002098,O0015168,C01054,2025-08-01,Changed Mind,40.78
R0002099,O0058343,C07177,2025-02-25,Wrong Item,19.87
R0002100,O0046392,C05025,2025-05-14,Damaged,248.17
R0002101,O0044894,C06865,2026-08-18,Late Delivery,91.87
R0002102,O0058209,C00390,2025-12-22,Damaged,21.21
R0002103,O0009450,C01691,2026-03-30,Damaged,501.62
R0002104,O0028873,C03072,2025-12-13,Wrong Item,1733.88
R0002105,O0017352,C03727,2025-02-04,Late Delivery,35.28
R0002106,O0048793,C07236,2025-05-30,Changed Mind,159.09
R0002107,O0025292,C01962,2025-11-24,Changed Mind,46.37
R0002108,O0039142,C00457,2025-10-05,Late Delivery,78.22
R0002109,O0015438,C03773,2026-06-10,Wrong Item,443.16
R0002110,O0024468,C01578,2026-06-27,Damaged,272.4
R0002111,O0025055,C03398,2026-05-22,Changed Mind,74.56
R0002112,O0058929,C07946,2026-02-21,Changed Mind,75.86
R0002113,O0044540,C01154,2025-12-19,Not as Expected,708.32
R0002114,O0036832,C03352,2026-06-10,Damaged,130.59
R0002115,O0057680,C04289,2026-01-22,Changed Mind,230.5
R0002116,O0039106,C04523,2026-03-18,Changed Mind,67.8
R0002117,O0037385,C04472,2025-10-03,Wrong Item,58.66
R0002118,O0038753,C05053,2025-03-07,Damaged,134.03
R0002119,O0037837,C00712,2026-08-25,Not as Expected,43.43
R0002120,O0051647,C03776,2026-06-25,Not as Expected,23.26
R0002121,O0057256,C01796,2025-07-25,Wrong Item,24.81
R0002122,O0032687,C00336,2026-01-01,Damaged,37.17
R0002123,O0025814,C04917,2025-10-12,Damaged,58.77
R0002124,O0023467,C06032,2026-06-20,Late Delivery,537.42
R0002125,O0054475,C06017,2025-11-01,Wrong Item,23.52
R0002126,O0020464,C05058,2025-05-31,Changed Mind,30.26
R0002127,O0030189,C00047,2026-03-23,Damaged,274.26
R0002128,O0023939,C07363,2026-02-02,Not as Expected,159.06
R0002129,O0039385,C04093,2026-01-20,Damaged,66.37
R0002130,O0027347,C04672,2026-06-13,Wrong Item,249.26
R0002131,O0034570,C07820,2026-01-11,Not as Expected,112.55
R0002132,O0020398,C07957,2025-04-28,Wrong Item,9.17
R0002133,O0032531,C01536,2025-07-07,Wrong Item,180.65
R0002134,O0034460,C04330,2025-12-12,Damaged,226.45
R0002135,O0025147,C01105,2025-04-11,Late Delivery,39.93
R0002136,O0049194,C06495,2026-07-26,Changed Mind,17.0
R0002137,O0011274,C07386,2025-10-27,Wrong Item,160.86
R0002138,O0036591,C04866,2025-10-09,Changed Mind,145.78
R0002139,O0042108,C02569,2026-03-19,Changed Mind,119.56
R0002140,O0021069,C01042,2025-05-03,Late Delivery,133.64
R0002141,O0011271,C06301,2026-02-12,Not as Expected,161.74
R0002142,O0035187,C03740,2025-12-28,Damaged,67.27
R0002143,O0041432,C05942,2025-05-31,Changed Mind,13.68
R0002144,O0041673,C05237,2026-06-27,Damaged,18.2
R0002145,O0052691,C02093,2025-07-17,Not as Expected,117.51
R0002146,O0000709,C06454,2025-04-29,Wrong Item,146.98
R0002147,O0026098,C04640,2025-09-10,Not as Expected,130.63
R0002148,O0000287,C05333,2026-06-05,Damaged,14.13
R0002149,O0019830,C03624,2025-04-30,Changed Mind,36.38
R0002150,O0016782,C07980,2026-05-11,Damaged,104.66
R0002151,O0055193,C07669,2025-04-23,Late Delivery,32.77
R0002152,O0036068,C04768,2025-12-22,Wrong Item,16.97
R0002153,O0049246,C05252,2025-09-11,Wrong Item,79.62
R0002154,O0019083,C07111,2025-03-05,Damaged,34.8
R0002155,O0047407,C05553,2026-06-30,Late Delivery,6.03
R0002156,O0019670,C07189,2025-12-20,Damaged,409.88
R0002157,O0032962,C03288,2025-10-13,Changed Mind,498.35
R0002158,O0000407,C07181,2026-02-24,Damaged,54.12
R0002159,O0034813,C06509,2025-08-31,Not as Expected,102.26
R0002160,O0050468,C05805,2025-05-18,Late Delivery,12.33
R0002161,O0035847,C02545,2025-02-06,Late Delivery,242.42
R0002162,O0018164,C06359,2026-01-23,Damaged,31.89
R0002163,O0032385,C07088,2026-05-03,Not as Expected,215.58
R0002164,O0042601,C04894,2025-07-16,Wrong Item,198.98
R0002165,O0030129,C01176,2025-06-20,Not as Expected,36.53
R0002166,O0020442,C05814,2025-10-26,Not as Expected,85.61
R0002167,O0054747,C00940,2026-05-28,Wrong Item,233.94
R0002168,O0041253,C07126,2025-03-31,Damaged,44.07
R0002169,O0042872,C00681,2026-07-08,Changed Mind,70.22
R0002170,O0014955,C04777,2025-03-26,Wrong Item,41.37
R0002171,O0042352,C03502,2026-02-15,Late Delivery,79.32
R0002172,O0024084,C00350,2025-01-16,Not as Expected,19.05
R0002173,O0004697,C05885,2026-09-03,Damaged,46.52
R0002174,O0011434,C00422,2026-04-01,Wrong Item,147.79
R0002175,O0035234,C02686,2025-05-12,Changed Mind,405.57
R0002176,O0047932,C04904,2025-12-13,Wrong Item,204.5
R0002177,O0033296,C00725,2025-09-28,Wrong Item,140.33
R0002178,O0030350,C03582,2025-02-18,Damaged,32.75
R0002179,O0006061,C06857,2026-06-18,Late Delivery,106.83
R0002180,O0032279,C06340,2025-06-22,Damaged,5.5
R0002181,O0035310,C02532,2025-12-12,Wrong Item,45.52
R0002182,O0008770,C02659,2026-03-28,Late Delivery,228.99
R0002183,O0039348,C07572,2025-06-22,Changed Mind,188.94
R0002184,O0015507,C06250,2025-12-21,Damaged,45.5
R0002185,O0031803,C00516,2026-02-23,Not as Expected,80.34
R0002186,O0031896,C02064,2026-09-06,Not as Expected,376.71
R0002187,O0006296,C05385,2025-09-12,Late Delivery,142.23
R0002188,O0008928,C07327,2026-03-18,Not as Expected,38.2
R0002189,O0033500,C06163,2026-02-23,Wrong Item,37.53
R0002190,O0031608,C06964,2026-03-17,Changed Mind,11.2
R0002191,O0018346,C03687,2026-02-07,Not as Expected,82.22
R0002192,O0040947,C00307,2026-03-10,Damaged,16.04
R0002193,O0048936,C05553,2025-02-22,Late Delivery,273.94
R0002194,O0039753,C02729,2026-07-24,Changed Mind,27.65
R0002195,O0011003,C04425,2026-08-04,Late Delivery,66.06
R0002196,O0029848,C06873,2025-08-27,Changed Mind,62.64
R0002197,O0057218,C02570,2025-08-02,Changed Mind,57.42
R0002198,O0020904,C05493,2025-07-19,Changed Mind,127.06
R0002199,O0017973,C00279,2025-10-18,Wrong Item,59.5
R0002200,O0026654,C04508,2026-08-28,Changed Mind,243.52
R0002201,O0000255,C00661,2025-01-20,Not as Expected,246.33
R0002202,O0051674,C02323,2026-04-12,Damaged,98.08
R0002203,O0009963,C04813,2026-05-14,Late Delivery,115.21
R0002204,O0040439,C06244,2025-05-07,Late Delivery,20.05
R0002205,O0030181,C00535,2025-08-13,Late Delivery,148.66
R0002206,O0007857,C02699,2025-09-10,Wrong Item,73.28
R0002207,O0038269,C00561,2026-01-21,Wrong Item,15.25
R0002208,O0051745,C01467,2026-06-27,Late Delivery,160.15
R0002209,O0018028,C06315,2026-02-01,Changed Mind,165.94
R0002210,O0005563,C04830,2026-05-05,Late Delivery,284.82
R0002211,O0029678,C06928,2025-08-30,Changed Mind,173.44
R0002212,O0038396,C00851,2026-07-30,Not as Expected,129.84
R0002213,O0020765,C04748,2025-11-23,Late Delivery,271.74
R0002214,O0041149,C04491,2026-01-19,Not as Expected,39.05
R0002215,O0054946,C06230,2025-02-18,Late Delivery,83.34
R0002216,O0037241,C03867,2026-06-21,Damaged,267.67
R0002217,O0012909,C06723,2025-06-07,Changed Mind,145.88
R0002218,O0010050,C06095,2026-04-15,Wrong Item,13.51
R0002219,O0027491,C05601,2025-02-02,Changed Mind,27.93
R0002220,O0049942,C03281,2025-11-27,Changed Mind,32.33
R0002221,O0042379,C05006,2025-01-30,Wrong Item,325.24
R0002222,O0045487,C01112,2025-03-24,Not as Expected,4031.86
R0002223,O0033379,C02466,2025-11-24,Wrong Item,2516.3
R0002224,O0044650,C03608,2026-05-03,Changed Mind,352.24
R0002225,O0015663,C07421,2025-08-27,Wrong Item,80.59
R0002226,O0036819,C00227,2025-07-02,Wrong Item,688.02
R0002227,O0050326,C04032,2026-06-15,Not as Expected,494.89
R0002228,O0027509,C01852,2026-03-09,Not as Expected,35.3
R0002229,O0018452,C05578,2026-02-03,Not as Expected,99.33
R0002230,O0003412,C06498,2025-07-20,Wrong Item,19.42
R0002231,O0025180,C07085,2025-09-30,Not as Expected,426.84
R0002232,O0010228,C07225,2025-05-14,Late Delivery,8.54
R0002233,O0027779,C01694,2025-07-03,Wrong Item,153.3
R0002234,O0022874,C00126,2026-04-14,Damaged,114.79
R0002235,O0020105,C03536,2025-01-25,Changed Mind,118.16
R0002236,O0009270,C03839,2025-12-06,Wrong Item,215.26
R0002237,O0022069,C05569,2025-05-21,Damaged,13.94
R0002238,O0023428,C04792,2025-12-14,Damaged,61.47
R0002239,O0025631,C07215,2025-05-26,Late Delivery,35.53
R0002240,O0010927,C03660,2025-08-01,Damaged,283.66
R0002241,O0013329,C05098,2026-06-05,Changed Mind,28.27
R0002242,O0014221,C07100,2026-01-06,Changed Mind,19.06
R0002243,O0021163,C02883,2025-08-18,Damaged,9.47
R0002244,O0008238,C03520,2026-07-31,Damaged,114.3
R0002245,O0054900,C02182,2025-07-19,Not as Expected,251.41
R0002246,O0008021,C04679,2026-06-23,Late Delivery,43.55
R0002247,O0031546,C03171,2026-04-01,Not as Expected,109.06
R0002248,O0026645,C01864,2025-07-24,Late Delivery,196.61
R0002249,O0030624,C00704,2025-09-13,Not as Expected,121.57
R0002250,O0055693,C05524,2026-04-11,Wrong Item,56.61
R0002251,O0016129,C00239,2026-09-07,Wrong Item,10.36
R0002252,O0009572,C00464,2025-03-22,Late Delivery,108.6
R0002253,O0005577,C04270,2026-07-17,Late Delivery,16.55
R0002254,O0058820,C00077,2026-08-18,Damaged,59.16
R0002255,O0022596,C06468,2026-02-16,Changed Mind,133.82
R0002256,O0009249,C02892,2025-03-29,Late Delivery,63.49
R0002257,O0037457,C01582,2025-02-08,Damaged,253.79
R0002258,O0009913,C06554,2025-03-03,Late Delivery,10.22
R0002259,O0020547,C04409,2025-04-26,Not as Expected,36.03
R0002260,O0023895,C01042,2025-10-30,Late Delivery,5.9
R0002261,O0049700,C07366,2026-05-29,Wrong Item,272.41
R0002262,O0032905,C03739,2026-02-05,Damaged,20.29
R0002263,O0025532,C02417,2026-03-28,Wrong Item,52.48
R0002264,O0038818,C05982,2025-03-14,Changed Mind,203.51
R0002265,O0024723,C02275,2026-03-05,Wrong Item,32.85
R0002266,O0052122,C07477,2026-04-16,Not as Expected,446.45
R0002267,O0019094,C02338,2025-04-19,Damaged,18.82
R0002268,O0042061,C01078,2025-04-19,Wrong Item,13.33
R0002269,O0003724,C07580,2026-01-05,Late Delivery,303.18
R0002270,O0058228,C01223,2026-06-10,Not as Expected,207.14
R0002271,O0042752,C02058,2025-09-25,Changed Mind,212.68
R0002272,O0011944,C07199,2025-06-04,Changed Mind,13.52
R0002273,O0021292,C02174,2025-04-25,Wrong Item,64.17
R0002274,O0045992,C02064,2026-06-12,Not as Expected,236.75
R0002275,O0055026,C00888,2025-05-11,Late Delivery,117.25
R0002276,O0058144,C00090,2026-02-08,Late Delivery,226.73
R0002277,O0048203,C06390,2025-08-17,Late Delivery,83.37
R0002278,O0035193,C02219,2025-01-15,Damaged,61.69
R0002279,O0047012,C04162,2025-12-30,Damaged,59.13
R0002280,O0034447,C04204,2025-03-12,Damaged,618.97
R0002281,O0015782,C02268,2025-03-29,Late Delivery,141.74
R0002282,O0010768,C01977,2025-06-30,Wrong Item,43.04
R0002283,O0050916,C03065,2025-08-19,Wrong Item,49.58
R0002284,O0027660,C06289,2026-01-28,Damaged,50.43
R0002285,O0000226,C03640,2025-08-13,Damaged,83.05
R0002286,O0057547,C06135,2025-07-04,Not as Expected,185.07
R0002287,O0025606,C04590,2025-11-07,Not as Expected,42.61
R0002288,O0002209,C03675,2025-02-03,Late Delivery,10.05
R0002289,O0054127,C04430,2026-08-15,Changed Mind,43.98
R0002290,O0021727,C00614,2025-08-07,Late Delivery,96.17
R0002291,O0022793,C07113,2025-04-19,Wrong Item,82.19
R0002292,O0057663,C06604,2025-06-14,Late Delivery,658.91
R0002293,O0011596,C01015,2025-02-03,Late Delivery,277.13
R0002294,O0024945,C01878,2025-08-11,Damaged,22.29
R0002295,O0025943,C05516,2026-09-04,Damaged,240.78
R0002296,O0022240,C07394,2026-08-16,Wrong Item,169.36
R0002297,O0047917,C02515,2026-09-01,Changed Mind,63.04
R0002298,O0027146,C03757,2026-08-11,Wrong Item,173.91
R0002299,O0053700,C01992,2025-11-28,Not as Expected,12.24
R0002300,O0052886,C06495,2025-07-15,Wrong Item,89.38
R0002301,O0046590,C05772,2025-07-26,Late Delivery,5.92
R0002302,O0027324,C01664,2026-02-22,Changed Mind,77.06
R0002303,O0052826,C06667,2025-12-19,Not as Expected,118.73
R0002304,O0046683,C02318,2025-02-01,Damaged,256.44
R0002305,O0037532,C06740,2025-04-25,Late Delivery,46.69
R0002306,O0059711,C03848,2026-09-15,Damaged,218.45
R0002307,O0012078,C04860,2025-08-24,Wrong Item,33.56
R0002308,O0018277,C05381,2025-07-04,Changed Mind,193.03
R0002309,O0043659,C01622,2025-05-03,Wrong Item,103.83
R0002310,O0014154,C00648,2026-08-19,Changed Mind,366.49
R0002311,O0017809,C05404,2026-02-18,Not as Expected,80.93
R0002312,O0052170,C06014,2026-05-14,Damaged,270.94
R0002313,O0017265,C04627,2026-04-20,Damaged,130.36
R0002314,O0025945,C07747,2025-05-17,Not as Expected,7.78
R0002315,O0003984,C00445,2025-04-26,Changed Mind,11.52
R0002316,O0008407,C00597,2025-03-08,Wrong Item,209.61
R0002317,O0058137,C01443,2025-12-25,Not as Expected,191.26
R0002318,O0017442,C02834,2026-05-09,Late Delivery,43.43
R0002319,O0049614,C00237,2025-11-29,Late Delivery,138.18
R0002320,O0000563,C05343,2025-11-04,Damaged,4.38
R0002321,O0050956,C07453,2025-09-01,Wrong Item,98.86
R0002322,O0016211,C05758,2026-06-29,Changed Mind,274.18
R0002323,O0003326,C05800,2025-09-13,Not as Expected,134.02
R0002324,O0039435,C03119,2025-12-29,Not as Expected,233.92
R0002325,O0002117,C06414,2025-06-02,Late Delivery,175.99
R0002326,O0016925,C04522,2025-02-01,Changed Mind,28.67
R0002327,O0009959,C01961,2025-03-28,Not as Expected,490.71
R0002328,O0055286,C01155,2025-07-23,Not as Expected,18.5
R0002329,O0012195,C05893,2026-07-25,Wrong Item,126.74
R0002330,O0024052,C05355,2025-12-14,Wrong Item,55.07
R0002331,O0006258,C01054,2026-07-26,Damaged,602.19
R0002332,O0023353,C01634,2025-07-12,Changed Mind,220.76
R0002333,O0044776,C05567,2025-11-20,Late Delivery,102.12
R0002334,O0048956,C01994,2026-08-07,Wrong Item,215.9
R0002335,O0041429,C06714,2026-08-13,Not as Expected,217.31
R0002336,O0005629,C01787,2025-07-27,Late Delivery,22.45
R0002337,O0054334,C01929,2025-06-26,Changed Mind,54.87
R0002338,O0034622,C04919,2025-04-30,Not as Expected,66.11
R0002339,O0024881,C00489,2025-10-11,Wrong Item,86.06
R0002340,O0001241,C02775,2025-06-10,Not as Expected,36.29
R0002341,O0031350,C01655,2025-01-09,Damaged,257.52
R0002342,O0014045,C01281,2025-10-25,Not as Expected,544.96
R0002343,O0058036,C00669,2026-06-18,Late Delivery,592.7
R0002344,O0022875,C01252,2026-01-18,Changed Mind,62.46
R0002345,O0027306,C03792,2026-04-23,Late Delivery,43.15
R0002346,O0001234,C06792,2025-09-29,Late Delivery,31.83
R0002347,O0008885,C02473,2025-12-13,Wrong Item,353.53
R0002348,O0031355,C00051,2026-07-19,Changed Mind,42.34
R0002349,O0043498,C01974,2025-04-25,Changed Mind,13.4
R0002350,O0045601,C01953,2026-07-15,Changed Mind,13.07
R0002351,O0025886,C01466,2025-10-02,Not as Expected,15.77
R0002352,O0059655,C04387,2026-05-10,Wrong Item,53.92
R0002353,O0049340,C00602,2026-07-27,Wrong Item,67.39
R0002354,O0045163,C05859,2025-10-08,Damaged,65.78
R0002355,O0056156,C01796,2026-08-03,Damaged,18.55
R0002356,O0052088,C00731,2025-05-27,Changed Mind,93.67
R0002357,O0030398,C04409,2026-07-23,Wrong Item,29.13
R0002358,O0024418,C04864,2025-11-30,Wrong Item,57.61
R0002359,O0013834,C06981,2025-03-24,Changed Mind,16.78
R0002360,O0024517,C00560,2026-09-26,Damaged,119.15
R0002361,O0051801,C00781,2025-09-20,Changed Mind,52.18
R0002362,O0037530,C04632,2026-07-03,Changed Mind,32.73
R0002363,O0016673,C02237,2025-02-28,Not as Expected,80.29
R0002364,O0020353,C06959,2025-12-22,Late Delivery,127.18
R0002365,O0048973,C06745,2026-05-04,Damaged,29.71
R0002366,O0017584,C07595,2025-05-14,Not as Expected,69.13
R0002367,O0022934,C05759,2025-11-03,Changed Mind,28.08
R0002368,O0002899,C02164,2026-07-08,Late Delivery,14.65
R0002369,O0041519,C04569,2025-07-23,Late Delivery,39.66
R0002370,O0006961,C01856,2026-06-12,Changed Mind,4.67
R0002371,O0023559,C07870,2026-09-14,Late Delivery,41.35
R0002372,O0052667,C06291,2025-12-16,Damaged,93.16
R0002373,O0042923,C03465,2025-05-21,Damaged,165.99
R0002374,O0015416,C05553,2026-03-15,Late Delivery,29.29
R0002375,O0023608,C04143,2026-04-28,Damaged,76.9
R0002376,O0048949,C06106,2025-04-20,Late Delivery,33.68
R0002377,O0046936,C02184,2025-10-14,Late Delivery,95.57
R0002378,O0059356,C00278,2026-03-03,Late Delivery,72.17
R0002379,O0016563,C02132,2025-04-27,Damaged,6.52
R0002380,O0025079,C00360,2025-04-28,Damaged,117.77
R0002381,O0002414,C06980,2025-09-07,Not as Expected,178.56
R0002382,O0000193,C04942,2025-02-01,Late Delivery,50.96
R0002383,O0052214,C01407,2025-03-10,Not as Expected,423.17
R0002384,O0043713,C07616,2026-02-10,Late Delivery,178.47
R0002385,O0041720,C00550,2025-09-19,Not as Expected,30.04
R0002386,O0005138,C04356,2025-07-04,Changed Mind,248.81
R0002387,O0043809,C04951,2026-01-28,Late Delivery,12.99
R0002388,O0002883,C01004,2026-03-16,Changed Mind,74.79
R0002389,O0047391,C03651,2025-01-19,Not as Expected,76.33
R0002390,O0035154,C03584,2025-05-08,Wrong Item,101.37
R0002391,O0056310,C02626,2026-04-11,Damaged,286.29
R0002392,O0056761,C01783,2025-07-30,Late Delivery,36.7
R0002393,O0015584,C01928,2025-06-05,Changed Mind,104.74
R0002394,O0028264,C01137,2026-06-07,Damaged,9.52
R0002395,O0044046,C05949,2025-08-12,Late Delivery,56.64
R0002396,O0055902,C07185,2026-09-12,Wrong Item,64.95
R0002397,O0018933,C00723,2025-06-27,Damaged,48.75
R0002398,O0010853,C03118,2026-01-16,Damaged,56.75
R0002399,O0020211,C00258,2025-06-28,Wrong Item,202.33
R0002400,O0001231,C00233,2025-12-01,Changed Mind,67.24
R0002401,O0015005,C02124,2026-02-07,Changed Mind,9.44
R0002402,O0024773,C07734,2026-07-05,Wrong Item,51.51
R0002403,O0038480,C01849,2025-06-27,Not as Expected,48.34
R0002404,O0023928,C02462,2026-07-14,Changed Mind,39.95
R0002405,O0019450,C06992,2026-02-19,Late Delivery,43.35
R0002406,O0002543,C00146,2026-01-17,Damaged,30.64
R0002407,O0033696,C07036,2025-12-29,Wrong Item,418.54
R0002408,O0030991,C03797,2025-09-19,Wrong Item,129.87
R0002409,O0047976,C01198,2025-03-31,Changed Mind,4.97
R0002410,O0045107,C04335,2025-07-04,Not as Expected,124.51
R0002411,O0031098,C04383,2025-02-03,Late Delivery,188.36
R0002412,O0044039,C05873,2025-06-28,Not as Expected,326.15
R0002413,O0000040,C00464,2025-10-06,Changed Mind,100.9
R0002414,O0048287,C03987,2026-06-04,Changed Mind,99.5
R0002415,O0013852,C01071,2025-06-24,Not as Expected,59.04
R0002416,O0016963,C01056,2025-07-12,Not as Expected,14.82
R0002417,O0058020,C06477,2025-04-04,Changed Mind,186.7
R0002418,O0003591,C00947,2026-07-18,Changed Mind,34.69
R0002419,O0035628,C00616,2025-05-01,Late Delivery,119.02
R0002420,O0018471,C05766,2025-12-28,Not as Expected,93.79
R0002421,O0008982,C01060,2025-06-18,Changed Mind,582.23
R0002422,O0055351,C02674,2025-10-16,Not as Expected,31.61
R0002423,O0002131,C00720,2026-08-24,Late Delivery,17.88
R0002424,O0045387,C07407,2026-09-02,Damaged,1050.36
R0002425,O0057059,C03180,2026-04-30,Damaged,116.56
R0002426,O0040834,C00084,2026-06-28,Changed Mind,662.56
R0002427,O0022229,C07023,2026-03-01,Late Delivery,13.37
R0002428,O0015981,C01087,2026-04-16,Changed Mind,9.57
R0002429,O0037053,C03202,2026-06-03,Not as Expected,599.54
R0002430,O0023088,C03513,2026-06-26,Changed Mind,252.4
R0002431,O0016995,C00181,2026-04-15,Wrong Item,117.47
R0002432,O0052728,C02578,2025-05-25,Wrong Item,97.32
R0002433,O0020735,C01436,2025-02-11,Wrong Item,32.17
R0002434,O0007949,C02686,2026-03-02,Wrong Item,315.17
R0002435,O0029003,C04344,2025-12-16,Damaged,97.13
R0002436,O0023316,C03986,2026-08-23,Not as Expected,219.48
R0002437,O0055795,C04367,2026-05-01,Late Delivery,118.24
R0002438,O0043281,C04518,2025-09-22,Wrong Item,642.35
R0002439,O0053826,C03080,2025-01-30,Damaged,265.95
R0002440,O0043499,C02910,2025-04-23,Late Delivery,228.45
R0002441,O0036938,C05683,2026-08-23,Damaged,68.3
R0002442,O0012835,C00699,2026-06-03,Damaged,70.08
R0002443,O0030571,C01725,2025-09-08,Wrong Item,48.37
R0002444,O0022562,C07985,2026-06-29,Not as Expected,27.99
R0002445,O0049145,C00464,2025-05-13,Late Delivery,27.01
R0002446,O0049613,C04822,2025-03-26,Damaged,40.6
R0002447,O0024125,C03921,2026-06-15,Late Delivery,107.07
R0002448,O0058363,C07124,2026-04-14,Late Delivery,323.1
R0002449,O0051621,C03538,2026-03-14,Late Delivery,91.82
R0002450,O0039870,C03128,2025-09-21,Late Delivery,51.62
R0002451,O0015063,C03928,2026-08-08,Damaged,61.55
R0002452,O0034645,C04132,2026-05-05,Late Delivery,62.06
R0002453,O0047953,C03072,2025-04-01,Damaged,87.97
R0002454,O0055581,C00270,2026-03-01,Damaged,55.8
R0002455,O0053766,C02032,2026-02-07,Late Delivery,94.62
R0002456,O0018418,C06830,2025-04-13,Not as Expected,80.59
R0002457,O0008951,C02133,2025-10-01,Wrong Item,86.07
R0002458,O0030193,C03789,2026-07-20,Damaged,37.2
R0002459,O0054977,C00089,2025-06-26,Not as Expected,233.29
R0002460,O0054354,C03840,2025-05-27,Wrong Item,66.96
R0002461,O0025891,C02177,2025-01-31,Not as Expected,221.25
R0002462,O0022223,C05387,2026-02-19,Wrong Item,8.08
R0002463,O0058619,C00595,2026-02-03,Late Delivery,208.26
R0002464,O0046453,C05793,2025-12-17,Wrong Item,162.3
R0002465,O0011906,C00683,2026-08-31,Late Delivery,13.94
R0002466,O0059310,C05803,2025-12-15,Wrong Item,22.36
R0002467,O0016864,C00949,2025-01-16,Not as Expected,188.86
R0002468,O0008868,C00550,2025-05-06,Changed Mind,296.25
R0002469,O0010364,C07269,2025-02-24,Not as Expected,60.85
R0002470,O0039910,C01941,2026-02-23,Not as Expected,65.35
R0002471,O0028116,C03256,2025-07-24,Late Delivery,13.02
R0002472,O0036944,C04295,2025-03-07,Damaged,18.71
R0002473,O0022334,C00011,2025-02-03,Damaged,193.08
R0002474,O0030966,C01740,2026-03-22,Damaged,74.33
R0002475,O0046037,C02172,2025-11-06,Damaged,36.53
R0002476,O0018771,C00254,2025-10-22,Late Delivery,81.82
R0002477,O0027892,C03910,2025-11-01,Wrong Item,39.54
R0002478,O0011697,C04109,2025-05-04,Wrong Item,113.07
R0002479,O0029559,C01913,2026-09-12,Late Delivery,11.22
R0002480,O0002611,C01477,2026-07-22,Changed Mind,187.06
R0002481,O0027282,C01861,2026-02-04,Changed Mind,30.86
R0002482,O0037738,C07190,2025-09-13,Wrong Item,25.53
R0002483,O0010516,C02528,2025-03-04,Changed Mind,38.27
R0002484,O0014554,C00469,2026-08-15,Changed Mind,62.28
R0002485,O0004457,C01259,2025-02-13,Late Delivery,231.35
R0002486,O0024717,C03766,2025-12-01,Changed Mind,91.24
R0002487,O0034971,C06545,2026-08-07,Not as Expected,228.46
R0002488,O0003115,C07479,2026-04-09,Wrong Item,12.26
R0002489,O0030150,C02922,2025-08-06,Wrong Item,11.31
R0002490,O0034194,C06690,2025-09-27,Not as Expected,3.44
R0002491,O0014143,C03648,2026-04-11,Wrong Item,17.16
R0002492,O0002616,C03904,2026-03-08,Not as Expected,12.75
R0002493,O0057038,C01054,2025-02-03,Late Delivery,11.01
R0002494,O0037844,C06964,2026-05-17,Not as Expected,45.36
R0002495,O0022254,C02521,2026-05-26,Not as Expected,173.64
R0002496,O0029980,C01437,2025-04-18,Changed Mind,260.69
R0002497,O0013897,C02181,2025-10-14,Damaged,55.39
R0002498,O0034912,C01111,2025-11-03,Late Delivery,30.82
R0002499,O0043341,C06752,2025-07-29,Changed Mind,13.87
R0002500,O0000835,C07473,2026-01-15,Late Delivery,44.69
R0002501,O0025322,C01903,2025-10-24,Wrong Item,101.49
R0002502,O0045805,C06613,2025-04-30,Not as Expected,24.17
R0002503,O0048758,C04564,2025-02-16,Late Delivery,18.08
R0002504,O0009606,C00505,2026-04-26,Changed Mind,266.32
R0002505,O0031576,C05225,2026-03-10,Changed Mind,136.53
R0002506,O0013191,C03694,2025-06-28,Damaged,103.5
R0002507,O0059312,C03769,2026-06-06,Late Delivery,77.18
R0002508,O0034863,C07399,2025-07-03,Wrong Item,77.17
R0002509,O0043556,C02081,2026-01-18,Changed Mind,44.5
R0002510,O0049847,C00830,2026-05-13,Not as Expected,553.24
R0002511,O0034215,C06486,2026-01-01,Late Delivery,185.83
R0002512,O0000910,C01775,2026-02-09,Changed Mind,96.66
R0002513,O0011821,C00683,2025-11-01,Late Delivery,109.93
R0002514,O0035601,C02912,2026-01-27,Changed Mind,83.18
R0002515,O0031658,C04026,2026-09-07,Changed Mind,49.54
R0002516,O0009044,C01924,2026-06-12,Wrong Item,61.39
R0002517,O0044090,C04261,2025-11-18,Damaged,15.37
R0002518,O0031490,C02866,2026-08-19,Damaged,189.17
R0002519,O0002643,C02150,2026-02-04,Not as Expected,6.11
R0002520,O0055651,C07147,2025-10-01,Wrong Item,128.86
R0002521,O0046709,C04764,2026-08-08,Not as Expected,130.37
R0002522,O0030085,C07647,2026-09-10,Damaged,31.13
R0002523,O0040924,C02124,2026-06-29,Damaged,18.56
R0002524,O0054844,C00383,2026-02-05,Not as Expected,13.14
R0002525,O0039331,C07636,2026-04-20,Wrong Item,119.41
R0002526,O0056254,C00274,2025-04-04,Late Delivery,48.61
R0002527,O0039688,C02200,2025-11-29,Late Delivery,139.0
R0002528,O0032713,C00798,2026-07-08,Damaged,25.49
R0002529,O0055646,C04094,2026-06-09,Late Delivery,934.37
R0002530,O0051094,C00786,2026-04-28,Changed Mind,219.55
R0002531,O0015375,C05872,2025-10-13,Late Delivery,51.28
R0002532,O0047177,C06087,2025-09-28,Damaged,6.62
R0002533,O0007890,C00180,2025-09-06,Not as Expected,66.96
R0002534,O0020634,C07897,2025-11-16,Damaged,230.14
R0002535,O0050045,C00160,2026-06-30,Not as Expected,101.63
R0002536,O0010150,C02397,2025-04-15,Changed Mind,9.94
R0002537,O0058409,C04745,2025-04-28,Late Delivery,86.86
R0002538,O0059678,C04797,2026-02-03,Not as Expected,47.58
R0002539,O0017032,C07632,2025-04-02,Not as Expected,33.79
R0002540,O0049167,C00465,2025-06-23,Changed Mind,3.72
R0002541,O0032999,C07379,2026-03-07,Not as Expected,403.47
R0002542,O0048697,C07860,2026-07-24,Damaged,245.53
R0002543,O0055621,C04870,2025-02-08,Late Delivery,375.27
R0002544,O0021352,C07203,2026-04-19,Late Delivery,1146.12
R0002545,O0059974,C00140,2025-03-14,Late Delivery,53.3
R0002546,O0006410,C07636,2025-06-01,Wrong Item,29.76
R0002547,O0050304,C00245,2026-07-15,Not as Expected,146.23
R0002548,O0051934,C03769,2026-03-10,Wrong Item,34.24
R0002549,O0053542,C00799,2026-04-17,Not as Expected,287.85
R0002550,O0055048,C06322,2026-01-25,Wrong Item,73.51
R0002551,O0046181,C00662,2025-02-01,Late Delivery,29.03
R0002552,O0024480,C02513,2026-06-25,Late Delivery,103.46
R0002553,O0044823,C07195,2025-12-07,Wrong Item,21.32
R0002554,O0011064,C04017,2026-06-01,Changed Mind,157.08
R0002555,O0007320,C01049,2026-02-12,Changed Mind,48.81
R0002556,O0059216,C02812,2025-07-10,Late Delivery,214.56
R0002557,O0031934,C06473,2025-12-03,Not as Expected,144.84
R0002558,O0002184,C01672,2025-05-09,Damaged,42.47
R0002559,O0001168,C01023,2026-05-25,Late Delivery,52.09
R0002560,O0027912,C02174,2025-04-19,Not as Expected,26.9
R0002561,O0019018,C02323,2025-06-28,Late Delivery,240.92
R0002562,O0039134,C05578,2026-08-09,Wrong Item,276.52
R0002563,O0043910,C00769,2025-06-12,Damaged,242.5
R0002564,O0034528,C06392,2026-02-20,Wrong Item,13.94
R0002565,O0034921,C07149,2026-09-11,Not as Expected,125.69
R0002566,O0053113,C07488,2025-02-14,Not as Expected,1880.57
R0002567,O0029171,C05180,2025-11-19,Damaged,143.83
R0002568,O0014375,C06830,2025-06-03,Late Delivery,106.68
R0002569,O0036574,C04434,2025-07-27,Damaged,28.09
R0002570,O0035019,C04085,2025-02-26,Wrong Item,71.59
R0002571,O0008194,C06273,2025-03-15,Not as Expected,80.46
R0002572,O0024412,C00416,2026-06-05,Changed Mind,369.03
R0002573,O0025895,C00564,2025-07-23,Changed Mind,315.77
R0002574,O0012652,C02427,2026-04-10,Damaged,83.46
R0002575,O0012884,C02033,2025-01-24,Wrong Item,160.13
R0002576,O0052470,C05768,2025-05-21,Damaged,130.12
R0002577,O0049671,C00910,2025-03-16,Damaged,111.44
R0002578,O0023186,C01207,2025-07-25,Changed Mind,60.65
R0002579,O0018035,C01923,2026-07-17,Late Delivery,690.24
R0002580,O0054542,C03053,2025-08-24,Damaged,269.57
R0002581,O0043751,C04596,2026-07-19,Not as Expected,26.56
R0002582,O0013130,C02708,2026-06-29,Wrong Item,45.79
R0002583,O0049604,C01755,2026-07-05,Not as Expected,37.48
R0002584,O0033983,C07690,2026-08-05,Changed Mind,49.93
R0002585,O0039391,C00550,2026-03-20,Damaged,42.41
R0002586,O0057788,C03284,2026-08-14,Not as Expected,278.33
R0002587,O0044369,C01219,2026-01-07,Late Delivery,155.82
R0002588,O0054963,C06723,2026-06-30,Not as Expected,30.38
R0002589,O0052280,C06004,2025-07-12,Not as Expected,16.76
R0002590,O0005860,C04197,2025-08-16,Wrong Item,111.38
R0002591,O0038676,C06994,2025-01-18,Changed Mind,168.45
R0002592,O0022369,C07207,2025-10-09,Damaged,175.65
R0002593,O0018587,C01786,2026-02-06,Wrong Item,14.82
R0002594,O0017818,C02807,2025-09-20,Changed Mind,139.55
R0002595,O0001873,C06683,2026-08-13,Not as Expected,57.53
R0002596,O0039909,C02197,2026-07-15,Damaged,36.63
R0002597,O0026622,C00787,2025-05-17,Late Delivery,481.02
R0002598,O0048563,C07811,2026-02-22,Wrong Item,154.92
R0002599,O0025817,C01362,2025-10-19,Not as Expected,118.0
R0002600,O0008657,C07527,2025-06-17,Changed Mind,156.27
R0002601,O0016340,C01856,2025-09-24,Damaged,77.15
R0002602,O0041404,C03357,2025-11-24,Late Delivery,20.4
R0002603,O0024831,C01762,2026-07-17,Late Delivery,25.15
R0002604,O0032631,C06963,2025-02-16,Changed Mind,10.6
R0002605,O0004303,C02865,2026-02-10,Changed Mind,12.18
R0002606,O0024875,C01854,2026-07-06,Wrong Item,138.52
R0002607,O0026779,C00590,2026-01-30,Damaged,213.0
R0002608,O0025903,C00598,2025-08-30,Wrong Item,39.16
R0002609,O0025729,C07531,2026-03-18,Changed Mind,68.81
R0002610,O0038106,C00808,2026-08-10,Wrong Item,135.36
R0002611,O0050722,C02112,2026-03-10,Wrong Item,202.43
R0002612,O0028732,C04640,2025-11-20,Late Delivery,15.46
R0002613,O0031764,C07404,2026-01-13,Changed Mind,28.31
R0002614,O0012368,C07322,2025-09-19,Damaged,31.09
R0002615,O0058856,C06861,2026-08-09,Wrong Item,215.09
R0002616,O0002995,C02316,2026-04-26,Late Delivery,99.39
R0002617,O0055989,C01241,2025-10-18,Not as Expected,33.48
R0002618,O0009055,C00181,2026-09-09,Wrong Item,200.84
R0002619,O0040270,C07553,2025-07-01,Late Delivery,109.97
R0002620,O0002491,C03320,2025-02-15,Damaged,24.64
R0002621,O0010424,C06176,2025-11-18,Late Delivery,226.59
R0002622,O0011435,C04813,2025-10-22,Late Delivery,20.11
R0002623,O0021544,C02449,2026-06-28,Late Delivery,27.72
R0002624,O0005264,C03150,2026-04-04,Damaged,25.48
R0002625,O0056987,C07887,2025-09-08,Not as Expected,4.41
R0002626,O0035811,C00717,2025-10-22,Damaged,102.85
R0002627,O0027042,C06635,2025-12-07,Changed Mind,132.25
R0002628,O0003375,C05495,2025-08-25,Not as Expected,81.94
R0002629,O0053129,C01349,2025-10-20,Late Delivery,44.9
R0002630,O0046011,C06170,2025-07-20,Changed Mind,59.78
R0002631,O0052528,C03504,2025-02-21,Not as Expected,57.6
R0002632,O0004058,C07636,2025-12-16,Damaged,55.26
R0002633,O0021560,C03189,2025-08-17,Wrong Item,75.56
R0002634,O0006433,C03489,2026-03-03,Not as Expected,90.78
R0002635,O0011561,C07401,2026-04-09,Not as Expected,64.38
R0002636,O0058432,C03065,2025-08-09,Changed Mind,179.72
R0002637,O0019792,C02642,2025-06-30,Changed Mind,124.89
R0002638,O0001009,C03517,2025-06-14,Changed Mind,5.39
R0002639,O0004033,C05338,2025-02-15,Damaged,33.47
R0002640,O0011858,C06448,2025-08-21,Wrong Item,83.12
R0002641,O0035468,C07212,2025-06-05,Late Delivery,14.88
R0002642,O0010026,C04930,2025-01-26,Late Delivery,39.43
R0002643,O0050522,C05133,2026-02-23,Damaged,663.78
R0002644,O0051880,C02184,2025-12-12,Not as Expected,326.53
R0002645,O0005388,C03996,2025-04-04,Wrong Item,59.9
R0002646,O0004182,C06219,2026-08-29,Changed Mind,54.8
R0002647,O0056695,C00200,2025-07-21,Not as Expected,50.74
R0002648,O0049633,C04764,2026-01-11,Late Delivery,68.41
R0002649,O0036410,C04429,2025-12-21,Wrong Item,17.03
R0002650,O0019767,C06243,2025-07-31,Late Delivery,27.23
R0002651,O0055680,C04125,2025-05-03,Not as Expected,63.67
R0002652,O0047566,C05783,2025-07-22,Wrong Item,133.41
R0002653,O0030566,C01075,2026-08-26,Not as Expected,53.32
R0002654,O0030809,C05908,2025-02-15,Late Delivery,1.6
R0002655,O0028935,C00741,2026-01-06,Changed Mind,38.02
R0002656,O0028535,C01165,2026-08-16,Wrong Item,45.75
R0002657,O0007181,C03114,2026-04-01,Wrong Item,68.12
R0002658,O0045905,C03022,2026-04-01,Not as Expected,125.81
R0002659,O0006761,C00788,2025-06-04,Changed Mind,304.9
R0002660,O0004076,C02972,2026-03-23,Not as Expected,218.86
R0002661,O0016560,C03412,2026-06-01,Wrong Item,69.68
R0002662,O0001380,C07148,2025-09-15,Damaged,198.54
R0002663,O0030263,C07508,2025-09-14,Late Delivery,7.41
R0002664,O0052172,C06688,2026-05-01,Wrong Item,82.89
R0002665,O0004148,C02375,2026-03-20,Late Delivery,128.0
R0002666,O0051996,C07196,2025-09-12,Not as Expected,43.93
R0002667,O0053298,C02021,2025-10-02,Changed Mind,10.77
R0002668,O0042429,C03132,2025-04-08,Late Delivery,201.54
R0002669,O0023990,C03601,2026-08-31,Wrong Item,69.28
R0002670,O0006100,C00125,2025-07-27,Not as Expected,166.26
R0002671,O0021484,C06671,2025-05-21,Wrong Item,42.99
R0002672,O0056265,C05023,2025-06-14,Damaged,134.79
R0002673,O0034599,C07629,2025-06-04,Changed Mind,438.03
R0002674,O0006091,C06439,2025-10-04,Late Delivery,14.3
R0002675,O0015554,C04549,2025-04-14,Changed Mind,65.88
R0002676,O0027466,C04478,2025-05-02,Late Delivery,20.57
R0002677,O0017059,C01249,2026-08-01,Not as Expected,192.31
R0002678,O0015768,C01249,2025-01-30,Changed Mind,72.31
R0002679,O0032613,C07729,2025-06-07,Changed Mind,27.05
R0002680,O0006690,C07650,2025-03-23,Wrong Item,170.88
R0002681,O0004947,C02665,2025-09-16,Wrong Item,123.44
R0002682,O0018588,C01974,2025-10-21,Wrong Item,57.18
R0002683,O0013573,C01655,2026-03-29,Late Delivery,93.41
R0002684,O0034769,C07814,2026-09-04,Wrong Item,161.82
R0002685,O0007443,C00404,2025-03-03,Late Delivery,36.3
R0002686,O0052195,C01953,2025-09-04,Wrong Item,9.35
R0002687,O0023183,C04542,2025-05-08,Damaged,17.76
R0002688,O0049549,C00296,2026-08-01,Changed Mind,425.86
R0002689,O0042439,C07450,2026-08-14,Damaged,13.96
R0002690,O0009821,C01981,2025-04-02,Late Delivery,34.46
R0002691,O0007623,C03816,2025-03-15,Not as Expected,17.74
R0002692,O0003097,C07921,2025-06-29,Not as Expected,7.67
R0002693,O0040616,C07419,2025-11-24,Not as Expected,29.59
R0002694,O0042816,C04033,2025-10-10,Late Delivery,47.2
R0002695,O0025209,C04626,2026-02-13,Late Delivery,193.86
R0002696,O0057474,C03873,2026-02-17,Changed Mind,2.0
R0002697,O0008215,C07397,2025-07-05,Late Delivery,184.31
R0002698,O0004779,C01907,2026-03-05,Changed Mind,120.95
R0002699,O0034173,C07183,2026-04-13,Late Delivery,292.7
R0002700,O0016967,C00078,2026-06-29,Damaged,109.43
R0002701,O0045624,C07557,2026-06-06,Late Delivery,219.76
R0002702,O0016918,C00431,2025-08-22,Wrong Item,289.3
R0002703,O0052024,C07120,2025-11-29,Damaged,22.81
R0002704,O0015642,C00709,2025-06-13,Not as Expected,107.25
R0002705,O0044266,C04668,2025-08-26,Not as Expected,84.54
R0002706,O0042642,C02411,2025-06-19,Wrong Item,5.33
R0002707,O0059973,C00707,2025-02-18,Not as Expected,147.66
R0002708,O0049355,C01823,2025-06-01,Wrong Item,112.77
R0002709,O0044961,C01254,2026-01-29,Wrong Item,49.95
R0002710,O0055386,C00218,2026-07-22,Wrong Item,7.38
R0002711,O0024225,C06892,2025-10-28,Not as Expected,286.69
R0002712,O0014185,C04447,2025-09-07,Damaged,17.84
R0002713,O0053683,C06482,2026-09-16,Damaged,51.91
R0002714,O0054681,C02592,2025-10-25,Damaged,62.11
R0002715,O0039196,C00984,2025-10-18,Changed Mind,76.38
R0002716,O0038330,C01614,2025-04-01,Late Delivery,133.82
R0002717,O0020063,C03168,2025-04-12,Not as Expected,70.93
R0002718,O0034489,C00785,2025-04-08,Late Delivery,136.88
R0002719,O0036190,C07393,2026-06-04,Wrong Item,467.69
R0002720,O0035666,C02760,2026-02-28,Changed Mind,31.68
R0002721,O0042826,C03414,2025-02-07,Damaged,139.85
R0002722,O0048404,C07351,2025-11-03,Not as Expected,40.31
R0002723,O0003688,C06957,2025-07-08,Damaged,65.85
R0002724,O0020587,C00565,2025-02-21,Damaged,47.86
R0002725,O0009250,C04959,2025-10-21,Not as Expected,10.06
R0002726,O0018353,C03661,2026-08-27,Wrong Item,28.94
R0002727,O0005114,C03957,2026-06-15,Late Delivery,97.28
R0002728,O0015037,C07983,2025-09-05,Wrong Item,76.58
R0002729,O0048297,C02373,2025-04-17,Damaged,260.43
R0002730,O0052086,C04918,2025-02-06,Late Delivery,4.42
R0002731,O0056484,C03336,2026-08-06,Not as Expected,207.43
R0002732,O0038108,C04268,2025-11-11,Changed Mind,706.25
R0002733,O0004585,C07917,2025-08-26,Wrong Item,53.35
R0002734,O0025696,C05442,2025-01-25,Wrong Item,1855.12
R0002735,O0007594,C06512,2026-06-27,Wrong Item,133.63
R0002736,O0041080,C01436,2025-04-04,Not as Expected,58.22
R0002737,O0050126,C03202,2025-01-31,Wrong Item,17.42
R0002738,O0027540,C03489,2025-02-02,Wrong Item,49.41
R0002739,O0012699,C06477,2025-06-28,Damaged,112.03
R0002740,O0021917,C03327,2025-01-27,Not as Expected,87.89
R0002741,O0027771,C05939,2025-05-28,Late Delivery,147.65
R0002742,O0029112,C07633,2025-05-16,Late Delivery,40.97
R0002743,O0056722,C03318,2025-08-05,Not as Expected,101.73
R0002744,O0007908,C07732,2026-05-03,Damaged,508.9
R0002745,O0056359,C01277,2026-04-28,Changed Mind,128.43
R0002746,O0046140,C00216,2025-08-09,Damaged,203.89
R0002747,O0030273,C03167,2025-06-15,Not as Expected,96.16
R0002748,O0004734,C00685,2026-04-18,Wrong Item,185.1
R0002749,O0009840,C03092,2025-11-10,Late Delivery,13.75
R0002750,O0054181,C04918,2026-04-01,Damaged,54.62
R0002751,O0034452,C07754,2026-03-20,Late Delivery,71.04
R0002752,O0017878,C03287,2025-08-24,Damaged,152.14
R0002753,O0018256,C07010,2026-03-31,Wrong Item,6.98
R0002754,O0032636,C01829,2025-11-18,Damaged,29.77
R0002755,O0030729,C04532,2026-08-14,Damaged,25.62
R0002756,O0055773,C02964,2026-04-13,Changed Mind,988.93
R0002757,O0030160,C06865,2025-07-15,Late Delivery,98.04
R0002758,O0057523,C01359,2026-07-30,Not as Expected,259.61
R0002759,O0006018,C06528,2026-05-14,Wrong Item,120.94
R0002760,O0006638,C02782,2025-02-11,Wrong Item,137.86
R0002761,O0019774,C04266,2025-12-30,Damaged,116.12
R0002762,O0043553,C04284,2025-08-17,Damaged,186.76
R0002763,O0037736,C07921,2026-05-11,Wrong Item,29.2
R0002764,O0024856,C00877,2025-01-27,Late Delivery,32.54
R0002765,O0054454,C06449,2025-07-26,Wrong Item,36.81
R0002766,O0027459,C01326,2025-09-21,Late Delivery,15.65
R0002767,O0032751,C01892,2025-12-18,Wrong Item,11.97
R0002768,O0054668,C01187,2025-11-06,Wrong Item,8.37
R0002769,O0026626,C01379,2025-07-31,Wrong Item,48.16
R0002770,O0014464,C03676,2026-06-13,Wrong Item,47.37
R0002771,O0054463,C00148,2026-06-28,Late Delivery,9.82
R0002772,O0041284,C04533,2025-02-16,Not as Expected,505.22
R0002773,O0035419,C04453,2026-09-13,Not as Expected,249.0
R0002774,O0039958,C06433,2025-06-30,Damaged,249.24
R0002775,O0034486,C02189,2026-02-06,Not as Expected,19.95
R0002776,O0003663,C05928,2025-11-30,Wrong Item,71.68
R0002777,O0010936,C01617,2025-11-07,Changed Mind,62.21
R0002778,O0056150,C03989,2026-02-25,Late Delivery,50.42
R0002779,O0013598,C03838,2025-11-19,Changed Mind,25.47
R0002780,O0037676,C01153,2025-11-17,Not as Expected,21.52
R0002781,O0031741,C01765,2025-12-30,Wrong Item,248.93
R0002782,O0054217,C06599,2025-02-10,Damaged,74.45
R0002783,O0042004,C04546,2026-08-14,Damaged,75.69
R0002784,O0031330,C03841,2026-09-03,Damaged,81.22
R0002785,O0033630,C03241,2025-07-22,Wrong Item,39.53
R0002786,O0029895,C03236,2026-07-22,Not as Expected,63.12
R0002787,O0007322,C05581,2026-04-06,Wrong Item,105.49
R0002788,O0008172,C04036,2026-06-12,Wrong Item,259.08
R0002789,O0010458,C00898,2026-06-23,Damaged,71.25
R0002790,O0033785,C00759,2025-08-17,Changed Mind,78.83
R0002791,O0057682,C01615,2025-11-04,Damaged,164.85
R0002792,O0015987,C02248,2026-01-05,Wrong Item,59.87
R0002793,O0019581,C03544,2025-10-13,Damaged,150.78
R0002794,O0026269,C04145,2025-02-19,Not as Expected,96.62
R0002795,O0043445,C04677,2026-02-01,Late Delivery,256.1
R0002796,O0002559,C06190,2026-01-24,Wrong Item,20.88
R0002797,O0043972,C00419,2025-11-18,Not as Expected,24.64
R0002798,O0028277,C07729,2025-08-29,Not as Expected,187.13
R0002799,O0030022,C06510,2025-06-06,Damaged,212.76
R0002800,O0017372,C01089,2025-03-06,Not as Expected,76.93
R0002801,O0001970,C06577,2025-02-07,Wrong Item,180.87
R0002802,O0037908,C06037,2025-12-21,Wrong Item,194.44
R0002803,O0005980,C03767,2026-03-24,Not as Expected,63.18
R0002804,O0016700,C07411,2026-07-22,Damaged,182.74
R0002805,O0009526,C04287,2026-03-30,Late Delivery,43.29
R0002806,O0029843,C07040,2025-04-25,Not as Expected,153.31
R0002807,O0050091,C01605,2026-01-30,Changed Mind,51.07
R0002808,O0058203,C07424,2025-10-11,Changed Mind,98.11
R0002809,O0046179,C04920,2025-11-23,Wrong Item,97.87
R0002810,O0008960,C04383,2025-07-07,Changed Mind,112.93
R0002811,O0055855,C01323,2025-09-29,Not as Expected,41.05
R0002812,O0047608,C05730,2025-10-05,Damaged,203.91
R0002813,O0017629,C00668,2026-05-01,Changed Mind,37.14
R0002814,O0057943,C02801,2026-06-09,Late Delivery,108.67
R0002815,O0017292,C06266,2025-12-31,Late Delivery,3433.71
R0002816,O0051425,C02124,2026-01-10,Damaged,84.96
R0002817,O0037225,C01713,2025-10-26,Changed Mind,281.6
R0002818,O0032417,C06422,2026-01-06,Damaged,100.62
R0002819,O0017798,C06896,2026-05-31,Changed Mind,38.29
R0002820,O0050101,C02867,2026-04-22,Damaged,12.84
R0002821,O0028411,C03016,2025-08-09,Changed Mind,57.97
R0002822,O0018113,C01028,2026-02-19,Not as Expected,83.22
R0002823,O0048029,C04837,2025-02-07,Late Delivery,86.19
R0002824,O0042102,C04011,2025-01-14,Wrong Item,42.08
R0002825,O0027906,C00688,2026-05-01,Late Delivery,732.61
R0002826,O0039520,C07819,2026-05-31,Not as Expected,82.73
R0002827,O0021434,C00057,2025-09-19,Wrong Item,7.91
R0002828,O0054921,C01744,2026-02-23,Late Delivery,285.62
R0002829,O0040446,C00691,2026-06-06,Changed Mind,487.14
R0002830,O0029235,C02909,2026-05-07,Late Delivery,33.88
R0002831,O0046949,C01989,2026-05-20,Changed Mind,144.62
R0002832,O0012358,C07203,2026-07-02,Changed Mind,4.37
R0002833,O0052236,C07132,2025-07-13,Not as Expected,328.55
R0002834,O0059884,C05599,2025-02-10,Late Delivery,79.83
R0002835,O0028506,C00557,2025-08-22,Late Delivery,41.64
R0002836,O0000463,C03974,2025-11-16,Damaged,50.55
R0002837,O0019121,C05202,2025-11-27,Changed Mind,54.6
R0002838,O0025763,C03619,2025-02-19,Changed Mind,63.18
R0002839,O0026253,C00681,2025-06-06,Late Delivery,88.89
R0002840,O0027326,C01863,2025-05-13,Not as Expected,11.43
R0002841,O0048496,C06728,2025-09-26,Wrong Item,120.36
R0002842,O0047174,C00388,2025-08-18,Changed Mind,1189.85
R0002843,O0028224,C06980,2025-11-09,Late Delivery,87.54
R0002844,O0041190,C01538,2026-09-15,Not as Expected,137.5
R0002845,O0017410,C06014,2026-02-27,Late Delivery,12.77
R0002846,O0028413,C02445,2025-02-01,Wrong Item,91.43
R0002847,O0025334,C03349,2025-01-19,Damaged,110.07
R0002848,O0017696,C06190,2026-08-17,Damaged,6.49
R0002849,O0010501,C07803,2025-02-10,Damaged,39.52
R0002850,O0055803,C07425,2025-04-26,Late Delivery,2439.79
R0002851,O0025377,C00290,2026-02-15,Damaged,52.53
R0002852,O0005657,C07387,2026-09-11,Damaged,145.46
R0002853,O0046763,C00858,2026-06-25,Not as Expected,28.41
R0002854,O0028592,C03504,2025-08-09,Changed Mind,84.18
R0002855,O0035098,C02794,2026-05-06,Late Delivery,119.64
R0002856,O0034781,C07642,2026-06-17,Wrong Item,18.75
R0002857,O0020608,C05961,2025-04-17,Damaged,364.84
R0002858,O0059118,C05216,2025-06-22,Late Delivery,21.01
R0002859,O0054701,C03503,2026-01-12,Changed Mind,49.6
R0002860,O0023851,C03462,2026-04-30,Damaged,258.75
R0002861,O0048920,C03201,2026-07-24,Damaged,151.61
R0002862,O0055131,C05682,2025-12-02,Late Delivery,92.99
R0002863,O0043645,C04090,2025-09-14,Not as Expected,488.08
R0002864,O0027914,C07065,2025-06-14,Late Delivery,10.22
R0002865,O0027880,C05978,2026-08-13,Late Delivery,51.32
R0002866,O0047229,C05158,2025-11-04,Not as Expected,84.24
R0002867,O0052273,C07923,2025-02-12,Changed Mind,76.16
R0002868,O0029882,C00236,2026-04-11,Not as Expected,757.22
R0002869,O0010199,C03291,2025-06-04,Damaged,318.78
R0002870,O0003275,C04632,2026-01-24,Wrong Item,169.8
R0002871,O0045826,C03925,2025-05-02,Wrong Item,16.07
R0002872,O0059922,C02756,2026-04-28,Changed Mind,31.01
R0002873,O0054763,C01668,2025-03-08,Wrong Item,121.72
R0002874,O0026160,C06460,2025-07-15,Damaged,65.95
R0002875,O0038441,C01759,2026-08-18,Late Delivery,491.4
R0002876,O0055279,C04234,2025-06-16,Damaged,23.94
R0002877,O0023044,C03338,2025-04-04,Late Delivery,73.82
R0002878,O0005674,C00729,2025-01-16,Wrong Item,123.43
R0002879,O0010742,C04355,2025-07-20,Not as Expected,490.48
R0002880,O0043842,C02364,2025-09-27,Damaged,167.56
R0002881,O0012193,C06793,2025-08-12,Wrong Item,47.24
R0002882,O0058971,C02911,2026-04-30,Not as Expected,41.84
R0002883,O0055263,C01787,2025-02-16,Damaged,105.5
R0002884,O0046367,C06830,2025-05-08,Changed Mind,48.65
R0002885,O0052535,C07245,2026-05-07,Changed Mind,90.27
R0002886,O0037005,C00895,2026-07-12,Damaged,63.75
R0002887,O0003475,C03760,2025-03-19,Changed Mind,84.14
R0002888,O0032347,C03227,2025-05-24,Late Delivery,164.1
R0002889,O0006574,C07754,2025-09-14,Damaged,344.53
R0002890,O0056922,C03209,2025-02-03,Wrong Item,254.1
R0002891,O0001466,C06362,2025-07-04,Damaged,7.6
R0002892,O0030751,C01488,2025-10-03,Damaged,114.09
R0002893,O0010281,C00695,2026-09-02,Wrong Item,40.97
R0002894,O0042527,C03192,2026-06-16,Late Delivery,25.84
R0002895,O0023142,C03051,2025-07-01,Late Delivery,335.15
R0002896,O0036522,C01366,2025-05-22,Damaged,97.05
R0002897,O0009826,C02578,2025-11-17,Not as Expected,4.8
R0002898,O0001852,C06374,2025-06-27,Damaged,34.58
R0002899,O0029714,C05946,2026-01-13,Not as Expected,76.34
R0002900,O0012005,C04870,2025-03-24,Changed Mind,45.47
R0002901,O0057013,C06780,2026-07-20,Changed Mind,57.48
R0002902,O0018890,C06029,2025-02-09,Wrong Item,256.45
R0002903,O0021836,C03828,2025-06-18,Wrong Item,266.05
R0002904,O0018990,C00184,2025-03-28,Damaged,68.84
R0002905,O0005673,C01310,2025-09-12,Damaged,34.38
R0002906,O0011828,C07477,2025-12-01,Not as Expected,538.06
R0002907,O0025183,C06060,2025-06-01,Not as Expected,42.01
R0002908,O0014284,C06640,2025-07-12,Damaged,74.93
R0002909,O0023561,C05931,2025-01-28,Wrong Item,11.85
R0002910,O0037228,C06919,2025-10-29,Changed Mind,152.61
R0002911,O0041102,C00438,2025-08-21,Not as Expected,31.05
R0002912,O0028778,C05683,2026-06-07,Late Delivery,105.22
R0002913,O0032141,C04329,2025-08-07,Wrong Item,84.57
R0002914,O0011686,C03275,2025-07-18,Damaged,505.87
R0002915,O0025870,C07670,2026-06-25,Wrong Item,6.44
R0002916,O0055771,C05366,2026-03-20,Changed Mind,186.73
R0002917,O0050056,C03899,2025-12-27,Not as Expected,226.02
R0002918,O0005688,C03793,2025-02-10,Wrong Item,288.94
R0002919,O0049695,C06854,2025-09-12,Late Delivery,59.89
R0002920,O0050417,C04401,2026-02-12,Changed Mind,16.95
R0002921,O0037313,C00195,2025-03-11,Not as Expected,186.25
R0002922,O0041457,C06990,2025-06-03,Late Delivery,58.15
R0002923,O0058344,C00872,2026-04-05,Late Delivery,65.4
R0002924,O0001390,C06640,2026-07-10,Not as Expected,26.91
R0002925,O0044657,C01032,2025-08-08,Late Delivery,49.85
R0002926,O0020141,C06132,2026-07-29,Late Delivery,94.86
R0002927,O0046852,C05132,2025-09-06,Not as Expected,49.41
R0002928,O0056302,C01590,2026-05-27,Changed Mind,19.6
R0002929,O0020864,C03783,2025-02-16,Late Delivery,60.45
R0002930,O0027747,C06479,2025-04-02,Not as Expected,96.84
R0002931,O0017391,C05862,2026-02-09,Damaged,67.65
R0002932,O0014199,C07438,2026-03-10,Damaged,18.52
R0002933,O0006240,C01225,2025-03-17,Wrong Item,196.29
R0002934,O0026235,C07966,2026-01-16,Wrong Item,180.23
R0002935,O0050192,C01809,2026-02-01,Damaged,40.56
R0002936,O0051750,C07548,2025-06-04,Wrong Item,22.82
R0002937,O0044063,C06211,2025-12-11,Not as Expected,16.57
R0002938,O0010757,C04334,2025-10-28,Wrong Item,112.1
R0002939,O0022503,C01534,2025-02-12,Wrong Item,6.15
R0002940,O0042033,C05455,2025-04-14,Wrong Item,36.7
R0002941,O0019182,C07111,2026-07-02,Changed Mind,8.34
R0002942,O0053868,C02868,2026-01-13,Late Delivery,7.1
R0002943,O0016853,C06156,2025-07-10,Changed Mind,366.53
R0002944,O0049148,C04075,2026-06-17,Damaged,148.67
R0002945,O0024489,C04567,2025-08-05,Late Delivery,108.06
R0002946,O0051145,C05222,2025-05-04,Late Delivery,103.16
R0002947,O0036489,C06348,2025-09-17,Changed Mind,29.56
R0002948,O0050692,C02877,2025-08-08,Late Delivery,48.24
R0002949,O0046892,C03502,2026-09-17,Changed Mind,13.16
R0002950,O0050071,C05968,2025-02-11,Late Delivery,60.0
R0002951,O0030068,C03850,2025-04-06,Changed Mind,37.76
R0002952,O0038279,C05154,2025-03-08,Changed Mind,70.01
R0002953,O0025937,C05725,2025-12-05,Late Delivery,25.18
R0002954,O0006278,C04519,2026-03-05,Changed Mind,15.65
R0002955,O0042587,C03284,2025-09-08,Damaged,62.91
R0002956,O0004235,C04314,2025-10-21,Damaged,109.97
R0002957,O0017351,C02640,2026-04-10,Changed Mind,252.83
R0002958,O0034962,C01482,2026-06-28,Changed Mind,850.17
R0002959,O0016851,C02810,2025-07-27,Changed Mind,101.63
R0002960,O0004000,C05817,2025-05-02,Not as Expected,231.89
R0002961,O0006079,C02979,2025-05-20,Damaged,384.74
R0002962,O0005187,C05192,2026-04-12,Not as Expected,335.43
R0002963,O0044518,C06761,2025-03-03,Wrong Item,80.36
R0002964,O0013951,C04175,2025-12-12,Late Delivery,311.92
R0002965,O0039477,C03665,2025-06-04,Not as Expected,252.45
R0002966,O0014599,C02884,2025-11-21,Changed Mind,61.2
R0002967,O0023577,C05409,2026-08-13,Damaged,21.37
R0002968,O0023712,C00932,2025-12-04,Not as Expected,33.85
R0002969,O0053028,C05645,2025-10-21,Changed Mind,592.72
R0002970,O0049161,C00844,2025-11-04,Damaged,157.77
R0002971,O0016765,C03976,2025-05-31,Damaged,38.36
R0002972,O0029001,C03346,2025-12-17,Late Delivery,11.97
R0002973,O0053308,C07074,2025-05-08,Not as Expected,99.32
R0002974,O0017805,C07833,2025-09-15,Damaged,64.65
R0002975,O0054153,C03778,2025-10-25,Damaged,88.25
R0002976,O0039544,C01348,2025-10-05,Changed Mind,53.84
R0002977,O0022519,C04531,2025-05-13,Wrong Item,3893.11
R0002978,O0006212,C03141,2025-11-14,Late Delivery,49.52
R0002979,O0043317,C05856,2026-05-16,Late Delivery,35.25
R0002980,O0006679,C01370,2026-02-04,Wrong Item,56.77
R0002981,O0045312,C06547,2025-10-20,Late Delivery,579.83
R0002982,O0024714,C01186,2025-03-30,Changed Mind,275.06
R0002983,O0022531,C06367,2025-08-09,Late Delivery,40.1
R0002984,O0054041,C03114,2026-05-25,Not as Expected,119.71
R0002985,O0044342,C04051,2026-01-28,Not as Expected,48.23
R0002986,O0052053,C02714,2025-05-03,Wrong Item,146.67
R0002987,O0000515,C01872,2026-02-28,Late Delivery,398.52
R0002988,O0036614,C03671,2025-10-25,Changed Mind,41.96
R0002989,O0005993,C04812,2025-12-16,Damaged,152.2
R0002990,O0057713,C04694,2025-04-07,Late Delivery,62.29
R0002991,O0057852,C04673,2026-05-12,Not as Expected,624.82
R0002992,O0036405,C04463,2026-08-13,Wrong Item,162.14
R0002993,O0013091,C07959,2026-03-01,Late Delivery,26.96
R0002994,O0017244,C06143,2025-10-30,Late Delivery,5.76
R0002995,O0033552,C05780,2026-04-22,Late Delivery,52.55
R0002996,O0028122,C00365,2026-02-08,Wrong Item,66.66
R0002997,O0045679,C02510,2025-06-29,Late Delivery,70.49
R0002998,O0047316,C03748,2025-03-24,Wrong Item,152.51
R0002999,O0012403,C06440,2025-02-14,Not as Expected,133.11
R0003000,O0048184,C05132,2025-06-05,Wrong Item,3174.38
R0003001,O0037212,C03835,2025-07-21,Damaged,104.99
R0003002,O0014918,C02906,2025-12-08,Damaged,37.66
R0003003,O0029818,C07642,2025-10-23,Late Delivery,59.64
R0003004,O0035444,C06991,2025-10-04,Changed Mind,271.56
R0003005,O0022485,C04743,2025-04-29,Not as Expected,561.32
R0003006,O0036232,C07994,2025-10-09,Wrong Item,46.9
R0003007,O0050862,C02193,2025-05-01,Not as Expected,22.53
R0003008,O0034134,C01367,2026-02-23,Not as Expected,71.57
R0003009,O0043470,C06695,2025-06-02,Late Delivery,329.22
R0003010,O0028913,C06972,2025-12-07,Changed Mind,40.35
R0003011,O0006432,C03630,2025-09-25,Late Delivery,5.32
R0003012,O0016071,C07610,2026-03-03,Wrong Item,69.0
R0003013,O0036534,C06054,2025-08-11,Damaged,484.38
R0003014,O0009036,C07184,2025-10-12,Late Delivery,20.21
R0003015,O0005895,C06143,2025-09-01,Changed Mind,123.34
R0003016,O0024640,C06561,2026-01-02,Wrong Item,41.22
R0003017,O0019105,C06734,2025-12-21,Not as Expected,87.13
R0003018,O0017634,C05421,2025-07-15,Not as Expected,24.14
R0003019,O0026229,C02726,2025-11-08,Wrong Item,42.33
R0003020,O0021925,C00453,2025-04-15,Late Delivery,38.81
R0003021,O0031623,C00045,2025-06-12,Wrong Item,28.55
R0003022,O0024574,C06281,2025-08-26,Late Delivery,76.6
R0003023,O0049391,C00168,2025-11-29,Wrong Item,102.35
R0003024,O0059114,C01115,2025-05-31,Wrong Item,18.82
R0003025,O0046119,C00101,2025-09-17,Changed Mind,343.0
R0003026,O0048285,C00265,2025-02-11,Wrong Item,222.92
R0003027,O0008588,C01682,2025-04-19,Changed Mind,67.42
R0003028,O0023761,C01911,2026-01-01,Changed Mind,224.34
R0003029,O0001188,C05442,2025-09-12,Damaged,194.59
R0003030,O0045686,C05913,2026-08-08,Changed Mind,964.1
R0003031,O0050707,C05421,2026-08-02,Not as Expected,65.3
R0003032,O0010849,C00312,2025-09-28,Changed Mind,26.17
R0003033,O0035664,C01971,2026-06-26,Wrong Item,386.37
R0003034,O0049374,C00125,2025-04-01,Damaged,17.97
R0003035,O0054055,C03403,2026-05-10,Wrong Item,43.28
R0003036,O0020552,C04536,2025-06-07,Wrong Item,36.02
R0003037,O0026323,C04188,2025-02-09,Changed Mind,127.42
R0003038,O0001888,C01087,2025-05-20,Damaged,60.62
R0003039,O0053927,C01996,2025-02-21,Damaged,169.36
R0003040,O0013508,C03376,2025-09-14,Wrong Item,96.49
R0003041,O0011198,C01055,2026-07-24,Damaged,102.27
R0003042,O0032647,C02765,2025-12-05,Late Delivery,11.67
R0003043,O0058695,C01508,2026-03-19,Damaged,15.48
R0003044,O0006286,C02602,2025-05-04,Not as Expected,19.33
R0003045,O0047730,C01087,2026-01-08,Damaged,58.69
R0003046,O0037197,C07379,2026-06-23,Changed Mind,15.51
R0003047,O0009957,C04036,2025-09-27,Late Delivery,6.31
R0003048,O0041077,C03608,2025-05-04,Late Delivery,9.6
R0003049,O0043897,C03052,2026-04-22,Late Delivery,67.39
R0003050,O0039617,C03505,2026-03-04,Wrong Item,58.87
R0003051,O0057770,C05583,2026-08-03,Late Delivery,47.0
R0003052,O0009815,C01567,2026-01-18,Not as Expected,72.51
R0003053,O0008462,C02844,2026-05-04,Changed Mind,337.45
R0003054,O0059155,C07103,2025-03-14,Not as Expected,88.92
R0003055,O0022238,C00966,2025-04-23,Changed Mind,47.1
R0003056,O0049151,C03594,2025-01-10,Wrong Item,233.82
R0003057,O0026060,C02388,2025-08-30,Wrong Item,35.39
R0003058,O0028755,C00483,2025-12-01,Late Delivery,59.54
R0003059,O0014489,C05585,2025-08-15,Late Delivery,164.44
R0003060,O0013439,C01600,2025-10-04,Late Delivery,23.05
R0003061,O0047643,C02667,2026-06-18,Damaged,35.47
R0003062,O0032620,C05652,2025-09-05,Damaged,124.21
R0003063,O0029009,C07442,2025-03-08,Damaged,194.3
R0003064,O0059320,C06050,2025-11-22,Changed Mind,251.17
R0003065,O0039597,C01550,2025-06-26,Not as Expected,63.64
R0003066,O0002107,C06801,2025-02-23,Late Delivery,71.51
R0003067,O0016036,C03124,2026-09-05,Late Delivery,90.83
R0003068,O0050155,C06498,2025-08-11,Wrong Item,114.5
R0003069,O0029281,C05033,2026-04-16,Changed Mind,6.46
R0003070,O0035958,C01057,2025-10-29,Changed Mind,27.92
R0003071,O0041425,C07595,2025-08-05,Not as Expected,86.27
R0003072,O0012690,C00366,2025-07-06,Changed Mind,86.48
R0003073,O0037877,C03089,2026-03-14,Changed Mind,105.9
R0003074,O0033302,C02821,2025-03-16,Damaged,63.21
R0003075,O0026980,C01663,2026-01-21,Not as Expected,14.18
R0003076,O0030253,C04797,2025-09-03,Wrong Item,40.62
R0003077,O0007858,C03251,2026-08-29,Late Delivery,28.53
R0003078,O0053288,C02731,2025-06-28,Damaged,35.57
R0003079,O0000552,C07301,2026-02-03,Late Delivery,18.46
R0003080,O0024240,C01172,2026-08-17,Changed Mind,222.42
R0003081,O0016596,C01356,2025-04-19,Changed Mind,340.91
R0003082,O0051291,C07645,2026-07-14,Changed Mind,183.5
R0003083,O0036152,C05091,2025-10-27,Not as Expected,112.21
R0003084,O0030582,C06300,2025-12-01,Late Delivery,53.34
R0003085,O0002689,C03058,2025-06-05,Changed Mind,72.21
R0003086,O0001108,C05117,2025-03-15,Not as Expected,145.13
R0003087,O0034218,C01279,2025-06-25,Wrong Item,24.74
R0003088,O0023609,C06921,2026-08-08,Not as Expected,30.24
R0003089,O0033371,C02815,2025-05-27,Late Delivery,56.33
R0003090,O0021194,C04437,2026-08-24,Damaged,83.27
R0003091,O0059920,C00674,2026-02-18,Changed Mind,24.68
R0003092,O0054693,C06370,2026-04-06,Not as Expected,42.02
R0003093,O0037905,C01176,2026-01-07,Wrong Item,15.14
R0003094,O0008095,C05579,2025-05-03,Not as Expected,16.23
R0003095,O0043297,C04430,2025-04-29,Damaged,28.3
R0003096,O0036039,C04432,2026-02-12,Late Delivery,135.84
R0003097,O0015636,C04829,2025-05-19,Wrong Item,174.82
R0003098,O0032105,C07830,2026-04-03,Late Delivery,38.21
R0003099,O0045051,C01218,2025-07-16,Late Delivery,10.58
R0003100,O0028928,C06651,2026-02-01,Wrong Item,15.9
R0003101,O0055823,C04369,2026-05-22,Wrong Item,144.55
R0003102,O0042365,C01122,2025-06-03,Changed Mind,36.34
R0003103,O0018017,C00137,2025-11-10,Wrong Item,2710.34
R0003104,O0009199,C05566,2025-12-26,Wrong Item,34.39
R0003105,O0052209,C07051,2025-09-16,Not as Expected,21.62
R0003106,O0025918,C05691,2026-01-16,Late Delivery,210.79
R0003107,O0007069,C00326,2025-03-13,Wrong Item,16.88
R0003108,O0009200,C00659,2025-09-24,Wrong Item,48.53
R0003109,O0052918,C01280,2026-09-10,Late Delivery,10.22
R0003110,O0019946,C02179,2026-01-08,Not as Expected,120.91
R0003111,O0014131,C05332,2026-07-05,Changed Mind,105.23
R0003112,O0022484,C01228,2025-07-08,Damaged,34.99
R0003113,O0046897,C07966,2025-12-12,Late Delivery,33.64
R0003114,O0009135,C05892,2026-02-22,Late Delivery,20.92
R0003115,O0036149,C06490,2025-07-22,Changed Mind,195.59
R0003116,O0031320,C03925,2025-08-01,Late Delivery,133.76
R0003117,O0045103,C07391,2026-03-18,Changed Mind,7.97
R0003118,O0031996,C04982,2025-12-31,Wrong Item,24.46
R0003119,O0051649,C06741,2025-10-16,Not as Expected,185.42
R0003120,O0034097,C02697,2026-03-13,Not as Expected,69.08
R0003121,O0028761,C00951,2026-05-08,Not as Expected,151.69
R0003122,O0056867,C03213,2025-07-10,Wrong Item,16.87
R0003123,O0059939,C02208,2025-09-28,Late Delivery,8.51
R0003124,O0013723,C06791,2025-04-07,Wrong Item,118.05
R0003125,O0030754,C03470,2025-06-03,Damaged,144.56
R0003126,O0058222,C04157,2025-05-17,Wrong Item,6.75
R0003127,O0008162,C02347,2025-01-26,Wrong Item,96.98
R0003128,O0023740,C03002,2026-06-14,Wrong Item,23.63
R0003129,O0021704,C04805,2026-03-13,Not as Expected,43.27
R0003130,O0049764,C03143,2025-11-14,Not as Expected,100.05
R0003131,O0035553,C07200,2025-12-31,Not as Expected,209.53
R0003132,O0036568,C01185,2026-04-07,Damaged,15.27
R0003133,O0052298,C07427,2026-09-22,Late Delivery,31.34
R0003134,O0001461,C07712,2026-07-26,Not as Expected,83.6
R0003135,O0055253,C03462,2026-03-22,Late Delivery,22.42
R0003136,O0042835,C07200,2025-12-03,Changed Mind,188.2
R0003137,O0002169,C03468,2025-07-28,Damaged,158.7
R0003138,O0011221,C05170,2026-04-15,Not as Expected,152.15
R0003139,O0054665,C03065,2025-06-04,Wrong Item,14.34
R0003140,O0022551,C05185,2026-07-26,Changed Mind,149.78
R0003141,O0036320,C04854,2025-05-11,Damaged,23.19
R0003142,O0018312,C01601,2025-05-18,Late Delivery,29.06
R0003143,O0054883,C00340,2025-11-07,Wrong Item,10.06
R0003144,O0024695,C06446,2026-07-11,Not as Expected,48.17
R0003145,O0006377,C01866,2025-05-17,Wrong Item,168.94
R0003146,O0048470,C03509,2025-04-19,Changed Mind,70.18
R0003147,O0020476,C02777,2026-06-04,Late Delivery,166.29
R0003148,O0033085,C01976,2026-04-18,Wrong Item,116.19
R0003149,O0055257,C03566,2026-02-10,Wrong Item,78.26
R0003150,O0053258,C04634,2026-01-29,Changed Mind,121.95
R0003151,O0047949,C01527,2026-01-02,Late Delivery,86.67
R0003152,O0041337,C03702,2026-03-10,Late Delivery,43.02
R0003153,O0014947,C00029,2025-06-13,Late Delivery,86.17
R0003154,O0036344,C06070,2025-08-07,Changed Mind,38.41
R0003155,O0054884,C00031,2025-06-20,Not as Expected,80.28
R0003156,O0016295,C03795,2026-04-02,Changed Mind,70.68
R0003157,O0036709,C03086,2026-06-16,Late Delivery,131.94
R0003158,O0000235,C05257,2025-07-27,Damaged,31.14
R0003159,O0049357,C04163,2026-07-25,Damaged,113.89
R0003160,O0001690,C01794,2026-01-05,Wrong Item,59.66
R0003161,O0042796,C01153,2025-04-05,Changed Mind,83.81
R0003162,O0012587,C07267,2026-03-31,Changed Mind,65.59
R0003163,O0013145,C03096,2026-08-11,Damaged,368.0
R0003164,O0049685,C05440,2025-02-19,Wrong Item,10.27
R0003165,O0034053,C07188,2025-01-29,Damaged,13.57
R0003166,O0017406,C02562,2025-04-20,Wrong Item,78.99
R0003167,O0058286,C02326,2026-02-15,Late Delivery,256.47
R0003168,O0037472,C03226,2025-04-03,Not as Expected,39.97
R0003169,O0042206,C07661,2025-12-08,Damaged,91.85
R0003170,O0053725,C04505,2025-12-17,Not as Expected,154.78
R0003171,O0014732,C03057,2025-10-11,Changed Mind,140.69
R0003172,O0018021,C04830,2025-09-11,Changed Mind,124.78
R0003173,O0000279,C00559,2026-04-30,Damaged,15.48
R0003174,O0031668,C02390,2025-07-23,Changed Mind,87.79
R0003175,O0028234,C00105,2026-03-03,Damaged,12.65
R0003176,O0056792,C06298,2026-05-14,Damaged,18.66
R0003177,O0045513,C01791,2025-07-13,Not as Expected,73.58
R0003178,O0028564,C03763,2025-04-30,Wrong Item,25.89
R0003179,O0042411,C07903,2026-04-29,Damaged,161.26
R0003180,O0028235,C07696,2025-09-06,Late Delivery,7.25
R0003181,O0020501,C06076,2026-06-21,Damaged,18.96
R0003182,O0037220,C04689,2026-05-04,Damaged,278.68
R0003183,O0004858,C01510,2025-02-21,Late Delivery,28.41
R0003184,O0018341,C04191,2025-09-20,Not as Expected,85.46
R0003185,O0024268,C02835,2025-09-07,Wrong Item,42.26
R0003186,O0041529,C04953,2025-09-26,Wrong Item,160.76
R0003187,O0044478,C07668,2026-07-27,Changed Mind,219.51
R0003188,O0015612,C02882,2025-11-20,Changed Mind,47.25
R0003189,O0054432,C04469,2026-03-04,Late Delivery,105.43
R0003190,O0057326,C05586,2025-10-31,Changed Mind,59.4
R0003191,O0013896,C05857,2026-06-14,Changed Mind,40.77
R0003192,O0037362,C03620,2025-05-29,Late Delivery,15.02
R0003193,O0009688,C07744,2025-07-12,Changed Mind,195.68
R0003194,O0038012,C07115,2026-06-07,Damaged,375.78
R0003195,O0045929,C06397,2025-04-13,Not as Expected,27.42
R0003196,O0036056,C05708,2026-05-30,Damaged,24.77
R0003197,O0053864,C05658,2025-05-07,Not as Expected,23.48
R0003198,O0016025,C07768,2025-04-27,Damaged,46.12
R0003199,O0006889,C02837,2026-04-02,Changed Mind,78.09
R0003200,O0000726,C02580,2025-05-14,Changed Mind,65.77
R0003201,O0016692,C04591,2025-02-20,Changed Mind,341.08
R0003202,O0005344,C06091,2026-03-08,Changed Mind,61.8
R0003203,O0028175,C06493,2025-11-29,Changed Mind,89.61
R0003204,O0016594,C03309,2025-09-20,Damaged,16.35
R0003205,O0052933,C01573,2026-07-16,Not as Expected,139.98
R0003206,O0032473,C07847,2026-09-05,Late Delivery,2.34
R0003207,O0046078,C02738,2025-07-15,Damaged,86.06
R0003208,O0004289,C01097,2025-08-14,Late Delivery,25.29
R0003209,O0017932,C01351,2026-03-20,Changed Mind,48.82
R0003210,O0012125,C05042,2025-02-24,Wrong Item,38.48
R0003211,O0024400,C07688,2026-09-01,Changed Mind,12.08
R0003212,O0019859,C05683,2025-10-04,Wrong Item,391.22
R0003213,O0040965,C00923,2025-05-26,Not as Expected,125.73
R0003214,O0039040,C02850,2026-04-04,Late Delivery,138.91
R0003215,O0038066,C01453,2025-07-30,Wrong Item,378.05
R0003216,O0057477,C04580,2026-05-16,Not as Expected,136.13
R0003217,O0004346,C07443,2026-03-03,Damaged,64.72
R0003218,O0037292,C07212,2025-11-05,Not as Expected,72.01
R0003219,O0042251,C04317,2026-05-18,Not as Expected,102.06
R0003220,O0059021,C01282,2025-09-07,Wrong Item,44.63
R0003221,O0000296,C00260,2025-02-12,Changed Mind,25.91
R0003222,O0039811,C04961,2026-02-12,Wrong Item,366.04
R0003223,O0035241,C05900,2026-05-27,Wrong Item,29.41
R0003224,O0011622,C05253,2025-12-22,Changed Mind,114.29
R0003225,O0033835,C02906,2025-06-29,Not as Expected,108.27
R0003226,O0031844,C03291,2025-10-22,Late Delivery,158.14
R0003227,O0039988,C05397,2025-04-26,Changed Mind,384.75
R0003228,O0029684,C01514,2025-06-23,Late Delivery,318.44
R0003229,O0016976,C00693,2025-05-23,Not as Expected,65.5
R0003230,O0034200,C03365,2025-11-04,Changed Mind,189.16
R0003231,O0020470,C07693,2025-08-04,Not as Expected,191.59
R0003232,O0018322,C03676,2025-05-03,Late Delivery,287.71
R0003233,O0022392,C00954,2025-12-16,Late Delivery,221.69
R0003234,O0051166,C01049,2026-03-03,Late Delivery,81.96
R0003235,O0004368,C00519,2025-07-24,Changed Mind,79.37
R0003236,O0015451,C04605,2026-06-11,Wrong Item,249.86
R0003237,O0006754,C07597,2025-02-26,Late Delivery,17.78
R0003238,O0013890,C06881,2026-03-05,Late Delivery,76.6
R0003239,O0020486,C07985,2026-05-10,Late Delivery,37.11
R0003240,O0012040,C01524,2025-08-14,Not as Expected,66.94
R0003241,O0002820,C03877,2025-11-25,Late Delivery,262.38
R0003242,O0016806,C01953,2026-06-09,Late Delivery,17.07
R0003243,O0020849,C01849,2026-07-28,Damaged,19.59
R0003244,O0036813,C01489,2026-06-27,Damaged,157.38
R0003245,O0003522,C00990,2026-03-16,Damaged,99.34
R0003246,O0027270,C04696,2025-07-17,Damaged,13.26
R0003247,O0003182,C06810,2025-03-01,Not as Expected,102.7
R0003248,O0042049,C05376,2025-08-17,Wrong Item,16.14
R0003249,O0055868,C02625,2025-04-29,Damaged,27.7
R0003250,O0008593,C07496,2026-07-10,Damaged,59.79
R0003251,O0038976,C01947,2026-08-19,Late Delivery,135.16
R0003252,O0035203,C05291,2026-06-27,Damaged,325.12
R0003253,O0037660,C04659,2025-11-30,Late Delivery,540.25
R0003254,O0038865,C02018,2025-02-05,Changed Mind,3062.18
R0003255,O0034816,C06329,2026-08-22,Not as Expected,89.83
R0003256,O0057416,C07152,2026-03-10,Changed Mind,112.71
R0003257,O0032212,C04924,2025-12-27,Damaged,20.37
R0003258,O0016206,C05199,2026-01-07,Late Delivery,337.79
R0003259,O0009232,C04929,2025-08-28,Changed Mind,30.0
R0003260,O0019060,C05274,2025-03-19,Late Delivery,82.5
R0003261,O0033977,C03350,2025-02-18,Changed Mind,133.53
R0003262,O0050957,C01120,2026-06-02,Damaged,367.02
R0003263,O0014703,C01832,2026-03-15,Wrong Item,31.07
R0003264,O0018462,C00392,2026-02-13,Late Delivery,78.65
R0003265,O0045997,C02300,2026-01-10,Damaged,24.84
R0003266,O0029975,C06144,2025-06-19,Wrong Item,9.58
R0003267,O0003871,C03868,2025-12-30,Damaged,125.74
R0003268,O0011527,C04950,2025-05-09,Damaged,163.52
R0003269,O0040167,C05279,2026-06-24,Not as Expected,127.03
R0003270,O0013408,C07767,2025-07-08,Not as Expected,25.41
R0003271,O0043610,C02181,2025-11-21,Not as Expected,124.05
R0003272,O0046968,C00087,2025-10-16,Not as Expected,63.14
R0003273,O0038209,C07595,2026-06-21,Changed Mind,46.05
R0003274,O0028618,C03580,2026-08-13,Late Delivery,257.6
R0003275,O0012475,C02448,2025-05-10,Changed Mind,56.86
R0003276,O0028785,C06589,2025-07-23,Damaged,30.91
R0003277,O0045157,C01688,2025-11-17,Damaged,354.66
R0003278,O0026748,C05433,2026-05-25,Damaged,77.62
R0003279,O0019638,C07339,2025-07-30,Changed Mind,97.95
R0003280,O0001755,C03914,2026-04-04,Not as Expected,213.06
R0003281,O0035522,C07860,2025-05-04,Damaged,46.01
R0003282,O0022074,C02470,2026-08-12,Not as Expected,36.7
R0003283,O0031208,C02570,2026-08-21,Not as Expected,17.0
R0003284,O0048538,C04394,2026-03-07,Not as Expected,59.88
R0003285,O0039844,C06381,2026-08-14,Changed Mind,20.8
R0003286,O0003288,C05251,2025-03-02,Changed Mind,349.45
R0003287,O0025913,C05388,2025-12-05,Changed Mind,227.14
R0003288,O0015728,C00709,2026-05-15,Not as Expected,44.49
R0003289,O0033867,C06904,2025-04-07,Damaged,50.23
R0003290,O0020838,C01985,2025-11-07,Not as Expected,33.5
R0003291,O0013247,C07557,2026-08-18,Damaged,65.55
R0003292,O0053479,C06197,2025-04-22,Late Delivery,218.93
R0003293,O0023158,C00404,2025-11-18,Wrong Item,16.76
R0003294,O0005939,C06346,2026-08-21,Late Delivery,17.21
R0003295,O0003567,C01099,2025-12-07,Wrong Item,51.27
R0003296,O0055410,C05971,2025-12-22,Late Delivery,119.42
R0003297,O0038275,C01827,2026-08-06,Damaged,30.51
R0003298,O0037950,C06383,2026-06-13,Late Delivery,51.29
R0003299,O0026026,C02197,2025-10-02,Late Delivery,167.11
R0003300,O0016569,C01708,2026-07-07,Changed Mind,19.87
R0003301,O0051994,C04865,2025-08-12,Late Delivery,295.09
R0003302,O0013641,C01231,2026-09-07,Changed Mind,146.43
R0003303,O0036464,C01162,2025-06-12,Not as Expected,160.13
R0003304,O0042157,C02910,2025-06-19,Wrong Item,26.79
R0003305,O0059301,C06670,2025-06-05,Damaged,74.77
R0003306,O0038943,C00581,2026-04-23,Late Delivery,65.36
R0003307,O0047593,C00128,2026-07-31,Wrong Item,60.67
R0003308,O0059757,C00500,2026-02-19,Late Delivery,139.25
R0003309,O0007925,C03843,2025-12-05,Changed Mind,24.55
R0003310,O0054810,C03511,2026-05-03,Not as Expected,1062.31
R0003311,O0022257,C00210,2025-10-13,Damaged,155.92
R0003312,O0022423,C02909,2025-08-12,Changed Mind,145.68
R0003313,O0034448,C02486,2025-03-26,Wrong Item,54.91
R0003314,O0025133,C02584,2026-06-01,Damaged,119.2
R0003315,O0026974,C04749,2025-05-04,Wrong Item,1003.0
R0003316,O0040647,C01848,2025-04-06,Late Delivery,386.66
R0003317,O0032015,C06931,2025-04-06,Damaged,174.83
R0003318,O0053022,C05237,2026-07-28,Not as Expected,807.65
R0003319,O0050002,C07503,2025-04-11,Wrong Item,224.47
R0003320,O0017555,C04708,2026-08-18,Damaged,23.21
R0003321,O0023822,C00262,2026-05-17,Late Delivery,10.31
R0003322,O0027624,C07105,2026-08-22,Not as Expected,118.79
R0003323,O0018560,C06811,2025-04-15,Damaged,142.38
R0003324,O0055508,C00077,2025-05-07,Late Delivery,178.51
R0003325,O0017305,C01593,2025-08-10,Wrong Item,47.31
R0003326,O0027863,C03920,2025-03-12,Changed Mind,13.65
R0003327,O0024316,C07787,2025-04-23,Changed Mind,119.93
R0003328,O0046160,C02347,2026-01-20,Late Delivery,63.37
R0003329,O0042899,C02959,2026-04-27,Damaged,194.08
R0003330,O0040861,C06317,2025-06-08,Wrong Item,207.43
R0003331,O0001571,C01725,2026-05-15,Wrong Item,99.87
R0003332,O0009866,C01498,2025-12-18,Not as Expected,105.03
R0003333,O0005814,C01562,2026-03-26,Late Delivery,129.81
R0003334,O0042944,C04002,2025-08-12,Changed Mind,1815.65
R0003335,O0000902,C01907,2026-03-29,Late Delivery,85.82
R0003336,O0017137,C05332,2026-08-19,Not as Expected,146.57
R0003337,O0032094,C03816,2026-05-04,Late Delivery,142.11
R0003338,O0019713,C02466,2025-11-06,Not as Expected,16.25
R0003339,O0029842,C06377,2025-09-19,Late Delivery,200.13
R0003340,O0039209,C04000,2026-02-17,Damaged,327.22
R0003341,O0045808,C02642,2025-05-15,Not as Expected,512.54
R0003342,O0028468,C03360,2025-09-10,Damaged,337.39
R0003343,O0029427,C00010,2026-01-14,Changed Mind,123.37
R0003344,O0005347,C07106,2026-03-15,Damaged,55.7
R0003345,O0036979,C02105,2025-11-27,Changed Mind,80.51
R0003346,O0059408,C02064,2025-06-22,Not as Expected,20.14
R0003347,O0046120,C05294,2026-06-30,Damaged,185.44
R0003348,O0042476,C03996,2025-03-14,Changed Mind,114.29
R0003349,O0034742,C01666,2025-10-19,Damaged,34.38
R0003350,O0022808,C03511,2026-08-02,Late Delivery,7.76
R0003351,O0027902,C06269,2026-01-26,Changed Mind,46.21
R0003352,O0006154,C02323,2026-02-17,Changed Mind,96.88
R0003353,O0055778,C07625,2025-10-04,Changed Mind,24.81
R0003354,O0023824,C06347,2026-06-21,Wrong Item,16.12
R0003355,O0006843,C00146,2025-06-19,Wrong Item,72.46
R0003356,O0048702,C01283,2025-08-04,Not as Expected,64.29
R0003357,O0017852,C00691,2026-08-10,Late Delivery,59.52
R0003358,O0032730,C07327,2025-03-17,Wrong Item,11.96
R0003359,O0024958,C01370,2025-04-23,Damaged,116.29
R0003360,O0051912,C06035,2026-04-28,Damaged,9.95
R0003361,O0056661,C03282,2025-11-30,Late Delivery,72.86
R0003362,O0015158,C05059,2026-08-16,Late Delivery,34.64
R0003363,O0052192,C04335,2026-02-12,Not as Expected,356.9
R0003364,O0004517,C01115,2026-01-13,Changed Mind,135.27
R0003365,O0007739,C05633,2026-05-07,Late Delivery,210.13
R0003366,O0052488,C02602,2026-07-19,Damaged,156.54
R0003367,O0040394,C03631,2026-02-26,Not as Expected,102.57
R0003368,O0030592,C02580,2025-11-30,Late Delivery,54.55
R0003369,O0050646,C00893,2026-08-29,Changed Mind,17.31
R0003370,O0014899,C00457,2025-05-31,Changed Mind,103.5
R0003371,O0047341,C07348,2025-10-28,Damaged,27.34
R0003372,O0024920,C05577,2025-04-18,Changed Mind,148.21
R0003373,O0016205,C02677,2025-06-07,Wrong Item,388.02
R0003374,O0013047,C02633,2025-12-31,Damaged,42.83
R0003375,O0027217,C00731,2025-04-15,Damaged,61.37
R0003376,O0028034,C01492,2026-07-15,Wrong Item,157.11
R0003377,O0052811,C05087,2025-02-04,Wrong Item,6.95
R0003378,O0028045,C03378,2026-05-05,Wrong Item,74.82
R0003379,O0018072,C05041,2025-02-11,Changed Mind,120.81
R0003380,O0029163,C06953,2025-09-14,Late Delivery,32.49
R0003381,O0026265,C00632,2025-03-20,Changed Mind,97.83
R0003382,O0046589,C07679,2025-10-10,Late Delivery,30.74
R0003383,O0027309,C00565,2026-03-12,Late Delivery,13.2
R0003384,O0027424,C03806,2025-11-25,Changed Mind,162.21
R0003385,O0015804,C03469,2025-08-06,Late Delivery,13.79
R0003386,O0015619,C04025,2026-04-25,Not as Expected,249.6
R0003387,O0045677,C06087,2025-08-05,Late Delivery,22.14
R0003388,O0026332,C04242,2025-08-14,Not as Expected,24.15
R0003389,O0001415,C06953,2026-06-02,Damaged,34.49
R0003390,O0049622,C03754,2025-02-01,Not as Expected,32.23
R0003391,O0057041,C07496,2026-01-11,Changed Mind,174.33
R0003392,O0025162,C05388,2026-07-11,Damaged,88.63
R0003393,O0018886,C00709,2026-04-13,Changed Mind,251.47
R0003394,O0001902,C04420,2026-08-18,Not as Expected,13.45
R0003395,O0000580,C00487,2026-09-22,Wrong Item,65.05
R0003396,O0049093,C05852,2026-06-05,Wrong Item,32.66
R0003397,O0048215,C03223,2026-02-02,Wrong Item,176.29
R0003398,O0042829,C06614,2025-10-10,Wrong Item,18.3
R0003399,O0034502,C01469,2025-06-06,Not as Expected,74.75
R0003400,O0059899,C01778,2026-01-04,Late Delivery,59.46
R0003401,O0021300,C00947,2025-10-24,Not as Expected,54.73
R0003402,O0009785,C06866,2026-02-19,Changed Mind,48.16
R0003403,O0025073,C04595,2025-06-04,Wrong Item,222.92
R0003404,O0047239,C02909,2026-02-09,Damaged,4.48
R0003405,O0034226,C03114,2026-07-04,Not as Expected,4.0
R0003406,O0031044,C07282,2026-08-31,Not as Expected,169.27
R0003407,O0023813,C01998,2025-05-18,Changed Mind,3.83
R0003408,O0008800,C01497,2025-04-15,Late Delivery,205.55
R0003409,O0031207,C07330,2026-01-03,Not as Expected,83.19
R0003410,O0046435,C05838,2025-07-01,Not as Expected,21.14
R0003411,O0045375,C01439,2025-09-12,Not as Expected,74.53
R0003412,O0034884,C02766,2026-05-23,Not as Expected,74.92
R0003413,O0024836,C01351,2025-03-20,Wrong Item,137.92
R0003414,O0017424,C05584,2025-09-09,Not as Expected,171.66
R0003415,O0016705,C07041,2025-01-24,Late Delivery,63.77
R0003416,O0056433,C02240,2025-11-29,Changed Mind,7.26
R0003417,O0031382,C06689,2026-07-12,Wrong Item,159.64
R0003418,O0019629,C06078,2025-08-25,Late Delivery,95.77
R0003419,O0057732,C02800,2025-05-13,Late Delivery,7.93
R0003420,O0031197,C07922,2025-07-18,Changed Mind,185.15
R0003421,O0054998,C00481,2025-03-24,Wrong Item,93.84
R0003422,O0049719,C07262,2025-06-28,Late Delivery,237.91
R0003423,O0017591,C01379,2025-07-17,Damaged,56.69
R0003424,O0037865,C03099,2025-02-08,Not as Expected,9.97
R0003425,O0006313,C03829,2026-03-18,Late Delivery,12.32
R0003426,O0012776,C07397,2026-01-28,Not as Expected,24.65
R0003427,O0032804,C03123,2025-09-25,Changed Mind,85.62
R0003428,O0037678,C07108,2025-09-18,Wrong Item,29.78
R0003429,O0053432,C07167,2025-10-11,Changed Mind,15.76
R0003430,O0017547,C03517,2025-06-28,Late Delivery,15.06
R0003431,O0042468,C01864,2025-10-18,Late Delivery,16.39
R0003432,O0010135,C00092,2025-10-28,Changed Mind,136.29
R0003433,O0005940,C05206,2026-01-03,Late Delivery,18.04
R0003434,O0013841,C03231,2026-02-20,Damaged,115.33
R0003435,O0024901,C07705,2026-04-04,Not as Expected,33.72
R0003436,O0035947,C05818,2025-04-08,Late Delivery,16.98
R0003437,O0014509,C07215,2026-07-29,Changed Mind,836.77
R0003438,O0036328,C01698,2025-12-24,Not as Expected,52.27
R0003439,O0015834,C00664,2026-05-23,Damaged,7.82
R0003440,O0035054,C05063,2025-04-29,Changed Mind,66.59
R0003441,O0049904,C02725,2025-08-23,Damaged,350.4
R0003442,O0013200,C06392,2025-12-25,Not as Expected,2.03
R0003443,O0023534,C00132,2025-09-29,Not as Expected,45.53
R0003444,O0044433,C00762,2026-02-23,Late Delivery,33.52
R0003445,O0020388,C04918,2026-02-14,Not as Expected,41.3
R0003446,O0006414,C01887,2025-04-20,Late Delivery,16.73
R0003447,O0041978,C05440,2025-12-15,Wrong Item,34.6
R0003448,O0055563,C04454,2025-08-08,Changed Mind,261.57
R0003449,O0000148,C04803,2026-08-06,Late Delivery,363.93
R0003450,O0039742,C05660,2026-05-10,Damaged,33.53
R0003451,O0019308,C03165,2026-03-17,Damaged,21.36
R0003452,O0012885,C01241,2026-03-01,Changed Mind,272.76
R0003453,O0050674,C07032,2026-07-19,Not as Expected,11.26
R0003454,O0049872,C01749,2026-08-03,Not as Expected,222.95
R0003455,O0015994,C02756,2025-08-22,Changed Mind,97.73
R0003456,O0055682,C01972,2026-08-03,Wrong Item,376.92
R0003457,O0044487,C00141,2025-04-08,Not as Expected,119.22
R0003458,O0018465,C00951,2025-06-12,Damaged,27.43
R0003459,O0021038,C02049,2026-02-11,Changed Mind,102.84
R0003460,O0019911,C01671,2025-02-22,Damaged,10.72
R0003461,O0017893,C00290,2026-08-11,Not as Expected,26.07
R0003462,O0038165,C01388,2026-01-14,Late Delivery,55.72
R0003463,O0027838,C06576,2025-12-29,Late Delivery,43.44
R0003464,O0000940,C05903,2025-10-31,Damaged,9.51
R0003465,O0053850,C04534,2026-09-19,Changed Mind,75.49
R0003466,O0010760,C02659,2025-03-22,Damaged,42.3
R0003467,O0047703,C04095,2025-10-28,Not as Expected,55.01
R0003468,O0044232,C02278,2026-01-18,Wrong Item,14.85
R0003469,O0037868,C07749,2026-01-14,Wrong Item,94.16
R0003470,O0022224,C01153,2025-04-11,Damaged,7.42
R0003471,O0037113,C02205,2025-07-01,Wrong Item,49.89
R0003472,O0024568,C01493,2026-05-25,Changed Mind,123.84
R0003473,O0045975,C04729,2025-09-27,Changed Mind,21.47
R0003474,O0039037,C01379,2025-01-30,Not as Expected,37.57
R0003475,O0026650,C07847,2026-01-28,Wrong Item,78.14
R0003476,O0023875,C01274,2026-07-19,Not as Expected,13.66
R0003477,O0008816,C03917,2026-02-21,Not as Expected,70.96
R0003478,O0042866,C03689,2026-01-12,Damaged,320.7
R0003479,O0058475,C04842,2026-08-15,Not as Expected,440.4
R0003480,O0033248,C00671,2026-02-02,Changed Mind,372.71
R0003481,O0055710,C01495,2026-01-25,Damaged,512.88
R0003482,O0010033,C01072,2025-11-16,Damaged,26.88
R0003483,O0018381,C05891,2026-09-16,Changed Mind,218.91
R0003484,O0038476,C01868,2025-10-10,Damaged,81.14
R0003485,O0047122,C05289,2025-01-19,Not as Expected,56.12
R0003486,O0022504,C04403,2025-09-25,Late Delivery,237.66
R0003487,O0055327,C04078,2025-12-05,Wrong Item,927.76
R0003488,O0029985,C01384,2026-03-26,Late Delivery,201.42
R0003489,O0034817,C00010,2026-08-16,Late Delivery,175.49
R0003490,O0032439,C06967,2025-01-28,Damaged,98.81
R0003491,O0049680,C02383,2025-12-01,Damaged,130.39
R0003492,O0055634,C04507,2026-01-30,Late Delivery,16.84
R0003493,O0000794,C07744,2025-06-05,Changed Mind,21.09
R0003494,O0028210,C07015,2025-08-18,Not as Expected,85.11
R0003495,O0013928,C07882,2026-03-07,Changed Mind,12.86
R0003496,O0016252,C02396,2026-05-11,Changed Mind,13.0
R0003497,O0054353,C07815,2025-05-08,Not as Expected,196.33
R0003498,O0046195,C03322,2026-07-10,Damaged,228.89
R0003499,O0039864,C07267,2025-11-05,Changed Mind,244.4
R0003500,O0009452,C07789,2026-03-25,Late Delivery,77.81
R0003501,O0000294,C00148,2025-02-15,Wrong Item,87.34
R0003502,O0024101,C01414,2025-04-10,Damaged,132.0
R0003503,O0059045,C03092,2026-02-09,Not as Expected,87.63
R0003504,O0042502,C00486,2025-06-22,Late Delivery,133.58
R0003505,O0013777,C03250,2025-08-20,Wrong Item,69.05
R0003506,O0017417,C06228,2026-02-02,Changed Mind,131.31
R0003507,O0002285,C01786,2025-08-13,Damaged,621.71
R0003508,O0059864,C01478,2026-08-28,Changed Mind,202.82
R0003509,O0052294,C00824,2026-02-01,Not as Expected,351.19
R0003510,O0048108,C01253,2025-05-12,Not as Expected,163.74
R0003511,O0026451,C04245,2026-04-12,Wrong Item,25.06
R0003512,O0010161,C07367,2026-07-21,Not as Expected,195.27
R0003513,O0016380,C00115,2026-03-13,Late Delivery,55.45
R0003514,O0034342,C07640,2025-01-23,Wrong Item,64.88
R0003515,O0015062,C04656,2026-05-13,Damaged,14.84
R0003516,O0045326,C04036,2025-09-07,Not as Expected,95.02
R0003517,O0035627,C00887,2026-04-08,Late Delivery,184.71
R0003518,O0054429,C06315,2026-05-21,Not as Expected,184.09
R0003519,O0046620,C07574,2025-01-31,Late Delivery,105.74
R0003520,O0003342,C06990,2026-04-15,Changed Mind,121.6
R0003521,O0033212,C00158,2025-10-04,Late Delivery,92.87
R0003522,O0039046,C06507,2026-03-20,Wrong Item,49.39
R0003523,O0027027,C04922,2025-07-23,Not as Expected,27.36
R0003524,O0043074,C00503,2025-04-18,Damaged,134.47
R0003525,O0059119,C00236,2025-07-29,Wrong Item,20.1
R0003526,O0055770,C05839,2025-07-29,Not as Expected,20.64
R0003527,O0005358,C00956,2026-06-08,Late Delivery,170.39
R0003528,O0003220,C03251,2026-09-28,Damaged,39.83
R0003529,O0002295,C03930,2025-09-14,Late Delivery,41.42
R0003530,O0055399,C02155,2026-06-13,Damaged,164.56
R0003531,O0053209,C00745,2025-02-15,Late Delivery,125.86
R0003532,O0014246,C02887,2025-11-26,Changed Mind,161.06
R0003533,O0002613,C06958,2026-04-02,Not as Expected,14.78
R0003534,O0029620,C00422,2026-02-18,Late Delivery,30.08
R0003535,O0042121,C04533,2026-03-05,Changed Mind,107.46
R0003536,O0057820,C01366,2025-12-26,Wrong Item,198.53
R0003537,O0024164,C03047,2025-07-01,Late Delivery,186.18
R0003538,O0047428,C04087,2025-05-07,Late Delivery,43.63
R0003539,O0003803,C03080,2026-05-19,Not as Expected,206.71
R0003540,O0055056,C07734,2026-07-12,Damaged,54.53
R0003541,O0059376,C03213,2026-07-10,Changed Mind,226.5
R0003542,O0040961,C00069,2025-09-24,Not as Expected,88.72
R0003543,O0017288,C02389,2025-09-14,Not as Expected,115.27
R0003544,O0056660,C04777,2025-03-07,Damaged,102.4
R0003545,O0058067,C02015,2026-05-11,Not as Expected,297.73
R0003546,O0043767,C03850,2025-08-17,Late Delivery,17.54
R0003547,O0002869,C07528,2026-04-17,Damaged,85.67
R0003548,O0056561,C06992,2026-07-10,Damaged,159.37
R0003549,O0022923,C01017,2025-12-05,Not as Expected,47.62
R0003550,O0013097,C01142,2026-04-04,Changed Mind,22.27
R0003551,O0055370,C02589,2026-03-31,Not as Expected,2.68
R0003552,O0006572,C03895,2025-04-22,Changed Mind,97.75
R0003553,O0004632,C04951,2025-08-17,Late Delivery,56.81
R0003554,O0006213,C03601,2026-02-24,Changed Mind,61.2
R0003555,O0010119,C07401,2026-04-16,Not as Expected,105.14
R0003556,O0054473,C01162,2025-07-17,Changed Mind,55.25
R0003557,O0000830,C00463,2025-05-13,Wrong Item,114.88
R0003558,O0043034,C01077,2025-10-13,Wrong Item,13.24
R0003559,O0040488,C07032,2025-02-21,Not as Expected,71.19
R0003560,O0054840,C01470,2026-04-09,Late Delivery,29.88
R0003561,O0007234,C05319,2025-05-25,Late Delivery,284.51
R0003562,O0023628,C02541,2026-06-24,Late Delivery,51.08
R0003563,O0042382,C05082,2026-01-01,Wrong Item,16.36
R0003564,O0027364,C02671,2026-06-18,Damaged,9.4
R0003565,O0026443,C02609,2025-01-14,Damaged,55.82
R0003566,O0047139,C00783,2025-06-10,Damaged,59.69
R0003567,O0011347,C00478,2025-08-30,Not as Expected,28.41
R0003568,O0018043,C06541,2025-10-09,Wrong Item,115.58
R0003569,O0030873,C07437,2025-11-02,Damaged,35.76
R0003570,O0003721,C05120,2025-07-06,Not as Expected,46.02
R0003571,O0043022,C06274,2025-11-21,Not as Expected,38.05
R0003572,O0048275,C01862,2025-04-04,Damaged,304.42
R0003573,O0021837,C03219,2026-05-17,Late Delivery,6.46
R0003574,O0037814,C07594,2026-02-21,Changed Mind,107.55
R0003575,O0057686,C01684,2026-02-04,Damaged,4.71
R0003576,O0005703,C01087,2026-02-03,Late Delivery,32.42
R0003577,O0008835,C02298,2025-03-31,Not as Expected,199.12
R0003578,O0057346,C00858,2025-05-28,Wrong Item,123.88
R0003579,O0037118,C02423,2025-10-06,Not as Expected,39.85
R0003580,O0056355,C02659,2025-10-23,Damaged,848.72
R0003581,O0050900,C05568,2025-12-26,Changed Mind,9.48
R0003582,O0050520,C06871,2026-02-09,Late Delivery,82.7
R0003583,O0047807,C03186,2025-10-24,Late Delivery,67.0
R0003584,O0022529,C03362,2026-02-15,Late Delivery,43.17
R0003585,O0051716,C05600,2025-01-28,Late Delivery,122.64
R0003586,O0003473,C04130,2025-10-05,Changed Mind,201.87
R0003587,O0010668,C03444,2025-07-27,Wrong Item,65.79
R0003588,O0031823,C05953,2026-08-09,Late Delivery,24.66
R0003589,O0015511,C02562,2026-04-02,Damaged,22.17
R0003590,O0028280,C02120,2025-07-20,Wrong Item,103.52
R0003591,O0025118,C00730,2025-04-17,Not as Expected,35.66
R0003592,O0032325,C07650,2025-04-11,Changed Mind,152.72
R0003593,O0033798,C03571,2025-10-15,Damaged,62.0
R0003594,O0020874,C05250,2025-12-21,Late Delivery,73.69
R0003595,O0034248,C06089,2026-01-16,Not as Expected,30.23
R0003596,O0003455,C07522,2025-05-18,Not as Expected,64.98
R0003597,O0056319,C07728,2026-02-24,Damaged,25.21
R0003598,O0040997,C02890,2025-05-15,Late Delivery,303.47
R0003599,O0031325,C07377,2026-04-21,Damaged,49.49
R0003600,O0041679,C06062,2026-05-06,Changed Mind,52.9
R0003601,O0020905,C06564,2025-07-05,Wrong Item,65.41
R0003602,O0038687,C02101,2026-07-12,Wrong Item,221.81
R0003603,O0008727,C05196,2026-02-22,Changed Mind,59.15
R0003604,O0020604,C02637,2026-06-01,Late Delivery,131.8
R0003605,O0058746,C05829,2025-03-06,Late Delivery,229.42
R0003606,O0013424,C03606,2026-04-13,Changed Mind,67.99
R0003607,O0057089,C01100,2026-07-25,Not as Expected,456.73
R0003608,O0015266,C07275,2026-07-10,Changed Mind,12.61
R0003609,O0051296,C06719,2025-02-23,Wrong Item,37.92
R0003610,O0008764,C03054,2025-02-20,Changed Mind,33.85
R0003611,O0016073,C06453,2025-03-17,Not as Expected,316.58
R0003612,O0057019,C04698,2026-05-05,Late Delivery,50.44
R0003613,O0058090,C07196,2025-05-23,Changed Mind,39.8
R0003614,O0041640,C02249,2025-07-25,Damaged,297.38
R0003615,O0059303,C03764,2025-06-15,Changed Mind,285.89
R0003616,O0027859,C04872,2026-02-06,Changed Mind,8.14
R0003617,O0035936,C01642,2025-10-17,Not as Expected,49.47
R0003618,O0022774,C00622,2025-10-06,Damaged,109.1
R0003619,O0022056,C05872,2026-08-16,Changed Mind,19.03
R0003620,O0033001,C03780,2025-03-10,Damaged,2011.32
R0003621,O0007085,C00984,2025-12-04,Changed Mind,188.48
R0003622,O0036189,C03669,2026-06-02,Not as Expected,94.39
R0003623,O0035291,C05081,2025-06-21,Late Delivery,17.01
R0003624,O0045027,C02711,2025-06-27,Changed Mind,271.75
R0003625,O0038067,C04168,2025-04-08,Damaged,567.61
R0003626,O0021818,C06447,2026-02-24,Changed Mind,219.73
R0003627,O0055837,C00376,2025-03-05,Wrong Item,16.75
R0003628,O0055061,C00585,2026-06-23,Not as Expected,110.82
R0003629,O0022812,C03289,2026-08-03,Late Delivery,380.27
R0003630,O0038587,C00308,2025-12-10,Late Delivery,65.78
R0003631,O0046036,C07257,2025-03-30,Not as Expected,15.75
R0003632,O0028600,C02920,2026-03-03,Changed Mind,80.37
R0003633,O0038568,C03110,2026-01-14,Wrong Item,142.99
R0003634,O0020120,C04058,2025-07-05,Late Delivery,99.12
R0003635,O0043604,C03700,2025-05-08,Damaged,323.91
R0003636,O0054702,C02361,2025-03-10,Not as Expected,63.0
R0003637,O0015779,C05636,2026-04-15,Not as Expected,24.45
R0003638,O0022109,C02898,2025-11-19,Late Delivery,95.58
R0003639,O0015758,C04174,2025-04-06,Damaged,47.9
R0003640,O0055103,C03113,2025-04-14,Changed Mind,210.08
R0003641,O0033958,C02402,2025-03-24,Late Delivery,212.48
R0003642,O0040658,C06174,2025-10-03,Changed Mind,73.35
R0003643,O0059651,C01668,2025-05-01,Damaged,16.81
R0003644,O0051651,C04333,2026-01-19,Wrong Item,218.88
R0003645,O0044486,C05212,2025-11-10,Late Delivery,136.21
R0003646,O0035131,C06134,2025-12-11,Damaged,123.07
R0003647,O0045944,C02319,2025-04-30,Changed Mind,117.21
R0003648,O0021124,C00986,2025-06-24,Wrong Item,75.24
R0003649,O0021068,C04843,2026-09-05,Not as Expected,67.88
R0003650,O0037371,C05211,2026-02-01,Damaged,87.94
R0003651,O0046857,C06625,2026-04-17,Late Delivery,368.09
R0003652,O0014390,C05257,2026-01-11,Changed Mind,23.92
R0003653,O0022643,C02350,2026-04-12,Changed Mind,117.12
R0003654,O0027370,C03251,2026-03-06,Not as Expected,106.04
R0003655,O0056595,C07669,2025-02-16,Not as Expected,53.95
R0003656,O0017487,C00662,2025-10-30,Damaged,95.53
R0003657,O0021263,C07706,2026-06-20,Not as Expected,309.92
R0003658,O0001511,C06359,2025-06-16,Late Delivery,370.53
R0003659,O0032276,C04934,2026-08-26,Damaged,121.51
R0003660,O0006952,C07248,2025-05-16,Not as Expected,51.2
R0003661,O0025989,C05380,2025-12-27,Wrong Item,94.83
R0003662,O0032010,C02472,2025-07-12,Changed Mind,71.58
R0003663,O0037726,C04405,2026-05-12,Not as Expected,119.18
R0003664,O0030822,C01194,2025-10-29,Late Delivery,130.48
R0003665,O0014530,C01343,2026-04-03,Damaged,463.28
R0003666,O0022547,C01800,2025-02-14,Not as Expected,122.83
R0003667,O0025285,C01148,2025-06-07,Wrong Item,24.48
R0003668,O0011533,C05604,2026-04-23,Changed Mind,159.09
R0003669,O0005775,C03799,2025-04-26,Wrong Item,66.99
R0003670,O0014241,C06780,2025-06-17,Late Delivery,215.43
R0003671,O0026444,C00403,2026-09-20,Wrong Item,320.27
R0003672,O0057863,C02374,2025-10-14,Not as Expected,406.69
R0003673,O0032573,C06100,2026-02-04,Damaged,51.07
R0003674,O0051371,C00624,2026-01-29,Not as Expected,11.48
R0003675,O0013346,C06236,2026-02-18,Changed Mind,94.48
R0003676,O0045447,C05111,2025-02-12,Damaged,126.42
R0003677,O0043395,C05605,2026-03-13,Changed Mind,154.2
R0003678,O0045793,C05795,2026-01-14,Late Delivery,272.97
R0003679,O0054271,C02091,2025-06-29,Wrong Item,14.42
R0003680,O0004773,C02413,2025-05-04,Not as Expected,198.06
R0003681,O0054455,C06614,2025-07-09,Not as Expected,109.31
R0003682,O0051883,C07758,2026-02-04,Not as Expected,152.05
R0003683,O0024383,C01711,2026-05-20,Changed Mind,213.51
R0003684,O0017740,C00524,2025-09-16,Late Delivery,82.79
R0003685,O0011078,C06840,2025-04-19,Damaged,196.0
R0003686,O0051865,C04339,2025-02-21,Changed Mind,50.72
R0003687,O0022084,C05946,2026-03-22,Damaged,121.36
R0003688,O0009793,C07171,2025-04-22,Changed Mind,67.63
R0003689,O0047471,C04196,2025-04-27,Late Delivery,21.13
R0003690,O0025846,C02242,2026-06-10,Changed Mind,110.91
R0003691,O0028400,C05869,2025-11-12,Late Delivery,4.81
R0003692,O0000192,C01735,2025-11-18,Changed Mind,77.19
R0003693,O0026678,C06237,2026-01-02,Wrong Item,43.92
R0003694,O0046196,C04205,2026-07-31,Not as Expected,14.41
R0003695,O0000228,C03939,2025-02-06,Damaged,144.73
R0003696,O0034608,C07452,2026-06-22,Damaged,335.71
R0003697,O0002717,C01090,2025-12-10,Wrong Item,124.09
R0003698,O0003700,C04160,2025-08-08,Changed Mind,46.24
R0003699,O0000371,C05561,2025-12-08,Changed Mind,119.55
R0003700,O0016796,C01256,2025-05-20,Late Delivery,47.41
R0003701,O0047726,C06572,2026-03-10,Changed Mind,29.76
R0003702,O0055589,C02356,2025-03-04,Damaged,15.26
R0003703,O0007845,C05676,2025-11-17,Damaged,108.32
R0003704,O0011511,C04539,2026-03-13,Wrong Item,241.52
R0003705,O0011457,C06107,2025-04-03,Damaged,82.46
R0003706,O0033686,C06468,2025-08-28,Damaged,272.29
R0003707,O0038771,C05298,2025-03-17,Wrong Item,297.53
R0003708,O0052137,C00242,2025-07-30,Changed Mind,39.54
R0003709,O0008376,C06524,2025-12-13,Wrong Item,37.04
R0003710,O0034168,C05324,2025-04-21,Damaged,263.8
R0003711,O0036317,C04649,2025-08-20,Changed Mind,176.33
R0003712,O0055416,C00356,2025-03-11,Changed Mind,121.64
R0003713,O0027154,C06846,2026-01-06,Not as Expected,49.26
R0003714,O0019261,C05397,2025-08-04,Changed Mind,14.05
R0003715,O0003117,C00422,2026-01-05,Changed Mind,106.07
R0003716,O0006686,C06392,2025-06-06,Damaged,212.12
R0003717,O0056401,C04484,2026-07-29,Wrong Item,256.03
R0003718,O0031287,C00901,2026-02-21,Wrong Item,49.85
R0003719,O0050785,C01751,2025-09-07,Late Delivery,4.9
R0003720,O0023213,C04625,2026-07-11,Late Delivery,111.65
R0003721,O0008296,C01964,2026-03-03,Not as Expected,32.27
R0003722,O0046472,C03513,2025-12-13,Damaged,195.94
R0003723,O0015404,C07341,2025-09-12,Not as Expected,162.6
R0003724,O0006755,C04746,2025-09-08,Changed Mind,18.31
R0003725,O0024340,C01282,2026-04-01,Not as Expected,51.56
R0003726,O0031625,C02098,2026-09-12,Not as Expected,15.72
R0003727,O0050393,C02452,2026-08-06,Late Delivery,42.16
R0003728,O0000384,C04345,2025-03-30,Not as Expected,16.15
R0003729,O0005921,C02093,2026-03-31,Changed Mind,20.72
R0003730,O0009057,C01156,2026-08-14,Late Delivery,100.15
R0003731,O0006945,C01632,2025-05-11,Damaged,68.12
R0003732,O0059966,C02429,2025-06-14,Late Delivery,65.71
R0003733,O0002451,C01851,2025-11-17,Damaged,47.42
R0003734,O0003678,C00099,2026-07-27,Damaged,143.99
R0003735,O0026965,C05461,2025-01-14,Not as Expected,39.09
R0003736,O0022009,C02851,2025-10-15,Changed Mind,37.16
R0003737,O0059142,C06946,2026-01-16,Wrong Item,68.19
R0003738,O0056331,C06492,2026-04-14,Changed Mind,101.52
R0003739,O0023879,C03357,2025-07-24,Late Delivery,165.18
R0003740,O0055565,C01955,2025-11-19,Not as Expected,36.0
R0003741,O0033509,C05747,2026-05-11,Damaged,38.59
R0003742,O0036565,C00629,2025-07-02,Wrong Item,34.03
R0003743,O0034833,C02744,2025-09-23,Wrong Item,25.83
R0003744,O0041110,C01668,2026-05-26,Damaged,59.91
R0003745,O0019214,C03088,2025-12-13,Damaged,110.17
R0003746,O0007805,C03803,2025-10-04,Changed Mind,46.97
R0003747,O0001471,C07406,2025-10-04,Wrong Item,122.76
R0003748,O0048116,C03898,2025-08-09,Late Delivery,694.1
R0003749,O0054741,C01817,2026-01-12,Changed Mind,16.37
R0003750,O0053412,C05113,2026-05-15,Changed Mind,32.4
R0003751,O0054391,C01586,2025-07-18,Changed Mind,29.01
R0003752,O0031746,C02735,2026-08-18,Changed Mind,124.36
R0003753,O0020928,C06229,2025-10-12,Late Delivery,74.16
R0003754,O0033230,C06452,2026-09-15,Not as Expected,94.53
R0003755,O0034450,C00032,2026-08-08,Changed Mind,297.6
R0003756,O0008435,C02087,2025-05-06,Changed Mind,23.76
R0003757,O0015600,C04795,2026-09-06,Damaged,59.93
R0003758,O0053636,C00382,2025-08-19,Changed Mind,82.22
R0003759,O0041092,C00510,2026-08-09,Damaged,2102.87
R0003760,O0058064,C07366,2025-03-25,Changed Mind,38.55
R0003761,O0052739,C02561,2026-07-08,Late Delivery,72.58
R0003762,O0059023,C07060,2025-11-30,Late Delivery,25.8
R0003763,O0023021,C00347,2025-07-27,Not as Expected,19.93
R0003764,O0043614,C03993,2025-12-12,Not as Expected,1007.81
R0003765,O0017792,C06231,2025-12-15,Not as Expected,96.7
R0003766,O0042020,C04903,2025-12-25,Damaged,26.48
R0003767,O0020630,C05967,2026-01-13,Not as Expected,59.92
R0003768,O0040494,C05332,2025-11-25,Late Delivery,217.61
R0003769,O0014621,C00133,2026-04-15,Late Delivery,42.0
R0003770,O0056979,C03892,2025-05-17,Late Delivery,728.46
R0003771,O0008422,C03212,2026-01-24,Late Delivery,354.64
R0003772,O0046518,C00326,2025-04-27,Late Delivery,32.02
R0003773,O0052506,C05822,2026-05-31,Wrong Item,30.73
R0003774,O0056431,C05418,2025-03-08,Not as Expected,72.94
R0003775,O0033971,C07891,2026-02-06,Not as Expected,268.57
R0003776,O0011809,C03622,2025-10-27,Changed Mind,10.1
R0003777,O0059617,C07650,2026-08-15,Damaged,14.33
R0003778,O0012414,C07847,2026-06-23,Not as Expected,46.76
R0003779,O0018723,C03691,2026-04-22,Changed Mind,247.92
R0003780,O0017886,C05170,2025-04-05,Changed Mind,14.38
R0003781,O0003399,C02817,2025-01-16,Damaged,211.35
R0003782,O0002481,C00256,2025-05-31,Damaged,361.87
R0003783,O0027636,C02324,2026-03-28,Not as Expected,445.51
R0003784,O0037107,C03807,2026-05-17,Changed Mind,39.98
R0003785,O0049115,C06065,2026-01-02,Not as Expected,86.45
R0003786,O0035600,C06443,2026-04-25,Not as Expected,31.83
R0003787,O0011389,C04457,2025-04-20,Late Delivery,59.14
R0003788,O0034184,C02184,2025-07-06,Changed Mind,216.57
R0003789,O0015637,C03365,2026-02-14,Late Delivery,47.94
R0003790,O0058696,C01445,2026-01-29,Late Delivery,17.68
R0003791,O0009895,C04407,2025-11-01,Changed Mind,56.96
R0003792,O0007293,C07453,2026-02-10,Damaged,33.46
R0003793,O0005837,C07942,2026-03-31,Damaged,75.33
R0003794,O0026638,C03503,2025-05-05,Changed Mind,5.85
R0003795,O0012425,C07019,2025-03-03,Changed Mind,60.08
R0003796,O0010958,C06254,2025-05-14,Damaged,123.41
R0003797,O0015747,C01016,2026-06-04,Damaged,112.84
R0003798,O0034997,C07382,2026-05-31,Late Delivery,115.16
R0003799,O0059267,C04605,2025-04-02,Late Delivery,177.14
R0003800,O0010937,C03707,2025-04-22,Late Delivery,16.66
R0003801,O0054709,C00883,2025-12-18,Damaged,83.23
R0003802,O0009629,C07527,2026-08-15,Wrong Item,24.42
R0003803,O0037947,C03221,2025-07-24,Wrong Item,30.39
R0003804,O0005155,C06627,2025-03-27,Damaged,55.63
R0003805,O0043727,C00723,2026-01-13,Late Delivery,355.92
R0003806,O0054027,C00608,2025-05-19,Late Delivery,74.54
R0003807,O0053027,C06847,2025-03-04,Changed Mind,149.75
R0003808,O0031159,C05216,2025-03-29,Damaged,81.01
R0003809,O0005937,C01079,2026-03-25,Changed Mind,723.79
R0003810,O0001906,C03728,2026-06-18,Damaged,130.27
R0003811,O0051605,C05634,2025-09-07,Not as Expected,10.5
R0003812,O0008468,C07444,2026-09-06,Changed Mind,243.24
R0003813,O0051064,C06834,2025-05-09,Changed Mind,39.51
R0003814,O0017224,C07836,2025-07-15,Damaged,19.47
R0003815,O0002303,C04387,2025-09-08,Wrong Item,89.13
R0003816,O0049646,C07219,2025-10-01,Damaged,7.66
R0003817,O0019976,C00431,2025-01-25,Not as Expected,17.32
R0003818,O0008259,C05748,2025-04-30,Not as Expected,45.17
R0003819,O0009411,C01834,2025-05-11,Late Delivery,16.93
R0003820,O0022657,C00282,2025-12-02,Not as Expected,154.42
R0003821,O0036724,C05800,2025-07-04,Changed Mind,40.25
R0003822,O0002080,C07275,2026-07-07,Changed Mind,417.95
R0003823,O0046148,C07310,2026-01-15,Damaged,7.67
R0003824,O0056300,C02323,2025-09-07,Wrong Item,31.16
R0003825,O0000562,C04702,2025-12-24,Changed Mind,275.16
R0003826,O0055403,C01563,2025-09-02,Not as Expected,42.12
R0003827,O0057716,C04500,2026-05-22,Damaged,33.23
R0003828,O0033361,C01675,2026-01-06,Not as Expected,80.06
R0003829,O0006396,C05931,2026-03-12,Wrong Item,156.54
R0003830,O0017916,C05495,2026-05-21,Damaged,108.56
R0003831,O0010179,C05599,2025-07-02,Not as Expected,90.33
R0003832,O0054523,C06699,2025-05-22,Late Delivery,77.62
R0003833,O0042799,C00648,2025-05-06,Damaged,235.49
R0003834,O0044160,C02362,2026-01-27,Late Delivery,277.83
R0003835,O0028687,C02567,2026-09-26,Changed Mind,48.94
R0003836,O0020323,C05773,2026-06-17,Damaged,2732.41
R0003837,O0032080,C05226,2026-07-16,Damaged,58.06
R0003838,O0046207,C00238,2026-04-28,Not as Expected,45.79
R0003839,O0017705,C05054,2025-04-03,Changed Mind,47.65
R0003840,O0048996,C01327,2025-11-19,Late Delivery,34.87
R0003841,O0050487,C04829,2026-05-23,Changed Mind,98.82
R0003842,O0025673,C04225,2025-09-02,Late Delivery,23.67
R0003843,O0044300,C01032,2025-10-23,Not as Expected,227.13
R0003844,O0035517,C00489,2025-08-21,Changed Mind,8.54
R0003845,O0059289,C06551,2026-01-12,Damaged,15.16
R0003846,O0044999,C00645,2025-07-13,Not as Expected,8.62
R0003847,O0056939,C03671,2026-01-30,Damaged,118.96
R0003848,O0035096,C07620,2026-05-26,Not as Expected,318.12
R0003849,O0056898,C05646,2025-07-19,Changed Mind,275.15
R0003850,O0010052,C07137,2026-03-23,Damaged,45.75
R0003851,O0014769,C05844,2026-05-31,Changed Mind,117.48
R0003852,O0013437,C01054,2025-08-17,Damaged,39.06
R0003853,O0025782,C06367,2025-02-09,Not as Expected,24.58
R0003854,O0037661,C01423,2025-06-03,Not as Expected,58.99
R0003855,O0023524,C06304,2025-12-02,Late Delivery,43.96
R0003856,O0031183,C01267,2025-04-13,Changed Mind,22.89
R0003857,O0050225,C06187,2025-06-18,Not as Expected,203.03
R0003858,O0053207,C06228,2026-08-29,Wrong Item,22.72
R0003859,O0051330,C03361,2025-07-10,Changed Mind,17.85
R0003860,O0029622,C07637,2025-10-18,Wrong Item,69.12
R0003861,O0021621,C02983,2026-07-08,Damaged,102.72
R0003862,O0047998,C02594,2025-10-31,Changed Mind,119.01
R0003863,O0033199,C01247,2025-03-22,Wrong Item,41.21
R0003864,O0049540,C01494,2026-02-25,Late Delivery,80.29
R0003865,O0028614,C03623,2025-09-01,Changed Mind,12.99
R0003866,O0049235,C05457,2026-04-11,Wrong Item,244.16
R0003867,O0004717,C05044,2026-07-22,Wrong Item,18.78
R0003868,O0036447,C00312,2025-09-25,Wrong Item,194.69
R0003869,O0040723,C05714,2025-02-23,Not as Expected,24.67
R0003870,O0005295,C06689,2026-03-29,Not as Expected,172.21
R0003871,O0017974,C00348,2025-06-23,Not as Expected,162.32
R0003872,O0038758,C04859,2025-05-07,Changed Mind,13.58
R0003873,O0036089,C06421,2026-04-13,Late Delivery,11.24
R0003874,O0027850,C03991,2025-07-22,Late Delivery,33.02
R0003875,O0013884,C06187,2025-11-11,Late Delivery,310.68
R0003876,O0006428,C00527,2026-01-09,Late Delivery,10.51
R0003877,O0044773,C04698,2026-06-19,Late Delivery,370.36
R0003878,O0026117,C05784,2025-04-16,Wrong Item,52.45
R0003879,O0049573,C04024,2026-07-01,Wrong Item,46.55
R0003880,O0031236,C01909,2026-03-20,Not as Expected,334.11
R0003881,O0044023,C00834,2025-06-30,Damaged,10.1
R0003882,O0005495,C07932,2026-03-23,Damaged,101.95
R0003883,O0055031,C03855,2025-05-10,Not as Expected,166.36
R0003884,O0059890,C04615,2025-04-30,Damaged,239.55
R0003885,O0042442,C06055,2025-05-28,Wrong Item,97.02
R0003886,O0036137,C02023,2025-06-29,Damaged,23.68
R0003887,O0045078,C07200,2026-04-02,Not as Expected,49.63
R0003888,O0043166,C03089,2026-01-03,Changed Mind,285.28
R0003889,O0058694,C03163,2026-04-04,Changed Mind,381.73
R0003890,O0057625,C03113,2025-12-28,Late Delivery,10.55
R0003891,O0005961,C04222,2026-07-01,Wrong Item,73.97
R0003892,O0038634,C05151,2026-06-17,Not as Expected,453.72
R0003893,O0049717,C00663,2026-06-30,Late Delivery,68.65
R0003894,O0026148,C01478,2025-10-27,Damaged,95.36
R0003895,O0019460,C01505,2025-10-20,Changed Mind,8.02
R0003896,O0029330,C06754,2025-02-21,Wrong Item,102.16
R0003897,O0013192,C00680,2026-02-08,Damaged,7.11
R0003898,O0030018,C05007,2026-04-03,Changed Mind,176.41
R0003899,O0044934,C01684,2026-04-16,Wrong Item,68.97
R0003900,O0010534,C03088,2026-06-13,Wrong Item,56.96
R0003901,O0032314,C07092,2026-09-09,Wrong Item,620.08
R0003902,O0014915,C05565,2025-04-01,Damaged,37.76
R0003903,O0011176,C03808,2026-01-16,Changed Mind,342.72
R0003904,O0035105,C05332,2025-11-04,Damaged,63.98
R0003905,O0033873,C05530,2026-01-30,Changed Mind,259.2
R0003906,O0021488,C03971,2026-02-05,Not as Expected,136.24
R0003907,O0018486,C00455,2026-02-12,Damaged,168.64
R0003908,O0037369,C07488,2026-03-23,Damaged,856.29
R0003909,O0000246,C05069,2025-04-15,Not as Expected,45.59
R0003910,O0009595,C05786,2025-05-07,Damaged,37.47
R0003911,O0056085,C07172,2025-12-13,Changed Mind,68.15
R0003912,O0059802,C07636,2025-05-22,Damaged,22.91
R0003913,O0026135,C07026,2025-02-26,Wrong Item,78.22
R0003914,O0005970,C07776,2026-01-03,Late Delivery,37.81
R0003915,O0041618,C03846,2025-05-23,Wrong Item,197.33
R0003916,O0051919,C07054,2026-04-17,Not as Expected,102.13
R0003917,O0020273,C00568,2025-10-17,Wrong Item,286.22
R0003918,O0010406,C02626,2025-04-17,Wrong Item,161.38
R0003919,O0024621,C07885,2026-08-09,Changed Mind,49.36
R0003920,O0011277,C04905,2026-08-09,Not as Expected,80.05
R0003921,O0059618,C01001,2025-06-10,Damaged,21.84
R0003922,O0028731,C03931,2025-02-15,Not as Expected,77.77
R0003923,O0004960,C00233,2025-09-09,Damaged,328.65
R0003924,O0033279,C03997,2025-04-15,Wrong Item,7.76
R0003925,O0048129,C06017,2026-01-13,Changed Mind,114.95
R0003926,O0001244,C00796,2025-07-11,Not as Expected,117.5
R0003927,O0032342,C05471,2026-06-19,Late Delivery,105.99
R0003928,O0028391,C07240,2025-05-21,Changed Mind,20.16
R0003929,O0004775,C05963,2026-04-30,Wrong Item,17.43
R0003930,O0048813,C05492,2025-10-08,Late Delivery,10.38
R0003931,O0051256,C00495,2025-11-05,Not as Expected,67.55
R0003932,O0016283,C05514,2026-08-12,Wrong Item,334.56
R0003933,O0052943,C03270,2025-07-27,Wrong Item,162.65
R0003934,O0007337,C01287,2025-10-07,Changed Mind,86.91
R0003935,O0014366,C06189,2025-05-06,Not as Expected,44.88
R0003936,O0023968,C07406,2026-05-19,Wrong Item,23.83
R0003937,O0036558,C05131,2025-07-09,Changed Mind,75.13
R0003938,O0019552,C00814,2026-05-20,Damaged,56.49
R0003939,O0010705,C01199,2025-03-16,Wrong Item,30.88
R0003940,O0026717,C02522,2025-02-27,Late Delivery,797.5
R0003941,O0033848,C07557,2025-09-02,Not as Expected,111.27
R0003942,O0029596,C07563,2026-08-21,Wrong Item,108.68
R0003943,O0029306,C06783,2026-09-03,Damaged,360.91
R0003944,O0053827,C00923,2026-02-12,Wrong Item,64.18
R0003945,O0021042,C00952,2026-03-11,Not as Expected,42.89
R0003946,O0037689,C00378,2026-05-19,Damaged,164.38
R0003947,O0037016,C04975,2025-06-09,Late Delivery,31.2
R0003948,O0027683,C07746,2025-02-14,Changed Mind,367.94
R0003949,O0055955,C03358,2025-09-07,Damaged,68.4
R0003950,O0002004,C02830,2025-01-26,Not as Expected,140.05
R0003951,O0011225,C01290,2026-05-02,Wrong Item,57.82
R0003952,O0036765,C02178,2025-02-27,Late Delivery,124.13
R0003953,O0011116,C05453,2026-07-21,Not as Expected,101.54
R0003954,O0014630,C03973,2026-07-30,Changed Mind,20.07
R0003955,O0047735,C02333,2025-05-20,Damaged,23.13
R0003956,O0056007,C04242,2026-03-17,Not as Expected,132.71
R0003957,O0009182,C01497,2025-07-11,Late Delivery,101.78
R0003958,O0022022,C06969,2025-06-07,Not as Expected,137.04
R0003959,O0034442,C05358,2026-01-18,Late Delivery,366.93
R0003960,O0028099,C00653,2025-06-16,Damaged,53.16
R0003961,O0030113,C00512,2025-07-18,Wrong Item,50.15
R0003962,O0033214,C02203,2026-08-12,Changed Mind,9.02
R0003963,O0046756,C00405,2026-05-06,Late Delivery,32.16
R0003964,O0026115,C02642,2025-03-10,Changed Mind,48.32
R0003965,O0048202,C06260,2025-04-27,Not as Expected,46.84
R0003966,O0044249,C02643,2026-03-07,Wrong Item,279.71
R0003967,O0004273,C04019,2026-06-02,Changed Mind,24.72
R0003968,O0049404,C01805,2025-06-04,Wrong Item,73.02
R0003969,O0056166,C03858,2025-03-16,Late Delivery,87.3
R0003970,O0030812,C05029,2025-06-24,Changed Mind,154.76
R0003971,O0018430,C05897,2026-01-16,Late Delivery,141.35
R0003972,O0036448,C05919,2026-08-13,Wrong Item,24.91
R0003973,O0001409,C06122,2025-08-03,Late Delivery,334.0
R0003974,O0027159,C02653,2026-07-04,Damaged,141.63
R0003975,O0045037,C05947,2026-02-01,Changed Mind,5.72
R0003976,O0022827,C03460,2026-04-04,Late Delivery,284.59
R0003977,O0040786,C00246,2026-04-14,Not as Expected,114.89
R0003978,O0013597,C00112,2025-11-18,Damaged,32.12
R0003979,O0057170,C02831,2025-09-22,Not as Expected,29.09
R0003980,O0000161,C01484,2025-10-16,Changed Mind,54.46
R0003981,O0018001,C04251,2025-09-19,Late Delivery,175.69
R0003982,O0029324,C01806,2025-08-19,Not as Expected,61.93
R0003983,O0054026,C05317,2025-12-07,Damaged,233.8
R0003984,O0003151,C01686,2025-07-27,Damaged,2098.16
R0003985,O0053175,C00983,2026-03-26,Late Delivery,66.16
R0003986,O0058396,C00020,2026-06-15,Changed Mind,82.6
R0003987,O0000654,C02276,2025-11-02,Damaged,93.24
R0003988,O0010531,C01404,2026-08-09,Late Delivery,65.17
R0003989,O0033068,C07547,2026-09-05,Not as Expected,31.87
R0003990,O0053677,C00258,2025-09-14,Damaged,29.04
R0003991,O0000402,C03964,2025-04-14,Damaged,42.86
R0003992,O0055903,C00380,2025-06-15,Not as Expected,121.06
R0003993,O0040370,C03298,2026-09-06,Not as Expected,91.52
R0003994,O0032013,C04287,2025-04-09,Not as Expected,59.99
R0003995,O0006097,C03588,2025-07-14,Damaged,160.26
R0003996,O0011792,C02159,2025-10-09,Changed Mind,935.64
R0003997,O0036283,C04389,2025-01-25,Changed Mind,17.8
R0003998,O0032590,C06224,2025-08-31,Changed Mind,970.93
R0003999,O0011687,C05351,2026-06-19,Damaged,16.28
R0004000,O0035395,C01156,2025-03-08,Changed Mind,170.83
R0004001,O0005339,C07196,2026-02-28,Late Delivery,27.84
R0004002,O0026702,C07322,2026-03-17,Late Delivery,20.54
R0004003,O0056786,C04119,2025-11-27,Damaged,169.56
R0004004,O0010279,C07940,2025-11-14,Wrong Item,21.48
R0004005,O0018280,C03114,2025-12-26,Changed Mind,119.24
R0004006,O0021197,C07588,2025-10-07,Not as Expected,37.63
R0004007,O0055757,C00686,2025-09-30,Not as Expected,39.06
R0004008,O0018525,C05919,2026-04-14,Changed Mind,78.0
R0004009,O0012307,C04619,2025-11-10,Late Delivery,316.94
R0004010,O0052815,C03508,2026-04-10,Not as Expected,47.49
R0004011,O0002479,C07880,2026-05-03,Late Delivery,143.63
R0004012,O0047841,C06510,2026-03-18,Not as Expected,29.66
R0004013,O0013743,C07113,2025-09-18,Not as Expected,79.02
R0004014,O0009472,C05611,2025-09-27,Changed Mind,5.84
R0004015,O0040599,C02501,2025-02-13,Changed Mind,82.47
R0004016,O0035495,C05455,2025-08-29,Late Delivery,46.69
R0004017,O0038450,C05160,2026-06-10,Damaged,7.33
R0004018,O0041406,C00518,2025-12-31,Late Delivery,11.07
R0004019,O0022704,C04605,2025-09-28,Changed Mind,5.54
R0004020,O0000291,C02089,2025-11-24,Wrong Item,137.88
R0004021,O0010614,C06222,2025-07-31,Late Delivery,311.99
R0004022,O0025158,C03352,2026-07-09,Damaged,26.53
R0004023,O0019536,C03227,2025-07-06,Damaged,116.91
R0004024,O0040475,C03032,2026-04-12,Changed Mind,56.31
R0004025,O0001248,C02684,2025-06-09,Late Delivery,22.15
R0004026,O0006504,C01266,2025-09-26,Late Delivery,22.43
R0004027,O0017779,C05584,2026-08-18,Not as Expected,103.91
R0004028,O0017436,C03348,2025-10-01,Late Delivery,131.12
R0004029,O0053537,C05742,2025-07-01,Damaged,29.62
R0004030,O0026788,C01797,2026-04-20,Late Delivery,162.42
R0004031,O0042534,C06892,2026-09-25,Late Delivery,30.82
R0004032,O0039548,C06501,2026-07-22,Late Delivery,113.02
R0004033,O0025139,C07852,2026-09-25,Wrong Item,137.0
R0004034,O0030287,C04221,2026-03-30,Changed Mind,8.67
R0004035,O0044172,C01043,2025-04-17,Not as Expected,214.24
R0004036,O0022595,C00495,2026-09-10,Damaged,24.84
R0004037,O0040805,C05520,2025-07-12,Late Delivery,142.91
R0004038,O0001688,C01589,2026-05-24,Not as Expected,123.84
R0004039,O0024024,C00893,2025-09-09,Damaged,62.92
R0004040,O0055591,C03439,2025-12-29,Damaged,27.1
R0004041,O0048842,C02231,2025-03-13,Wrong Item,153.31
R0004042,O0025050,C06650,2025-05-29,Late Delivery,391.44
R0004043,O0054161,C01049,2026-04-01,Wrong Item,43.09
R0004044,O0041930,C05354,2025-11-25,Damaged,586.27
R0004045,O0014822,C01419,2025-07-05,Wrong Item,81.06
R0004046,O0013438,C06260,2025-04-05,Changed Mind,48.1
R0004047,O0056426,C05514,2026-06-10,Damaged,26.89
R0004048,O0015323,C02831,2025-03-07,Damaged,54.07
R0004049,O0053401,C04977,2025-10-19,Changed Mind,29.23
R0004050,O0058434,C01664,2026-07-12,Wrong Item,59.69
R0004051,O0059984,C01051,2025-12-29,Changed Mind,104.99
R0004052,O0031478,C02871,2025-08-24,Changed Mind,113.33
R0004053,O0011774,C01198,2026-06-19,Wrong Item,34.16
R0004054,O0054188,C06332,2025-08-25,Not as Expected,64.93
R0004055,O0010891,C01704,2026-03-05,Not as Expected,28.3
R0004056,O0000130,C00811,2025-12-25,Changed Mind,2.71
R0004057,O0016439,C00616,2025-03-25,Wrong Item,107.9
R0004058,O0056460,C04604,2025-05-28,Late Delivery,2.33
R0004059,O0029020,C05946,2025-03-14,Changed Mind,84.81
R0004060,O0043198,C04409,2025-05-15,Wrong Item,161.43
R0004061,O0016809,C01057,2025-12-13,Changed Mind,334.96
R0004062,O0058334,C07703,2025-12-31,Damaged,87.88
R0004063,O0010202,C02975,2025-11-01,Late Delivery,729.71
R0004064,O0059337,C02747,2025-07-27,Wrong Item,174.66
R0004065,O0011871,C02845,2025-02-12,Not as Expected,7.45
R0004066,O0033886,C06686,2025-05-18,Changed Mind,3169.45
R0004067,O0059818,C04726,2026-06-02,Late Delivery,69.25
R0004068,O0049941,C06725,2026-07-05,Not as Expected,79.97
R0004069,O0004905,C05672,2025-12-26,Wrong Item,72.51
R0004070,O0039947,C02156,2026-06-14,Damaged,49.07
R0004071,O0049718,C06355,2025-11-30,Damaged,273.62
R0004072,O0048592,C01171,2025-02-15,Damaged,252.02
R0004073,O0018102,C05387,2026-06-01,Late Delivery,247.45
R0004074,O0043451,C05661,2026-01-12,Wrong Item,243.04
R0004075,O0049162,C02132,2025-11-23,Wrong Item,463.51
R0004076,O0007596,C07194,2025-07-25,Late Delivery,615.71
R0004077,O0041188,C04937,2026-01-06,Not as Expected,6.0
R0004078,O0016089,C07189,2026-06-07,Damaged,125.59
R0004079,O0008436,C04681,2025-12-13,Not as Expected,10.31
R0004080,O0032908,C03161,2025-06-11,Changed Mind,55.29
R0004081,O0037361,C07560,2026-02-13,Not as Expected,13.27
R0004082,O0013650,C01356,2025-11-16,Wrong Item,35.53
R0004083,O0039824,C03644,2026-06-25,Wrong Item,14.7
R0004084,O0032755,C01071,2025-09-07,Changed Mind,96.75
R0004085,O0033104,C03550,2025-12-03,Not as Expected,144.15
R0004086,O0044952,C04030,2026-07-20,Late Delivery,162.29
R0004087,O0011471,C05715,2026-07-29,Late Delivery,94.78
R0004088,O0015783,C00273,2026-07-29,Wrong Item,35.15
R0004089,O0008622,C07683,2025-08-08,Wrong Item,15.11
R0004090,O0000707,C05678,2026-01-17,Not as Expected,147.79
R0004091,O0055343,C02579,2025-09-27,Wrong Item,54.84
R0004092,O0039212,C02716,2026-03-02,Wrong Item,137.09
R0004093,O0018443,C01790,2026-04-28,Late Delivery,55.3
R0004094,O0059923,C03825,2025-11-21,Changed Mind,99.71
R0004095,O0004850,C02059,2025-07-10,Wrong Item,127.6
R0004096,O0014291,C02270,2025-12-29,Late Delivery,192.19
R0004097,O0029393,C02285,2026-04-28,Wrong Item,243.34
R0004098,O0051040,C04223,2026-07-29,Damaged,35.02
R0004099,O0020655,C03489,2025-07-24,Late Delivery,189.99
R0004100,O0057375,C04077,2025-06-03,Changed Mind,238.61
R0004101,O0027060,C02665,2025-10-27,Changed Mind,61.38
R0004102,O0034090,C00337,2025-11-01,Late Delivery,191.81
R0004103,O0010914,C04090,2025-07-31,Damaged,27.1
R0004104,O0036278,C01215,2026-02-12,Wrong Item,95.6
R0004105,O0041864,C00706,2026-05-23,Wrong Item,6.94
R0004106,O0031725,C04821,2026-02-28,Late Delivery,3059.41
R0004107,O0017389,C03421,2025-12-13,Wrong Item,33.52
R0004108,O0016783,C01498,2025-05-02,Wrong Item,72.09
R0004109,O0049795,C04703,2026-07-18,Late Delivery,64.18
R0004110,O0010967,C02665,2026-01-12,Wrong Item,186.92
R0004111,O0028193,C06933,2025-12-17,Damaged,76.53
R0004112,O0055491,C06905,2026-06-15,Not as Expected,93.51
R0004113,O0031510,C00142,2026-05-27,Damaged,124.69
R0004114,O0015819,C05567,2025-11-08,Late Delivery,202.49
R0004115,O0035702,C07184,2025-03-01,Not as Expected,54.23
R0004116,O0047763,C03454,2026-01-06,Wrong Item,118.74
R0004117,O0027507,C07188,2025-04-13,Not as Expected,44.49
R0004118,O0050619,C04537,2025-11-08,Late Delivery,133.94
R0004119,O0007838,C06149,2026-02-27,Changed Mind,136.65
R0004120,O0011013,C07754,2025-03-27,Late Delivery,149.46
R0004121,O0032020,C03756,2025-09-10,Not as Expected,61.17
R0004122,O0027345,C05605,2026-06-06,Wrong Item,37.22
R0004123,O0014029,C04699,2025-05-27,Changed Mind,20.56
R0004124,O0021981,C00967,2025-11-16,Not as Expected,84.3
R0004125,O0002325,C02518,2025-03-18,Damaged,11.47
R0004126,O0047774,C03875,2025-04-07,Wrong Item,30.32
R0004127,O0041521,C04188,2025-06-29,Wrong Item,85.56
R0004128,O0047046,C02844,2026-08-26,Changed Mind,101.97
R0004129,O0014982,C02673,2025-12-01,Late Delivery,110.37
R0004130,O0001761,C01658,2026-07-28,Late Delivery,11.43
R0004131,O0035142,C04966,2026-08-11,Wrong Item,18.35
R0004132,O0012304,C05104,2026-08-22,Wrong Item,57.97
R0004133,O0020521,C00058,2025-02-08,Wrong Item,253.9
R0004134,O0047599,C05369,2026-03-14,Wrong Item,76.26
R0004135,O0018796,C07239,2025-12-14,Not as Expected,22.69
R0004136,O0049288,C00649,2026-06-14,Damaged,44.34
R0004137,O0017708,C03989,2026-08-14,Wrong Item,107.82
R0004138,O0058711,C03757,2026-02-19,Changed Mind,42.08
R0004139,O0038675,C06476,2025-04-15,Not as Expected,44.68
R0004140,O0035529,C00783,2026-03-08,Late Delivery,82.96
R0004141,O0030913,C04820,2025-11-10,Late Delivery,13.39
R0004142,O0050391,C00947,2025-07-20,Damaged,59.82
R0004143,O0057714,C01974,2025-10-01,Wrong Item,268.33
R0004144,O0052696,C05645,2025-06-24,Changed Mind,36.39
R0004145,O0006241,C00213,2026-03-28,Late Delivery,456.62
R0004146,O0030926,C05361,2025-11-21,Not as Expected,197.99
R0004147,O0019131,C03430,2025-10-11,Late Delivery,249.21
R0004148,O0052026,C01254,2025-04-18,Late Delivery,82.54
R0004149,O0006160,C02684,2025-06-09,Changed Mind,64.65
R0004150,O0046378,C03336,2026-05-10,Wrong Item,32.61
R0004151,O0012074,C07900,2026-01-05,Late Delivery,20.94
R0004152,O0026819,C00706,2025-07-18,Wrong Item,117.85
R0004153,O0031917,C03141,2025-04-24,Damaged,22.41
R0004154,O0054839,C03021,2025-07-13,Damaged,33.64
R0004155,O0001792,C06330,2025-04-18,Damaged,376.54
R0004156,O0035258,C01650,2025-06-04,Damaged,436.41
R0004157,O0021472,C06878,2026-02-07,Changed Mind,44.23
R0004158,O0032820,C03220,2026-04-30,Not as Expected,25.05
R0004159,O0026396,C07938,2026-09-20,Not as Expected,89.65
R0004160,O0037275,C07095,2026-09-18,Late Delivery,51.31
R0004161,O0046151,C00496,2025-02-19,Wrong Item,48.49
R0004162,O0048993,C03586,2025-12-04,Damaged,128.54
R0004163,O0056865,C07625,2025-07-03,Damaged,140.83
R0004164,O0023840,C03839,2025-08-08,Late Delivery,58.15
R0004165,O0022559,C03734,2026-05-19,Wrong Item,207.2
R0004166,O0036303,C06204,2026-07-10,Changed Mind,882.33
R0004167,O0002187,C00738,2025-07-10,Damaged,94.2
R0004168,O0023442,C04449,2026-06-11,Damaged,187.75
R0004169,O0010190,C05284,2026-09-25,Not as Expected,122.87
R0004170,O0048115,C06494,2025-11-28,Late Delivery,17.39
R0004171,O0032460,C02157,2026-07-10,Damaged,137.46
R0004172,O0001622,C02422,2026-04-04,Wrong Item,24.25
R0004173,O0020614,C02160,2026-06-24,Damaged,219.43
R0004174,O0050005,C01786,2025-07-07,Changed Mind,27.67
R0004175,O0045306,C02782,2026-04-17,Late Delivery,13.93
R0004176,O0045901,C03286,2026-01-11,Damaged,42.52
R0004177,O0003709,C05043,2025-06-21,Late Delivery,10.05
R0004178,O0043396,C04586,2025-12-19,Not as Expected,73.66
R0004179,O0038712,C02485,2026-04-16,Not as Expected,138.0
R0004180,O0026918,C02790,2026-02-03,Wrong Item,78.51
R0004181,O0008647,C04350,2026-04-07,Damaged,18.49
R0004182,O0026352,C07543,2025-12-05,Late Delivery,21.69
R0004183,O0037684,C07161,2025-04-29,Wrong Item,49.47
R0004184,O0052580,C02429,2026-06-10,Wrong Item,144.62
R0004185,O0047665,C03938,2025-06-12,Changed Mind,108.44
R0004186,O0028197,C07531,2025-01-10,Damaged,375.99
R0004187,O0015839,C05059,2026-01-21,Not as Expected,191.49
R0004188,O0025459,C05260,2026-08-28,Wrong Item,8.27
R0004189,O0036666,C00787,2026-06-18,Wrong Item,157.0
R0004190,O0042848,C05421,2026-03-26,Not as Expected,97.48
R0004191,O0030179,C01877,2025-08-20,Not as Expected,179.53
R0004192,O0059270,C05624,2025-09-12,Wrong Item,234.01
R0004193,O0003790,C05901,2026-02-17,Not as Expected,151.2
R0004194,O0038239,C04078,2025-01-29,Damaged,157.18
R0004195,O0017874,C06463,2026-06-13,Damaged,82.87
R0004196,O0038626,C03586,2026-01-21,Wrong Item,25.39
R0004197,O0054131,C02030,2025-03-08,Changed Mind,14.74
R0004198,O0022340,C02376,2026-05-08,Not as Expected,182.39
R0004199,O0045472,C07453,2026-09-07,Not as Expected,134.13
R0004200,O0038855,C05189,2025-05-12,Changed Mind,99.37
R0004201,O0047619,C02848,2026-03-02,Late Delivery,156.4
R0004202,O0048146,C04127,2025-01-25,Damaged,180.03
R0004203,O0041066,C01452,2025-02-24,Late Delivery,15.7
R0004204,O0021117,C04051,2025-03-14,Damaged,933.76
R0004205,O0043441,C06948,2026-02-14,Damaged,429.47
R0004206,O0036435,C06392,2026-07-01,Damaged,3484.73
R0004207,O0024404,C06500,2026-04-17,Changed Mind,12.08
R0004208,O0025723,C00861,2025-08-08,Wrong Item,51.17
R0004209,O0006365,C02258,2026-07-16,Late Delivery,127.33
R0004210,O0039443,C04126,2025-07-13,Wrong Item,178.37
R0004211,O0018912,C04353,2025-06-07,Late Delivery,728.64
R0004212,O0038438,C00748,2026-04-01,Wrong Item,26.44
R0004213,O0036274,C04909,2026-05-11,Not as Expected,50.22
R0004214,O0044278,C06464,2025-10-26,Not as Expected,177.28
R0004215,O0044147,C07799,2026-07-16,Not as Expected,35.86
R0004216,O0004595,C02491,2026-06-20,Changed Mind,72.86
R0004217,O0027379,C04765,2025-03-20,Damaged,7.92
R0004218,O0007507,C02705,2026-01-30,Late Delivery,1106.91
R0004219,O0024306,C04167,2025-10-27,Late Delivery,140.7
R0004220,O0005846,C02805,2025-12-15,Wrong Item,170.48
R0004221,O0010259,C07380,2025-11-18,Late Delivery,14.66
R0004222,O0028066,C06811,2025-12-06,Damaged,50.49
R0004223,O0019840,C01920,2025-12-18,Not as Expected,35.56
R0004224,O0059278,C04734,2026-06-05,Changed Mind,86.49
R0004225,O0036345,C05372,2026-01-10,Changed Mind,50.82
R0004226,O0042718,C04568,2026-08-04,Wrong Item,182.85
R0004227,O0008948,C01956,2025-07-11,Late Delivery,181.67
R0004228,O0032100,C00262,2026-08-19,Wrong Item,179.2
R0004229,O0011836,C04037,2025-05-14,Late Delivery,217.94
R0004230,O0033831,C05336,2025-10-30,Not as Expected,36.15
R0004231,O0040355,C02696,2026-02-07,Changed Mind,14.08
R0004232,O0013489,C04825,2026-03-16,Late Delivery,38.9
R0004233,O0016760,C03176,2026-01-09,Late Delivery,57.04
R0004234,O0052397,C02625,2025-11-22,Not as Expected,102.59
R0004235,O0048086,C03299,2026-03-27,Changed Mind,102.71
R0004236,O0028406,C06509,2025-12-12,Wrong Item,5.42
R0004237,O0032218,C07014,2026-04-21,Late Delivery,170.87
R0004238,O0016732,C06603,2025-08-19,Changed Mind,34.2
R0004239,O0047924,C03568,2026-05-21,Late Delivery,7.17
R0004240,O0036477,C06610,2025-05-05,Wrong Item,88.29
R0004241,O0006742,C07341,2025-01-11,Late Delivery,117.37
R0004242,O0046255,C02234,2026-02-01,Not as Expected,308.12
R0004243,O0057136,C04243,2026-06-19,Late Delivery,100.72
R0004244,O0009585,C00514,2026-05-26,Late Delivery,116.7
R0004245,O0011082,C07884,2026-04-03,Damaged,17.13
R0004246,O0003749,C06702,2026-06-25,Changed Mind,69.47
R0004247,O0053353,C06937,2026-05-09,Changed Mind,378.31
R0004248,O0049810,C00858,2025-05-13,Damaged,219.4
R0004249,O0046726,C06629,2026-09-09,Changed Mind,143.9
R0004250,O0021271,C06497,2025-10-05,Damaged,181.97
R0004251,O0016421,C06504,2025-12-20,Late Delivery,124.92
R0004252,O0025300,C04422,2026-07-25,Damaged,15.13
R0004253,O0002351,C02459,2026-02-15,Damaged,74.35
R0004254,O0042548,C06053,2025-11-29,Damaged,74.89
R0004255,O0059071,C07363,2026-03-17,Late Delivery,70.46
R0004256,O0059024,C06607,2025-02-16,Late Delivery,161.85
R0004257,O0048730,C04937,2026-05-02,Not as Expected,405.24
R0004258,O0015334,C01916,2025-04-29,Not as Expected,261.01
R0004259,O0029280,C04897,2025-10-13,Changed Mind,426.4
R0004260,O0055698,C07557,2026-06-29,Changed Mind,287.63
R0004261,O0047344,C03474,2025-12-11,Late Delivery,20.35
R0004262,O0052412,C06476,2026-08-19,Late Delivery,1345.64
R0004263,O0037582,C06491,2025-11-26,Late Delivery,12.3
R0004264,O0046073,C07585,2026-08-20,Not as Expected,504.84
R0004265,O0057621,C03838,2026-02-27,Changed Mind,78.82
R0004266,O0026844,C00091,2026-04-21,Damaged,174.7
R0004267,O0051998,C03065,2025-07-14,Not as Expected,8.52
R0004268,O0006223,C02479,2026-03-27,Not as Expected,26.32
R0004269,O0022894,C05014,2025-04-19,Wrong Item,32.64
R0004270,O0006542,C03047,2026-08-30,Damaged,25.76
R0004271,O0042836,C02370,2026-02-28,Wrong Item,7.48
R0004272,O0058497,C06797,2025-11-03,Not as Expected,5.0
R0004273,O0010177,C04909,2025-12-31,Wrong Item,79.5
R0004274,O0030576,C02720,2025-02-20,Wrong Item,1407.76
R0004275,O0056155,C06141,2026-03-06,Late Delivery,127.93
R0004276,O0044430,C07284,2025-08-07,Not as Expected,8.5
R0004277,O0045433,C01011,2026-06-30,Late Delivery,164.33
R0004278,O0024567,C02660,2026-09-08,Not as Expected,283.25
R0004279,O0037606,C00960,2026-04-28,Late Delivery,18.35
R0004280,O0016852,C04338,2025-12-08,Wrong Item,30.57
R0004281,O0045212,C04600,2025-02-15,Wrong Item,20.08
R0004282,O0022757,C04380,2025-08-28,Wrong Item,13.44
R0004283,O0034067,C07551,2026-01-14,Late Delivery,59.51
R0004284,O0002328,C05250,2025-08-05,Wrong Item,15.78
R0004285,O0036507,C05119,2026-08-31,Late Delivery,14.0
R0004286,O0056593,C00286,2026-05-13,Late Delivery,38.57
R0004287,O0024616,C04854,2025-10-17,Not as Expected,24.42
R0004288,O0014311,C06304,2025-07-15,Late Delivery,14.78
R0004289,O0031516,C05783,2026-03-07,Late Delivery,46.47
R0004290,O0054299,C03619,2026-07-25,Changed Mind,94.71
R0004291,O0057670,C00739,2026-02-15,Wrong Item,122.79
R0004292,O0017542,C04870,2025-12-07,Late Delivery,17.14
R0004293,O0036043,C04187,2026-02-05,Changed Mind,144.05
R0004294,O0002582,C00560,2025-12-28,Not as Expected,80.14
R0004295,O0010953,C02784,2025-11-22,Late Delivery,61.49
R0004296,O0053499,C05317,2026-07-18,Changed Mind,49.48
R0004297,O0056248,C06041,2026-02-03,Wrong Item,31.51
R0004298,O0047378,C02627,2025-08-13,Not as Expected,52.75
R0004299,O0045538,C01533,2025-05-18,Late Delivery,24.03
R0004300,O0009502,C07589,2025-10-12,Changed Mind,178.12
R0004301,O0000730,C03895,2026-06-07,Wrong Item,48.29
R0004302,O0049610,C04676,2025-12-10,Late Delivery,121.72
R0004303,O0053071,C05901,2026-03-19,Not as Expected,268.13
R0004304,O0033133,C06515,2026-02-27,Late Delivery,218.37
R0004305,O0054521,C06071,2026-03-15,Changed Mind,14.85
R0004306,O0018078,C06761,2026-05-10,Wrong Item,317.77
R0004307,O0016193,C04765,2026-07-27,Damaged,66.17
R0004308,O0015705,C05551,2026-05-21,Damaged,64.88
R0004309,O0023054,C00998,2025-03-26,Wrong Item,61.08
R0004310,O0042518,C03804,2026-06-03,Wrong Item,129.83
R0004311,O0030185,C01664,2026-05-21,Wrong Item,13.36
R0004312,O0029635,C00032,2026-05-04,Not as Expected,9.44
R0004313,O0057334,C04679,2026-03-26,Late Delivery,24.58
R0004314,O0050025,C00448,2026-02-15,Damaged,134.5
R0004315,O0051589,C04456,2025-01-11,Damaged,110.73
R0004316,O0011935,C05157,2025-07-14,Damaged,249.14
R0004317,O0049569,C05009,2025-10-28,Changed Mind,50.34
R0004318,O0042398,C01552,2026-07-24,Damaged,508.62
R0004319,O0036187,C05363,2025-02-08,Wrong Item,6.11
R0004320,O0039595,C07516,2025-11-30,Damaged,165.01
R0004321,O0027221,C00487,2025-02-02,Not as Expected,104.0
R0004322,O0007684,C06071,2025-11-09,Wrong Item,323.99
R0004323,O0053574,C05141,2025-04-20,Not as Expected,24.23
R0004324,O0053663,C02046,2025-09-24,Wrong Item,167.44
R0004325,O0013061,C01343,2025-04-20,Late Delivery,27.54
R0004326,O0012801,C01243,2025-09-29,Wrong Item,23.39
R0004327,O0025482,C04045,2026-02-23,Damaged,114.17
R0004328,O0034880,C01432,2026-03-27,Wrong Item,28.05
R0004329,O0042517,C05034,2026-08-11,Damaged,18.26
R0004330,O0014841,C07435,2026-09-18,Wrong Item,67.52
R0004331,O0036735,C02375,2025-10-06,Not as Expected,1.58
R0004332,O0025755,C01230,2026-08-03,Wrong Item,18.08
R0004333,O0034667,C01938,2025-08-12,Late Delivery,148.72
R0004334,O0046042,C07604,2026-02-02,Late Delivery,85.71
R0004335,O0000844,C02521,2025-08-22,Damaged,17.13
R0004336,O0033821,C02248,2025-12-04,Damaged,16.1
R0004337,O0005604,C07142,2025-09-16,Damaged,95.23
R0004338,O0022567,C01992,2026-01-30,Changed Mind,441.37
R0004339,O0032501,C04019,2026-07-29,Wrong Item,50.32
R0004340,O0017551,C00265,2025-10-10,Wrong Item,14.52
R0004341,O0020967,C00611,2026-02-20,Damaged,35.81
R0004342,O0036013,C06239,2025-08-22,Late Delivery,17.58
R0004343,O0051036,C00708,2025-08-14,Wrong Item,59.69
R0004344,O0031032,C03429,2025-02-16,Damaged,38.67
R0004345,O0032692,C01379,2025-10-20,Wrong Item,20.58
R0004346,O0049886,C03927,2026-03-22,Not as Expected,19.44
R0004347,O0046596,C02030,2026-08-23,Not as Expected,238.09
R0004348,O0031292,C00343,2025-04-02,Damaged,177.63
R0004349,O0036578,C01020,2026-03-11,Wrong Item,96.94
R0004350,O0052665,C06610,2025-05-04,Wrong Item,27.47
R0004351,O0024184,C06100,2026-08-30,Late Delivery,46.98
R0004352,O0024505,C01799,2025-02-15,Wrong Item,49.43
R0004353,O0049804,C01291,2025-09-19,Late Delivery,50.97
R0004354,O0007351,C04467,2025-10-21,Damaged,60.95
R0004355,O0036599,C07752,2026-03-17,Late Delivery,242.23
R0004356,O0035266,C04456,2025-11-13,Changed Mind,97.74
R0004357,O0051736,C03677,2026-09-24,Changed Mind,55.08
R0004358,O0059911,C04050,2026-08-24,Damaged,66.31
R0004359,O0014529,C06858,2025-08-14,Changed Mind,217.1
R0004360,O0041788,C01999,2026-03-31,Late Delivery,39.58
R0004361,O0028170,C00056,2026-08-21,Damaged,106.33
R0004362,O0005654,C00742,2025-03-01,Not as Expected,270.67
R0004363,O0016017,C04064,2026-04-05,Damaged,15.42
R0004364,O0052571,C04061,2025-10-01,Not as Expected,56.25
R0004365,O0043150,C04754,2025-07-26,Damaged,52.12
R0004366,O0051116,C04585,2026-03-01,Late Delivery,56.6
R0004367,O0004280,C01309,2026-04-14,Wrong Item,153.49
R0004368,O0007536,C00464,2025-02-18,Wrong Item,85.55
R0004369,O0032544,C01259,2026-06-18,Changed Mind,46.22
R0004370,O0028744,C05822,2026-08-04,Wrong Item,389.55
R0004371,O0040773,C00310,2026-04-09,Late Delivery,36.15
R0004372,O0019565,C00553,2025-08-26,Late Delivery,21.43
R0004373,O0028952,C05574,2025-07-21,Wrong Item,4.46
R0004374,O0029221,C00647,2026-06-02,Damaged,17.34
R0004375,O0017965,C04848,2026-03-02,Wrong Item,209.05
R0004376,O0016813,C05787,2026-01-03,Not as Expected,155.99
R0004377,O0057711,C01153,2026-08-16,Changed Mind,24.09
R0004378,O0055772,C02570,2026-03-23,Wrong Item,105.92
R0004379,O0007980,C06128,2026-07-07,Late Delivery,98.96
R0004380,O0059319,C02107,2026-03-25,Late Delivery,529.25
R0004381,O0036376,C02866,2025-02-27,Not as Expected,23.43
R0004382,O0039219,C04004,2026-07-04,Changed Mind,8.12
R0004383,O0030075,C00512,2025-10-12,Not as Expected,163.82
R0004384,O0037195,C00002,2026-02-15,Late Delivery,14.91
R0004385,O0034877,C03621,2026-07-13,Wrong Item,9.22
R0004386,O0030182,C04925,2025-10-29,Changed Mind,18.88
R0004387,O0024642,C06053,2026-08-28,Late Delivery,119.95
R0004388,O0049315,C01386,2025-05-28,Not as Expected,523.63
R0004389,O0053431,C02240,2026-05-19,Late Delivery,281.16
R0004390,O0037334,C02153,2025-06-25,Damaged,34.41
R0004391,O0017757,C01800,2026-01-21,Wrong Item,10.85
R0004392,O0049521,C06279,2025-04-18,Wrong Item,22.6
R0004393,O0038282,C03078,2025-11-02,Late Delivery,25.72
R0004394,O0019500,C04335,2025-12-09,Wrong Item,234.81
R0004395,O0023446,C02831,2026-06-23,Wrong Item,113.3
R0004396,O0022149,C04109,2025-04-02,Damaged,58.32
R0004397,O0055900,C07954,2026-07-29,Late Delivery,93.12
R0004398,O0024782,C00892,2025-08-03,Not as Expected,533.64
R0004399,O0036973,C00753,2025-05-06,Changed Mind,112.52
R0004400,O0054498,C06407,2026-07-28,Changed Mind,16.4
R0004401,O0034640,C02660,2026-04-26,Late Delivery,144.98
R0004402,O0018242,C05218,2025-03-05,Late Delivery,30.51
R0004403,O0031367,C07756,2026-05-22,Wrong Item,76.59
R0004404,O0059513,C07057,2025-02-23,Wrong Item,78.69
R0004405,O0038151,C04821,2026-08-19,Not as Expected,113.92
R0004406,O0046001,C00414,2025-10-28,Damaged,28.97
R0004407,O0000857,C01510,2026-07-09,Damaged,20.55
R0004408,O0016463,C00674,2025-09-21,Wrong Item,19.07
R0004409,O0043827,C04934,2025-10-01,Wrong Item,111.34
R0004410,O0031693,C04000,2025-05-20,Wrong Item,7.34
R0004411,O0053199,C03584,2025-03-29,Wrong Item,275.05
R0004412,O0048112,C06397,2025-12-06,Damaged,91.19
R0004413,O0019470,C02159,2025-10-18,Wrong Item,193.44
R0004414,O0058158,C05280,2025-11-13,Late Delivery,34.3
R0004415,O0016886,C02430,2025-05-22,Changed Mind,89.16
R0004416,O0005280,C05023,2025-03-11,Late Delivery,29.5
R0004417,O0009312,C00162,2025-11-21,Changed Mind,163.07
R0004418,O0051735,C01794,2025-02-24,Wrong Item,116.16
R0004419,O0038603,C00852,2026-06-21,Changed Mind,466.17
R0004420,O0003498,C02551,2025-03-31,Not as Expected,233.7
R0004421,O0010610,C04096,2026-03-28,Not as Expected,50.41
R0004422,O0017787,C06991,2026-06-19,Not as Expected,175.13
R0004423,O0038736,C07922,2025-06-24,Wrong Item,37.85
R0004424,O0037442,C07464,2025-01-31,Not as Expected,126.29
R0004425,O0016658,C01910,2025-09-27,Wrong Item,11.62
R0004426,O0052148,C06268,2025-03-14,Damaged,19.14
R0004427,O0053096,C01198,2026-07-21,Late Delivery,219.85
R0004428,O0027322,C06040,2026-01-06,Changed Mind,16.43
R0004429,O0008543,C06086,2026-07-13,Late Delivery,12.6
R0004430,O0045606,C05591,2025-10-05,Damaged,408.69
R0004431,O0014181,C06203,2025-02-08,Damaged,28.32
R0004432,O0051283,C02146,2026-07-10,Late Delivery,10.7
R0004433,O0026892,C07577,2025-12-06,Wrong Item,4.5
R0004434,O0058411,C05598,2025-12-23,Damaged,211.7
R0004435,O0022477,C01958,2026-09-07,Not as Expected,6.31
R0004436,O0018877,C03191,2026-01-11,Late Delivery,51.1
R0004437,O0031972,C07893,2025-11-21,Late Delivery,32.3
R0004438,O0023362,C00015,2025-07-23,Late Delivery,73.99
R0004439,O0001774,C06524,2025-12-17,Damaged,145.3
R0004440,O0002133,C03227,2025-06-27,Late Delivery,331.79
R0004441,O0009783,C07589,2026-04-03,Changed Mind,31.77
R0004442,O0040331,C04275,2025-11-16,Not as Expected,123.5
R0004443,O0024385,C03675,2025-02-28,Damaged,22.03
R0004444,O0042225,C03293,2026-05-27,Wrong Item,13.85
R0004445,O0003468,C03520,2025-12-31,Not as Expected,131.47
R0004446,O0059377,C05992,2026-03-24,Late Delivery,14.18
R0004447,O0009820,C01088,2026-07-19,Damaged,17.91
R0004448,O0019416,C00714,2025-11-09,Changed Mind,47.28
R0004449,O0009534,C05123,2026-08-16,Late Delivery,240.07
R0004450,O0017249,C01914,2025-10-20,Late Delivery,8.46
R0004451,O0039530,C03434,2025-10-07,Not as Expected,568.82
R0004452,O0038323,C02949,2026-06-23,Wrong Item,184.37
R0004453,O0038725,C01559,2025-02-14,Wrong Item,16.05
R0004454,O0031976,C00976,2026-09-01,Wrong Item,110.66
R0004455,O0042965,C01678,2025-01-28,Late Delivery,28.77
R0004456,O0042943,C02299,2025-10-08,Not as Expected,75.55
R0004457,O0048558,C07345,2025-06-09,Wrong Item,37.65
R0004458,O0001127,C01838,2025-11-09,Wrong Item,24.83
R0004459,O0034328,C06227,2026-04-21,Not as Expected,215.13
R0004460,O0012457,C01288,2025-09-24,Damaged,8.62
R0004461,O0035611,C04406,2026-07-05,Wrong Item,82.09
R0004462,O0059077,C03172,2025-01-10,Changed Mind,106.18
R0004463,O0006975,C06440,2025-08-28,Late Delivery,15.98
R0004464,O0056475,C05672,2026-08-02,Not as Expected,287.17
R0004465,O0045661,C03134,2025-10-26,Late Delivery,17.52
R0004466,O0007138,C05040,2026-02-01,Not as Expected,63.86
R0004467,O0005173,C07272,2025-05-20,Damaged,113.11
R0004468,O0039430,C01372,2026-07-29,Damaged,124.69
R0004469,O0038481,C02792,2025-11-11,Not as Expected,113.15
R0004470,O0002312,C03813,2026-08-11,Late Delivery,478.6
R0004471,O0029760,C05731,2026-06-11,Not as Expected,47.9
R0004472,O0037549,C03775,2026-08-05,Wrong Item,237.05
R0004473,O0047649,C00695,2026-09-07,Changed Mind,75.45
R0004474,O0025733,C01119,2026-04-08,Late Delivery,83.14
R0004475,O0002746,C05618,2025-05-25,Damaged,78.08
R0004476,O0001938,C03877,2025-06-02,Wrong Item,116.11
R0004477,O0029383,C07176,2026-01-11,Changed Mind,28.6
R0004478,O0004999,C02431,2026-06-30,Wrong Item,48.53
R0004479,O0018101,C00807,2026-05-22,Late Delivery,39.73
R0004480,O0033061,C04904,2025-01-28,Damaged,1248.36
R0004481,O0018258,C02023,2025-07-17,Not as Expected,78.22
R0004482,O0050632,C05307,2025-08-20,Wrong Item,64.95
R0004483,O0027871,C01119,2025-10-23,Not as Expected,55.03
R0004484,O0051849,C01541,2025-07-24,Late Delivery,6.98
R0004485,O0018497,C07632,2026-08-30,Changed Mind,71.27
R0004486,O0021743,C00209,2025-11-21,Late Delivery,13.35
R0004487,O0034372,C07172,2026-08-18,Late Delivery,33.08
R0004488,O0044142,C02157,2025-05-06,Not as Expected,71.65
R0004489,O0021959,C07793,2025-11-16,Changed Mind,152.05
R0004490,O0058730,C04984,2026-08-08,Not as Expected,76.94
R0004491,O0045411,C02663,2025-05-29,Not as Expected,70.11
R0004492,O0027262,C01466,2025-10-20,Not as Expected,686.97
R0004493,O0041449,C07985,2025-03-26,Late Delivery,166.35
R0004494,O0020941,C00502,2026-05-27,Late Delivery,45.73
R0004495,O0045455,C07339,2026-01-13,Changed Mind,65.54
R0004496,O0024837,C01319,2025-11-15,Late Delivery,160.58
R0004497,O0045124,C03753,2025-11-20,Not as Expected,213.98
R0004498,O0056971,C01954,2026-07-21,Wrong Item,17.89
R0004499,O0044083,C05310,2025-11-29,Late Delivery,102.7
R0004500,O0007554,C01877,2026-06-12,Late Delivery,40.98
R0004501,O0008383,C02995,2026-06-03,Not as Expected,7.36
R0004502,O0033976,C02751,2025-02-06,Wrong Item,32.92
R0004503,O0034610,C02146,2025-08-21,Damaged,365.96
R0004504,O0016621,C05520,2025-07-31,Wrong Item,21.34
R0004505,O0052647,C01734,2026-07-10,Not as Expected,48.16
R0004506,O0036266,C02303,2025-07-27,Damaged,9.19
R0004507,O0027339,C02049,2025-02-14,Damaged,56.99
R0004508,O0011580,C06257,2025-12-05,Damaged,22.41
R0004509,O0050706,C06336,2026-08-27,Damaged,9.16
R0004510,O0023773,C07878,2026-08-13,Late Delivery,40.0
R0004511,O0031876,C05693,2025-10-19,Changed Mind,3181.92
R0004512,O0018033,C04951,2025-05-05,Changed Mind,100.87
R0004513,O0033120,C01777,2026-06-25,Wrong Item,97.71
R0004514,O0035774,C05977,2026-08-01,Not as Expected,272.76
R0004515,O0005894,C04356,2025-02-09,Not as Expected,34.07
R0004516,O0019342,C02860,2026-09-02,Changed Mind,306.92
R0004517,O0014520,C01138,2025-05-17,Damaged,103.01
R0004518,O0045845,C06098,2025-10-25,Wrong Item,417.37
R0004519,O0053416,C01686,2025-04-21,Wrong Item,399.21
R0004520,O0017462,C05151,2026-06-24,Late Delivery,25.18
R0004521,O0002530,C03713,2026-03-15,Late Delivery,57.11
R0004522,O0044404,C01281,2025-10-12,Late Delivery,361.9
R0004523,O0052718,C06890,2026-01-19,Wrong Item,45.25
R0004524,O0001280,C05910,2026-06-18,Not as Expected,87.47
R0004525,O0026882,C02151,2025-11-25,Damaged,138.08
R0004526,O0016513,C04503,2025-12-03,Wrong Item,215.87
R0004527,O0033871,C02381,2025-05-28,Not as Expected,330.15
R0004528,O0026720,C06806,2025-10-08,Not as Expected,175.83
R0004529,O0053132,C06181,2025-03-02,Damaged,133.66
R0004530,O0027029,C06795,2025-12-17,Late Delivery,11.22
R0004531,O0025270,C02094,2026-01-14,Wrong Item,314.45
R0004532,O0056138,C01702,2025-09-20,Changed Mind,79.73
R0004533,O0047135,C03556,2026-09-14,Late Delivery,18.66
R0004534,O0033324,C05326,2026-07-21,Wrong Item,132.31
R0004535,O0028516,C00047,2025-09-18,Wrong Item,65.85
R0004536,O0037920,C00437,2026-09-06,Wrong Item,12.17
R0004537,O0034482,C04433,2026-01-01,Changed Mind,33.52
R0004538,O0011303,C04908,2026-01-02,Damaged,257.38
R0004539,O0037702,C03281,2025-03-14,Late Delivery,43.5
R0004540,O0053835,C03577,2025-06-16,Not as Expected,70.38
R0004541,O0055471,C04486,2025-02-13,Not as Expected,193.39
R0004542,O0052879,C06487,2026-08-06,Late Delivery,45.49
R0004543,O0046619,C02931,2025-03-23,Late Delivery,473.34
R0004544,O0051211,C07308,2025-05-31,Not as Expected,5.13
R0004545,O0006020,C02618,2026-08-22,Late Delivery,50.69
R0004546,O0007687,C07918,2026-04-05,Late Delivery,17.0
R0004547,O0054725,C05038,2026-02-21,Late Delivery,37.56
R0004548,O0002492,C00956,2025-03-23,Wrong Item,242.36
R0004549,O0004797,C02355,2025-05-08,Changed Mind,7.94
R0004550,O0009972,C02986,2025-10-04,Wrong Item,161.83
R0004551,O0007834,C01194,2026-06-16,Damaged,204.97
R0004552,O0028209,C04494,2025-12-22,Late Delivery,62.2
R0004553,O0052493,C07795,2025-12-29,Not as Expected,891.79
R0004554,O0017186,C06479,2025-04-20,Damaged,51.71
R0004555,O0015898,C05695,2025-10-06,Wrong Item,2531.81
R0004556,O0045723,C05499,2026-08-18,Changed Mind,44.36
R0004557,O0019118,C01050,2025-12-16,Not as Expected,538.82
R0004558,O0024041,C03376,2025-03-10,Not as Expected,325.67
R0004559,O0048878,C07154,2025-07-13,Not as Expected,59.86
R0004560,O0033257,C07324,2025-07-15,Late Delivery,516.52
R0004561,O0032496,C06859,2025-06-15,Late Delivery,29.23
R0004562,O0021657,C02174,2025-06-21,Damaged,70.53
R0004563,O0058096,C04788,2025-12-20,Wrong Item,70.49
R0004564,O0050584,C05721,2025-03-16,Not as Expected,16.34
R0004565,O0023033,C02107,2025-01-26,Late Delivery,33.71
R0004566,O0040154,C07297,2025-05-06,Damaged,104.49
R0004567,O0053019,C00707,2025-04-13,Not as Expected,129.13
R0004568,O0033711,C02946,2025-08-02,Not as Expected,94.41
R0004569,O0022995,C01241,2025-02-20,Wrong Item,341.5
R0004570,O0035072,C00128,2025-12-31,Not as Expected,137.64
R0004571,O0019151,C00690,2026-08-13,Not as Expected,142.36
R0004572,O0014843,C07499,2026-06-11,Wrong Item,40.07
R0004573,O0001838,C05787,2025-12-06,Damaged,537.14
R0004574,O0002863,C00893,2025-02-18,Not as Expected,33.04
R0004575,O0054941,C05241,2025-06-18,Not as Expected,14.79
R0004576,O0002685,C05809,2026-07-24,Not as Expected,17.66
R0004577,O0014734,C06971,2026-07-04,Changed Mind,58.46
R0004578,O0003294,C00900,2026-06-23,Not as Expected,27.08
R0004579,O0052497,C00511,2025-07-13,Not as Expected,54.1
R0004580,O0015119,C07291,2025-10-27,Changed Mind,162.4
R0004581,O0036409,C02812,2025-03-18,Changed Mind,9.64
R0004582,O0032970,C07877,2026-08-17,Wrong Item,36.51
R0004583,O0054908,C03742,2026-06-30,Changed Mind,26.66
R0004584,O0031267,C01419,2025-06-14,Damaged,595.45
R0004585,O0042714,C01313,2025-02-20,Late Delivery,126.12
R0004586,O0045185,C03450,2026-04-14,Not as Expected,547.05
R0004587,O0021647,C02806,2026-06-17,Wrong Item,28.03
R0004588,O0039152,C04025,2026-07-10,Wrong Item,25.41
R0004589,O0007420,C06212,2025-10-11,Wrong Item,142.99
R0004590,O0012465,C04799,2025-12-13,Wrong Item,154.43
R0004591,O0024582,C05540,2025-09-17,Damaged,205.66
R0004592,O0009918,C03021,2026-04-14,Late Delivery,79.0
R0004593,O0032025,C06807,2026-01-13,Wrong Item,4.18
R0004594,O0058193,C07723,2025-06-20,Changed Mind,407.49
R0004595,O0035834,C06325,2025-12-29,Wrong Item,140.57
R0004596,O0032963,C07820,2025-03-07,Changed Mind,71.5
R0004597,O0029481,C05872,2025-11-19,Wrong Item,440.36
R0004598,O0027728,C04717,2025-02-17,Damaged,171.95
R0004599,O0043424,C00420,2025-07-12,Damaged,243.66
R0004600,O0035939,C07440,2026-05-30,Late Delivery,17.29
R0004601,O0008771,C05572,2026-06-13,Changed Mind,9.48
R0004602,O0039978,C07341,2025-08-18,Not as Expected,52.67
R0004603,O0030111,C00625,2025-07-28,Changed Mind,418.97
R0004604,O0004571,C01514,2026-09-10,Not as Expected,154.12
R0004605,O0030198,C00984,2025-07-19,Wrong Item,123.0
R0004606,O0050913,C00155,2025-12-02,Damaged,24.92
R0004607,O0034011,C03035,2025-05-16,Late Delivery,209.25
R0004608,O0028115,C03579,2025-10-10,Late Delivery,24.05
R0004609,O0030963,C06840,2026-04-25,Changed Mind,9.1
R0004610,O0029319,C01682,2025-11-19,Not as Expected,251.48
R0004611,O0026773,C04284,2026-08-29,Not as Expected,103.17
R0004612,O0043702,C00391,2026-07-16,Not as Expected,36.66
R0004613,O0022706,C03757,2025-02-26,Wrong Item,41.79
R0004614,O0028553,C07873,2026-02-16,Changed Mind,64.87
R0004615,O0027642,C01637,2026-05-05,Late Delivery,737.34
R0004616,O0017046,C00786,2026-04-02,Late Delivery,276.48
R0004617,O0002281,C00843,2025-02-10,Damaged,60.97
R0004618,O0033638,C05777,2025-09-08,Late Delivery,105.17
R0004619,O0056046,C06834,2026-08-28,Wrong Item,82.51
R0004620,O0037298,C01292,2025-03-16,Wrong Item,38.14
R0004621,O0015585,C03219,2025-10-11,Not as Expected,29.23
R0004622,O0035754,C04357,2025-03-24,Late Delivery,139.27
R0004623,O0008115,C01535,2025-09-18,Late Delivery,46.91
R0004624,O0016061,C00512,2026-04-25,Damaged,64.91
R0004625,O0035508,C01894,2025-12-29,Changed Mind,41.36
R0004626,O0059906,C00181,2026-04-11,Late Delivery,96.48
R0004627,O0031733,C06982,2025-08-24,Damaged,15.69
R0004628,O0004333,C03693,2026-07-17,Changed Mind,44.04
R0004629,O0004238,C07424,2026-06-29,Damaged,186.36
R0004630,O0051711,C04815,2025-05-30,Damaged,144.85
R0004631,O0048889,C00018,2025-01-30,Changed Mind,215.08
R0004632,O0055066,C07522,2025-01-18,Changed Mind,23.51
R0004633,O0033849,C05272,2026-03-25,Changed Mind,70.09
R0004634,O0040610,C02112,2025-12-26,Late Delivery,223.0
R0004635,O0042951,C04406,2025-04-16,Not as Expected,59.81
R0004636,O0043651,C03163,2025-08-04,Changed Mind,43.75
R0004637,O0045331,C04859,2026-01-16,Not as Expected,16.18
R0004638,O0012730,C03918,2025-01-17,Late Delivery,274.35
R0004639,O0010518,C07227,2026-07-07,Damaged,179.19
R0004640,O0036924,C05819,2025-03-16,Damaged,228.83
R0004641,O0013943,C07157,2025-10-08,Changed Mind,17.55
R0004642,O0033901,C06757,2026-01-13,Damaged,102.57
R0004643,O0032557,C04894,2025-11-29,Not as Expected,7.74
R0004644,O0026018,C05478,2025-04-10,Damaged,221.36
R0004645,O0028559,C04072,2025-07-11,Damaged,121.99
R0004646,O0027864,C01120,2025-02-17,Not as Expected,60.24
R0004647,O0049223,C07612,2026-05-08,Not as Expected,14.57
R0004648,O0043354,C04902,2025-04-02,Late Delivery,98.63
R0004649,O0020677,C02590,2025-08-22,Wrong Item,41.47
R0004650,O0019428,C06088,2026-02-02,Not as Expected,18.31
R0004651,O0057594,C02164,2025-10-01,Wrong Item,133.18
R0004652,O0052510,C00375,2026-07-23,Damaged,181.78
R0004653,O0004535,C01389,2026-09-15,Not as Expected,41.71
R0004654,O0014124,C00359,2025-06-13,Not as Expected,122.68
R0004655,O0014293,C06771,2026-02-18,Changed Mind,29.33
R0004656,O0013756,C00931,2025-10-15,Wrong Item,313.25
R0004657,O0017662,C01114,2025-07-17,Changed Mind,21.12
R0004658,O0009271,C06053,2025-08-18,Wrong Item,147.34
R0004659,O0035025,C00740,2026-02-03,Not as Expected,17.09
R0004660,O0010625,C07988,2025-12-13,Changed Mind,73.24
R0004661,O0009941,C04104,2026-03-15,Damaged,159.61
R0004662,O0021502,C06723,2026-03-10,Not as Expected,31.31
R0004663,O0006024,C02540,2025-08-09,Damaged,698.53
R0004664,O0038919,C01818,2025-02-18,Changed Mind,61.01
R0004665,O0043250,C05569,2026-03-07,Wrong Item,14.45
R0004666,O0007974,C03553,2025-08-20,Changed Mind,120.52
R0004667,O0044213,C01986,2025-05-09,Changed Mind,67.67
R0004668,O0038543,C03892,2026-01-20,Changed Mind,201.69
R0004669,O0000922,C00535,2026-05-25,Not as Expected,31.37
R0004670,O0021882,C01427,2025-10-07,Changed Mind,110.29
R0004671,O0056708,C02516,2026-04-28,Wrong Item,69.46
R0004672,O0055966,C05622,2025-06-16,Damaged,39.32
R0004673,O0056100,C06156,2025-09-07,Late Delivery,14.43
R0004674,O0015261,C04482,2026-01-01,Damaged,22.64
R0004675,O0031351,C01848,2025-10-22,Not as Expected,10.51
R0004676,O0059539,C04484,2025-10-13,Wrong Item,140.25
R0004677,O0046087,C07450,2025-04-29,Wrong Item,127.94
R0004678,O0026581,C04802,2025-11-30,Damaged,154.39
R0004679,O0002511,C02479,2025-07-18,Changed Mind,317.39
R0004680,O0053121,C07665,2025-02-05,Not as Expected,107.55
R0004681,O0015052,C04296,2025-08-10,Damaged,105.69
R0004682,O0034304,C07053,2025-04-02,Wrong Item,115.94
R0004683,O0045811,C06737,2026-05-04,Damaged,26.02
R0004684,O0058201,C01776,2026-02-13,Wrong Item,64.52
R0004685,O0036217,C06336,2025-11-19,Damaged,109.38
R0004686,O0007403,C04455,2026-08-13,Changed Mind,103.99
R0004687,O0052680,C04307,2026-03-29,Damaged,4.09
R0004688,O0046941,C01373,2025-04-10,Wrong Item,123.01
R0004689,O0002130,C06796,2025-08-20,Late Delivery,206.43
R0004690,O0020651,C04868,2026-08-13,Wrong Item,10.93
R0004691,O0029914,C07744,2026-07-15,Wrong Item,417.28
R0004692,O0016281,C00049,2025-12-12,Wrong Item,157.45
R0004693,O0042888,C07953,2025-03-08,Damaged,29.89
R0004694,O0058941,C03105,2026-02-05,Damaged,75.65
R0004695,O0050328,C01827,2025-10-06,Late Delivery,107.11
R0004696,O0058488,C04651,2025-02-26,Changed Mind,6.68
R0004697,O0049820,C02671,2025-12-07,Wrong Item,1465.74
R0004698,O0058053,C05609,2026-06-08,Wrong Item,22.44
R0004699,O0044461,C02164,2025-12-18,Wrong Item,8.69
R0004700,O0043083,C00110,2025-12-07,Late Delivery,26.27
R0004701,O0024113,C03968,2026-01-08,Wrong Item,241.86
R0004702,O0046437,C05982,2025-04-18,Changed Mind,198.72
R0004703,O0027104,C06387,2025-05-30,Wrong Item,22.43
R0004704,O0005448,C01166,2025-06-13,Late Delivery,53.72
R0004705,O0042999,C02718,2025-12-17,Not as Expected,37.66
R0004706,O0030455,C04061,2025-10-28,Changed Mind,84.79
R0004707,O0024592,C01282,2026-07-31,Damaged,383.24
R0004708,O0009710,C06073,2026-07-26,Wrong Item,16.54
R0004709,O0047678,C07208,2026-04-01,Damaged,478.85
R0004710,O0020588,C04664,2025-05-01,Wrong Item,164.88
R0004711,O0017345,C02883,2025-09-28,Damaged,23.67
R0004712,O0006964,C02399,2026-06-25,Not as Expected,54.53
R0004713,O0033811,C01602,2026-08-20,Changed Mind,182.23
R0004714,O0043650,C02297,2026-03-03,Changed Mind,84.1
R0004715,O0010357,C04777,2026-04-25,Wrong Item,75.88
R0004716,O0055015,C07754,2025-05-13,Late Delivery,445.58
R0004717,O0038173,C04380,2025-12-11,Not as Expected,116.7
R0004718,O0030055,C06505,2025-12-02,Not as Expected,43.15
R0004719,O0055548,C04436,2025-01-31,Wrong Item,79.57
R0004720,O0007124,C05093,2025-02-06,Damaged,387.0
R0004721,O0054560,C04430,2025-08-29,Late Delivery,312.93
R0004722,O0015497,C05537,2025-02-13,Late Delivery,60.21
R0004723,O0026712,C00017,2025-10-13,Changed Mind,110.23
R0004724,O0015608,C02017,2025-02-15,Changed Mind,351.45
R0004725,O0023167,C03259,2025-03-27,Wrong Item,149.95
R0004726,O0022855,C05650,2025-05-10,Damaged,44.43
R0004727,O0001771,C05717,2025-03-11,Wrong Item,50.21
R0004728,O0008811,C03914,2025-11-19,Changed Mind,20.52
R0004729,O0041710,C07961,2026-09-17,Late Delivery,10.33
R0004730,O0026737,C04749,2026-09-08,Wrong Item,8.04
R0004731,O0037818,C01167,2025-10-27,Wrong Item,9.35
R0004732,O0049370,C00230,2025-02-07,Wrong Item,360.32
R0004733,O0049270,C06699,2025-08-23,Late Delivery,50.45
R0004734,O0021133,C07504,2025-05-15,Not as Expected,35.33
R0004735,O0022905,C05508,2026-04-02,Late Delivery,53.4
R0004736,O0001317,C01331,2025-03-23,Damaged,16.29
R0004737,O0046201,C07983,2026-04-22,Not as Expected,7.96
R0004738,O0057410,C04841,2025-02-07,Changed Mind,18.18
R0004739,O0038162,C02931,2025-10-04,Changed Mind,51.01
R0004740,O0031488,C04094,2026-09-05,Late Delivery,299.61
R0004741,O0042607,C03377,2025-04-08,Changed Mind,35.58
R0004742,O0012349,C07965,2025-07-01,Damaged,56.26
R0004743,O0012365,C02844,2026-07-18,Not as Expected,93.64
R0004744,O0022702,C06576,2026-02-01,Wrong Item,111.19
R0004745,O0054265,C07917,2025-09-30,Wrong Item,35.62
R0004746,O0010499,C02878,2026-05-26,Damaged,19.11
R0004747,O0041230,C04107,2026-03-16,Not as Expected,43.77
R0004748,O0056417,C05632,2026-03-23,Damaged,60.92
R0004749,O0026363,C05061,2026-04-13,Changed Mind,31.5
R0004750,O0053277,C00676,2025-02-18,Not as Expected,77.21
R0004751,O0040386,C04510,2026-08-18,Not as Expected,80.43
R0004752,O0026753,C00205,2025-07-26,Wrong Item,82.57
R0004753,O0004804,C00672,2025-03-23,Late Delivery,141.86
R0004754,O0015270,C01648,2025-07-03,Wrong Item,24.8
R0004755,O0028768,C06453,2026-04-01,Not as Expected,15.08
R0004756,O0046561,C05250,2026-09-14,Changed Mind,12.77
R0004757,O0035760,C05312,2026-07-29,Changed Mind,51.4
R0004758,O0058681,C02126,2025-09-24,Not as Expected,76.32
R0004759,O0014110,C02197,2025-11-02,Not as Expected,67.27
R0004760,O0024204,C05878,2025-07-31,Damaged,88.61
R0004761,O0026209,C06884,2026-08-02,Not as Expected,284.9
R0004762,O0015798,C06282,2025-11-01,Damaged,57.25
R0004763,O0020022,C00536,2025-10-07,Damaged,394.59
R0004764,O0018085,C00620,2025-11-27,Not as Expected,117.77
R0004765,O0036304,C07037,2025-12-03,Damaged,12.18
R0004766,O0028566,C04957,2025-02-25,Changed Mind,50.43
R0004767,O0049254,C00312,2026-06-10,Late Delivery,16.03
R0004768,O0017683,C03908,2025-12-08,Damaged,96.73
R0004769,O0042710,C07107,2025-12-20,Changed Mind,45.65
R0004770,O0036255,C03371,2026-03-15,Changed Mind,82.62
R0004771,O0021879,C00301,2025-12-11,Late Delivery,146.87
R0004772,O0022373,C03408,2026-01-26,Not as Expected,41.86
R0004773,O0006871,C07786,2026-05-08,Late Delivery,48.54
R0004774,O0049330,C00992,2025-05-09,Damaged,61.92
R0004775,O0036297,C02868,2026-08-03,Changed Mind,145.73
R0004776,O0008344,C00541,2026-07-04,Not as Expected,240.72
R0004777,O0028297,C01374,2025-10-14,Changed Mind,54.36
R0004778,O0043500,C05075,2025-08-28,Changed Mind,93.0
R0004779,O0016394,C03401,2026-06-23,Changed Mind,143.24
R0004780,O0010039,C01405,2026-07-04,Late Delivery,40.3
R0004781,O0030420,C00664,2026-06-21,Changed Mind,113.89
R0004782,O0031054,C02634,2025-12-15,Not as Expected,52.43
R0004783,O0048807,C07815,2025-10-01,Late Delivery,18.47
R0004784,O0019062,C01945,2025-11-13,Not as Expected,258.14
R0004785,O0001856,C00138,2025-10-09,Late Delivery,155.91
R0004786,O0001594,C00737,2026-07-06,Changed Mind,26.03
R0004787,O0009446,C05336,2025-04-14,Late Delivery,142.5
R0004788,O0003401,C03185,2026-07-25,Damaged,16.91
R0004789,O0045949,C03100,2026-06-26,Not as Expected,23.37
R0004790,O0032795,C07471,2026-01-09,Wrong Item,33.29
R0004791,O0001926,C04974,2026-04-12,Not as Expected,144.1
R0004792,O0049417,C04765,2026-01-27,Changed Mind,73.59
R0004793,O0017251,C06014,2025-09-22,Damaged,97.74
R0004794,O0028335,C04719,2026-01-16,Damaged,164.33
R0004795,O0054415,C02789,2026-01-25,Late Delivery,475.67
R0004796,O0004029,C01007,2026-08-27,Damaged,79.51
R0004797,O0036763,C07189,2026-03-30,Damaged,30.28
R0004798,O0016305,C05110,2025-12-21,Wrong Item,27.55
R0004799,O0034466,C07574,2025-06-01,Damaged,4.68
R0004800,O0035546,C00158,2026-01-12,Changed Mind,98.73
R0004801,O0048524,C05271,2025-07-20,Not as Expected,95.24
R0004802,O0008014,C03315,2025-03-17,Wrong Item,18.63
R0004803,O0013009,C00783,2026-09-04,Not as Expected,50.85
R0004804,O0056631,C02479,2025-08-06,Late Delivery,32.04
R0004805,O0048370,C07704,2025-06-20,Not as Expected,173.53
R0004806,O0000642,C05729,2025-11-21,Changed Mind,249.23
R0004807,O0038228,C04331,2026-05-17,Wrong Item,528.62
R0004808,O0041990,C02794,2026-01-05,Late Delivery,109.61
R0004809,O0042922,C05470,2025-10-01,Not as Expected,303.65
R0004810,O0029700,C06488,2025-05-13,Damaged,23.92
R0004811,O0023776,C03362,2026-03-24,Damaged,29.08
R0004812,O0015902,C04137,2025-08-17,Wrong Item,99.83
R0004813,O0022870,C00068,2025-02-23,Not as Expected,212.18
R0004814,O0043085,C02027,2025-05-14,Wrong Item,17.61
R0004815,O0015097,C03683,2026-05-22,Late Delivery,41.21
R0004816,O0018596,C00517,2026-08-12,Not as Expected,37.03
R0004817,O0009805,C01296,2025-12-21,Not as Expected,171.05
R0004818,O0013443,C02911,2026-08-21,Damaged,7.13
R0004819,O0013428,C04358,2025-02-06,Late Delivery,25.9
R0004820,O0019205,C00228,2026-02-06,Not as Expected,21.2
R0004821,O0030427,C05873,2025-05-30,Late Delivery,46.51
R0004822,O0041369,C07369,2026-06-30,Changed Mind,23.24
R0004823,O0048069,C05102,2025-12-30,Not as Expected,146.47
R0004824,O0022114,C01032,2026-08-10,Late Delivery,24.68
R0004825,O0014321,C00032,2025-06-06,Not as Expected,27.17
R0004826,O0020222,C03700,2026-08-14,Late Delivery,46.89
R0004827,O0030552,C07970,2026-07-24,Not as Expected,420.69
R0004828,O0040813,C07544,2025-02-05,Not as Expected,16.69
R0004829,O0043825,C07804,2026-07-31,Changed Mind,184.63
R0004830,O0043948,C03017,2026-04-13,Changed Mind,258.26
R0004831,O0030992,C02399,2026-03-21,Wrong Item,25.06
R0004832,O0046510,C03847,2026-01-17,Wrong Item,148.87
R0004833,O0047755,C06861,2026-06-04,Changed Mind,157.15
R0004834,O0038217,C06729,2025-07-24,Wrong Item,99.61
R0004835,O0012151,C07810,2025-08-01,Late Delivery,132.84
R0004836,O0030602,C02890,2025-07-02,Wrong Item,27.41
R0004837,O0033337,C03358,2026-03-29,Late Delivery,55.43
R0004838,O0005091,C01057,2026-04-12,Damaged,27.93
R0004839,O0054480,C02205,2026-05-17,Not as Expected,217.08
R0004840,O0006095,C05517,2025-07-20,Not as Expected,33.68
R0004841,O0022020,C00711,2025-09-01,Late Delivery,132.5
R0004842,O0006092,C02050,2026-07-27,Wrong Item,290.03
R0004843,O0052340,C01582,2025-03-19,Damaged,15.62
R0004844,O0052187,C02048,2025-09-07,Wrong Item,75.79
R0004845,O0012745,C05521,2025-02-12,Not as Expected,88.85
R0004846,O0035670,C06661,2026-07-01,Damaged,29.2
R0004847,O0043324,C06040,2026-04-19,Changed Mind,9.11
R0004848,O0029301,C00385,2025-09-09,Late Delivery,578.09
R0004849,O0013016,C03466,2026-06-01,Late Delivery,52.81
R0004850,O0042473,C00095,2025-10-18,Damaged,8.39
R0004851,O0021223,C00089,2026-08-23,Wrong Item,45.58
R0004852,O0005828,C05965,2026-07-24,Damaged,49.91
R0004853,O0031724,C07098,2025-06-30,Wrong Item,21.87
R0004854,O0015014,C07406,2026-07-16,Wrong Item,32.83
R0004855,O0039303,C04406,2025-09-18,Wrong Item,56.45
R0004856,O0016849,C00395,2025-12-25,Changed Mind,5.72
R0004857,O0052430,C06695,2025-08-27,Not as Expected,108.77
R0004858,O0004213,C07080,2026-04-10,Changed Mind,126.03
R0004859,O0046935,C05310,2026-06-26,Not as Expected,87.82
R0004860,O0011954,C06281,2026-05-24,Wrong Item,152.93
R0004861,O0059062,C04115,2025-09-22,Wrong Item,18.24
R0004862,O0040106,C02374,2026-08-07,Wrong Item,33.96
R0004863,O0042280,C04050,2026-06-04,Damaged,39.27
R0004864,O0013354,C01297,2026-08-05,Wrong Item,205.24
R0004865,O0047282,C02989,2026-03-17,Wrong Item,53.66
R0004866,O0053616,C00147,2026-05-01,Not as Expected,53.9
R0004867,O0009364,C05607,2025-05-02,Not as Expected,161.74
R0004868,O0049072,C06402,2025-04-22,Changed Mind,79.24
R0004869,O0053933,C03916,2025-09-01,Damaged,155.09
R0004870,O0042839,C00752,2026-09-15,Changed Mind,178.22
R0004871,O0001189,C07129,2026-02-08,Not as Expected,260.76
R0004872,O0009069,C03608,2025-09-26,Late Delivery,65.76
R0004873,O0030019,C07527,2025-05-23,Late Delivery,257.23
R0004874,O0050673,C06562,2025-03-18,Wrong Item,73.02
R0004875,O0024690,C05854,2025-03-14,Wrong Item,35.57
R0004876,O0049129,C01104,2025-09-18,Changed Mind,572.48
R0004877,O0004929,C06951,2025-01-30,Wrong Item,125.86
R0004878,O0046869,C03628,2025-12-10,Damaged,176.97
R0004879,O0014846,C02802,2025-06-03,Changed Mind,3.94
R0004880,O0000752,C04395,2025-12-12,Changed Mind,44.15
R0004881,O0036590,C07991,2025-12-03,Late Delivery,32.66
R0004882,O0035551,C04036,2026-07-04,Damaged,9.97
R0004883,O0036399,C01586,2025-07-24,Late Delivery,129.66
R0004884,O0001551,C05630,2025-04-09,Wrong Item,97.32
R0004885,O0016220,C04747,2025-01-28,Not as Expected,68.91
R0004886,O0031732,C05707,2026-08-29,Damaged,65.68
R0004887,O0020725,C07229,2025-06-19,Damaged,95.64
R0004888,O0001640,C01248,2025-10-06,Late Delivery,210.4
R0004889,O0000250,C07118,2025-08-29,Changed Mind,203.69
R0004890,O0055458,C05972,2026-04-18,Not as Expected,196.62
R0004891,O0058357,C00940,2025-12-22,Changed Mind,137.11
R0004892,O0011678,C07344,2026-09-14,Wrong Item,31.72
R0004893,O0022046,C01687,2025-09-24,Not as Expected,73.99
R0004894,O0011801,C01167,2026-07-30,Damaged,161.33
R0004895,O0042341,C05935,2026-06-22,Damaged,74.16
R0004896,O0056053,C05707,2026-08-28,Changed Mind,21.08
R0004897,O0054971,C02016,2026-01-31,Damaged,305.62
R0004898,O0046888,C01704,2025-02-08,Wrong Item,15.1
R0004899,O0041937,C07929,2025-08-19,Changed Mind,118.93
R0004900,O0036497,C06304,2025-04-23,Wrong Item,12.18
R0004901,O0055340,C07619,2026-03-07,Damaged,36.61
R0004902,O0019235,C07435,2025-06-15,Not as Expected,152.57
R0004903,O0013444,C06270,2026-02-13,Damaged,248.79
R0004904,O0021222,C05829,2025-11-15,Changed Mind,98.48
R0004905,O0004668,C04875,2025-12-09,Damaged,14.84
R0004906,O0026778,C01611,2026-08-10,Not as Expected,23.34
R0004907,O0034595,C00700,2026-02-28,Late Delivery,28.11
R0004908,O0022865,C06705,2025-05-25,Wrong Item,20.59
R0004909,O0049869,C07659,2025-12-21,Damaged,48.69
R0004910,O0034552,C02810,2026-05-12,Changed Mind,75.16
R0004911,O0044446,C06576,2025-12-28,Damaged,84.28
R0004912,O0027387,C04681,2025-02-25,Changed Mind,195.34
R0004913,O0031139,C02867,2026-08-17,Changed Mind,38.48
R0004914,O0041388,C03271,2026-03-31,Wrong Item,36.94
R0004915,O0034644,C04764,2026-05-20,Wrong Item,16.17
R0004916,O0035948,C06063,2025-05-16,Late Delivery,249.93
R0004917,O0049440,C07382,2026-04-09,Not as Expected,339.41
R0004918,O0052901,C00420,2026-07-25,Wrong Item,58.43
R0004919,O0021356,C00055,2026-01-01,Wrong Item,15.71
R0004920,O0027563,C05757,2025-06-19,Wrong Item,199.08
R0004921,O0030117,C03402,2026-06-04,Changed Mind,10.75
R0004922,O0008827,C00255,2026-01-20,Wrong Item,106.82
R0004923,O0034697,C07136,2025-08-05,Wrong Item,80.65
R0004924,O0040993,C07630,2025-11-27,Wrong Item,216.14
R0004925,O0029958,C04933,2025-05-03,Not as Expected,173.66
R0004926,O0046279,C07806,2026-03-27,Wrong Item,19.18
R0004927,O0052668,C05934,2025-06-11,Changed Mind,173.19
R0004928,O0019025,C02990,2026-05-20,Not as Expected,182.99
R0004929,O0055865,C03682,2025-10-28,Not as Expected,70.07
R0004930,O0035649,C00879,2025-03-16,Wrong Item,56.59
R0004931,O0054441,C01436,2026-09-15,Changed Mind,72.86
R0004932,O0008156,C00827,2026-01-01,Not as Expected,57.55
R0004933,O0011385,C05646,2026-05-25,Changed Mind,17.96
R0004934,O0054420,C04703,2026-06-27,Late Delivery,109.43
R0004935,O0018323,C04846,2026-07-01,Wrong Item,87.46
R0004936,O0051156,C04316,2025-11-20,Changed Mind,121.72
R0004937,O0033040,C02532,2026-06-03,Not as Expected,161.52
R0004938,O0057219,C05999,2025-01-07,Damaged,7.12
R0004939,O0016565,C06821,2026-07-09,Late Delivery,53.5
R0004940,O0008614,C03458,2026-08-07,Damaged,12.94
R0004941,O0015625,C02928,2025-07-25,Late Delivery,93.11
R0004942,O0023613,C04988,2025-09-16,Wrong Item,50.1
R0004943,O0036131,C05461,2025-06-13,Changed Mind,199.59
R0004944,O0017198,C02651,2026-01-17,Wrong Item,177.12
R0004945,O0043776,C06569,2025-05-01,Not as Expected,16.59
R0004946,O0049934,C07005,2025-08-17,Damaged,3.7
R0004947,O0031230,C00049,2026-01-01,Late Delivery,4.33
R0004948,O0022379,C02644,2025-11-24,Changed Mind,235.58
R0004949,O0016361,C05510,2025-05-03,Late Delivery,44.4
R0004950,O0000947,C06697,2025-06-06,Damaged,12.0
R0004951,O0059331,C00901,2025-07-22,Changed Mind,97.96
R0004952,O0042589,C04582,2025-06-19,Damaged,126.12
R0004953,O0006326,C06062,2026-08-17,Wrong Item,40.33
R0004954,O0029743,C01562,2026-03-07,Changed Mind,60.1
R0004955,O0051387,C03755,2026-05-24,Late Delivery,88.2
R0004956,O0037916,C07279,2025-04-26,Changed Mind,147.26
R0004957,O0020336,C03278,2025-03-12,Changed Mind,42.26
R0004958,O0050949,C02589,2025-06-16,Damaged,9.44
R0004959,O0059889,C00453,2026-05-12,Late Delivery,27.7
R0004960,O0013866,C05950,2026-08-27,Changed Mind,349.96
R0004961,O0013100,C07664,2026-01-07,Changed Mind,57.93
R0004962,O0002731,C00627,2026-03-17,Changed Mind,57.18
R0004963,O0045766,C07891,2025-05-03,Changed Mind,97.74
R0004964,O0008434,C05892,2025-02-26,Changed Mind,152.09
R0004965,O0054260,C06199,2025-11-19,Changed Mind,38.31
R0004966,O0006375,C03539,2025-07-16,Wrong Item,107.11
R0004967,O0037341,C00757,2025-11-22,Wrong Item,11.37
R0004968,O0015978,C02578,2025-03-22,Changed Mind,100.72
R0004969,O0014971,C05748,2025-05-22,Damaged,201.14
R0004970,O0050832,C07545,2025-09-19,Changed Mind,153.18
R0004971,O0042266,C05214,2025-12-11,Changed Mind,273.89
R0004972,O0003629,C02894,2026-01-24,Late Delivery,60.16
R0004973,O0045856,C05392,2025-06-27,Not as Expected,23.21
R0004974,O0058678,C03027,2025-12-05,Damaged,18.38
R0004975,O0055650,C01049,2025-11-26,Changed Mind,29.8
R0004976,O0013957,C03121,2025-04-04,Damaged,24.21
R0004977,O0030585,C07215,2025-05-12,Late Delivery,66.44
R0004978,O0026479,C00125,2025-07-05,Wrong Item,6.48
R0004979,O0031275,C07884,2025-03-22,Not as Expected,155.06
R0004980,O0048867,C02606,2025-09-06,Late Delivery,19.25
R0004981,O0039225,C00264,2026-07-15,Changed Mind,116.88
R0004982,O0048585,C06394,2026-05-02,Damaged,69.68
R0004983,O0009569,C02306,2026-09-10,Damaged,39.96
R0004984,O0036966,C04121,2026-05-27,Damaged,10.27
R0004985,O0049848,C05915,2026-07-15,Damaged,344.88
R0004986,O0006443,C06378,2026-04-22,Wrong Item,228.95
R0004987,O0015467,C02679,2026-02-08,Not as Expected,61.95
R0004988,O0025103,C00910,2025-06-24,Late Delivery,251.35
R0004989,O0057808,C00044,2025-06-29,Damaged,25.78
R0004990,O0046341,C00619,2026-04-29,Wrong Item,110.62
R0004991,O0056767,C04285,2026-05-01,Changed Mind,24.03
R0004992,O0058447,C06562,2026-05-12,Not as Expected,69.44
R0004993,O0029238,C07872,2026-03-26,Late Delivery,253.7
R0004994,O0020471,C00828,2026-04-16,Changed Mind,105.2
R0004995,O0017276,C04752,2025-01-26,Not as Expected,25.31
R0004996,O0049772,C01204,2026-06-11,Damaged,50.09
R0004997,O0047496,C00063,2025-08-07,Damaged,36.02
R0004998,O0039176,C06973,2026-09-20,Late Delivery,42.88
R0004999,O0040229,C07020,2025-02-22,Not as Expected,101.87
R0005000,O0003394,C00846,2025-04-15,Damaged,66.57
R0005001,O0050367,C00020,2025-11-06,Late Delivery,492.91
R0005002,O0033989,C02651,2026-01-13,Late Delivery,25.64
R0005003,O0058932,C02034,2025-05-01,Not as Expected,66.79
R0005004,O0056878,C05086,2025-11-02,Late Delivery,240.92
R0005005,O0041983,C01788,2026-06-20,Changed Mind,285.59
R0005006,O0017900,C04146,2025-02-09,Not as Expected,52.62
R0005007,O0049020,C04582,2025-03-21,Changed Mind,55.31
R0005008,O0053484,C00995,2026-01-26,Wrong Item,21.68
R0005009,O0004141,C06240,2025-11-05,Wrong Item,33.3
R0005010,O0056061,C06673,2026-03-22,Wrong Item,221.64
R0005011,O0024185,C00973,2025-06-30,Not as Expected,30.58
R0005012,O0033857,C00726,2025-03-01,Late Delivery,65.33
R0005013,O0047791,C05338,2026-06-21,Wrong Item,140.74
R0005014,O0046448,C06010,2025-11-28,Changed Mind,101.84
R0005015,O0008794,C00878,2025-08-10,Not as Expected,157.15
R0005016,O0039103,C04109,2025-08-15,Not as Expected,402.7
R0005017,O0023618,C06458,2025-06-14,Not as Expected,213.88
R0005018,O0021449,C02599,2025-12-02,Wrong Item,157.36
R0005019,O0004250,C06510,2025-07-06,Changed Mind,13.36
R0005020,O0058765,C03599,2026-08-31,Wrong Item,19.67
R0005021,O0051215,C02428,2026-06-01,Damaged,48.33
R0005022,O0037924,C01333,2025-10-28,Wrong Item,66.11
R0005023,O0031913,C00634,2025-11-01,Changed Mind,24.61
R0005024,O0044447,C04824,2025-10-13,Damaged,55.71
R0005025,O0018378,C05229,2025-04-17,Late Delivery,8.8
R0005026,O0014381,C04937,2026-02-01,Damaged,15.91
R0005027,O0045248,C02666,2025-08-06,Changed Mind,163.21
R0005028,O0054328,C05021,2025-04-25,Late Delivery,88.25
R0005029,O0035729,C04451,2025-02-12,Late Delivery,380.43
R0005030,O0018998,C02941,2026-04-19,Changed Mind,40.06
R0005031,O0035201,C00536,2025-12-03,Late Delivery,39.66
R0005032,O0039898,C05469,2025-07-08,Wrong Item,113.44
R0005033,O0048544,C01104,2026-02-28,Not as Expected,95.82
R0005034,O0042174,C01594,2026-02-06,Damaged,131.57
R0005035,O0044782,C06479,2026-03-25,Damaged,17.98
R0005036,O0036639,C05446,2025-03-05,Changed Mind,267.02
R0005037,O0012520,C07927,2026-09-04,Wrong Item,57.87
R0005038,O0006156,C00722,2025-08-16,Not as Expected,176.61
R0005039,O0026871,C04702,2026-06-18,Not as Expected,98.66
R0005040,O0000435,C03078,2025-12-17,Late Delivery,1891.21
R0005041,O0046497,C02583,2026-03-06,Late Delivery,33.06
R0005042,O0041965,C05489,2026-05-29,Late Delivery,9.41
R0005043,O0048288,C02876,2026-05-27,Late Delivery,139.63
R0005044,O0014256,C07102,2026-01-03,Wrong Item,52.72
R0005045,O0024362,C01808,2025-04-29,Changed Mind,52.8
R0005046,O0048130,C05653,2025-08-24,Not as Expected,23.01
R0005047,O0037514,C04194,2026-05-11,Damaged,198.9
R0005048,O0022418,C03423,2025-09-23,Damaged,75.76
R0005049,O0053673,C07329,2025-10-28,Not as Expected,581.67
R0005050,O0040094,C07627,2026-07-03,Damaged,222.07
R0005051,O0032729,C06873,2025-07-11,Not as Expected,40.67
R0005052,O0003016,C04254,2025-05-24,Not as Expected,84.93
R0005053,O0021691,C00743,2026-09-16,Damaged,13.55
R0005054,O0036087,C03167,2026-01-16,Wrong Item,82.84
R0005055,O0009264,C06029,2026-01-21,Changed Mind,55.67
R0005056,O0051656,C04232,2025-11-09,Wrong Item,69.45
R0005057,O0027293,C03736,2025-12-26,Wrong Item,100.34
R0005058,O0038564,C00836,2026-03-14,Wrong Item,89.49
R0005059,O0000194,C03025,2026-08-27,Changed Mind,12.96
R0005060,O0046513,C01514,2025-07-13,Changed Mind,186.62
R0005061,O0032886,C05061,2025-08-11,Not as Expected,105.85
R0005062,O0044505,C04627,2026-02-05,Not as Expected,268.46
R0005063,O0016531,C01778,2025-04-17,Not as Expected,325.1
R0005064,O0021548,C03500,2025-11-10,Not as Expected,139.35
R0005065,O0049504,C02003,2026-05-15,Damaged,273.57
R0005066,O0009067,C05213,2026-01-30,Not as Expected,133.24
R0005067,O0006379,C01839,2025-12-31,Late Delivery,73.02
R0005068,O0035199,C06892,2025-05-04,Not as Expected,94.49
R0005069,O0046302,C02343,2025-12-11,Late Delivery,49.73
R0005070,O0000447,C06712,2026-07-04,Late Delivery,35.38
R0005071,O0034780,C07338,2025-04-23,Damaged,19.33
R0005072,O0011879,C03744,2026-08-09,Late Delivery,1134.65
R0005073,O0024676,C02977,2025-05-27,Changed Mind,79.84
R0005074,O0028004,C06295,2026-01-18,Damaged,55.73
R0005075,O0012073,C02569,2025-02-08,Wrong Item,248.78
R0005076,O0013179,C04235,2026-01-18,Not as Expected,25.83
R0005077,O0023634,C02872,2026-02-28,Not as Expected,143.11
R0005078,O0017392,C01213,2026-02-13,Not as Expected,53.0
R0005079,O0047039,C04877,2026-05-08,Changed Mind,51.27
R0005080,O0019639,C06735,2026-01-01,Changed Mind,164.36
R0005081,O0039136,C00849,2025-05-29,Wrong Item,321.54
R0005082,O0049669,C01336,2026-08-09,Damaged,69.06
R0005083,O0026602,C01913,2025-03-16,Not as Expected,247.73
R0005084,O0045963,C06769,2025-01-11,Damaged,131.39
R0005085,O0027232,C03489,2026-04-21,Not as Expected,590.06
R0005086,O0058866,C07734,2026-04-15,Late Delivery,308.49
R0005087,O0025130,C01499,2026-06-25,Wrong Item,23.65
R0005088,O0038372,C06336,2025-05-31,Changed Mind,23.99
R0005089,O0008984,C02208,2026-03-07,Late Delivery,222.72
R0005090,O0042438,C03080,2026-02-01,Changed Mind,29.29
R0005091,O0035635,C06671,2026-02-18,Changed Mind,110.28
R0005092,O0007067,C01963,2026-01-28,Late Delivery,31.32
R0005093,O0029998,C01593,2025-08-30,Damaged,17.55
R0005094,O0009236,C07453,2025-02-06,Wrong Item,25.39
R0005095,O0013385,C07371,2026-04-16,Late Delivery,55.86
R0005096,O0056775,C01293,2025-12-04,Damaged,71.43
R0005097,O0016744,C00991,2025-08-29,Late Delivery,4.89
R0005098,O0016106,C01911,2025-03-10,Changed Mind,8.94
R0005099,O0046826,C05824,2025-01-19,Wrong Item,102.02
R0005100,O0037231,C02466,2026-03-23,Changed Mind,11.97
R0005101,O0008339,C01937,2026-07-28,Late Delivery,87.42
R0005102,O0019557,C04894,2025-10-13,Changed Mind,73.45
R0005103,O0054007,C05166,2025-09-15,Not as Expected,53.99
R0005104,O0058165,C04905,2025-08-22,Not as Expected,765.04
R0005105,O0052218,C06281,2025-11-03,Late Delivery,67.29
R0005106,O0034603,C01129,2025-04-18,Wrong Item,221.02
R0005107,O0025906,C04408,2026-01-01,Late Delivery,11.82
R0005108,O0019124,C02170,2025-12-13,Wrong Item,28.12
R0005109,O0002193,C04040,2025-11-30,Late Delivery,75.19
R0005110,O0033332,C00716,2026-04-19,Wrong Item,17.98
R0005111,O0048420,C05743,2025-03-08,Late Delivery,39.35
R0005112,O0001100,C02843,2026-07-24,Damaged,32.16
R0005113,O0043801,C04197,2025-01-05,Damaged,21.41
R0005114,O0003208,C05152,2026-02-03,Late Delivery,36.02
R0005115,O0052777,C03250,2026-02-12,Late Delivery,211.08
R0005116,O0037373,C02261,2025-10-06,Wrong Item,132.53
R0005117,O0007141,C05532,2026-02-19,Not as Expected,30.99
R0005118,O0054530,C00612,2026-06-07,Wrong Item,105.44
R0005119,O0025564,C03046,2025-11-23,Wrong Item,14.52
R0005120,O0048311,C05421,2026-04-07,Wrong Item,40.51
R0005121,O0018763,C01438,2026-05-06,Not as Expected,18.93
R0005122,O0013820,C06872,2026-01-04,Not as Expected,12.81
R0005123,O0042212,C06989,2026-03-10,Not as Expected,126.11
R0005124,O0047006,C00010,2026-02-13,Wrong Item,142.76
R0005125,O0032749,C04385,2025-06-15,Wrong Item,9.56
R0005126,O0023836,C03912,2026-09-02,Wrong Item,84.16
R0005127,O0003857,C05651,2025-09-25,Wrong Item,79.09
R0005128,O0031046,C02062,2026-05-09,Damaged,19.85
R0005129,O0031255,C04775,2025-11-19,Late Delivery,78.33
R0005130,O0037510,C01235,2026-05-20,Late Delivery,51.24
R0005131,O0043374,C06628,2026-04-11,Wrong Item,21.97
R0005132,O0024893,C06945,2025-11-13,Not as Expected,143.17
R0005133,O0011312,C06121,2025-09-19,Changed Mind,657.54
R0005134,O0022068,C01524,2025-10-12,Damaged,54.72
R0005135,O0019481,C06374,2025-10-11,Not as Expected,112.43
R0005136,O0009293,C02672,2025-05-30,Wrong Item,44.5
R0005137,O0015095,C06661,2025-07-29,Late Delivery,10.85
R0005138,O0023061,C06590,2026-02-16,Wrong Item,93.33
R0005139,O0014353,C05461,2025-02-12,Not as Expected,62.27
R0005140,O0008542,C07803,2026-02-14,Not as Expected,77.43
R0005141,O0026716,C04291,2025-04-25,Changed Mind,55.78
R0005142,O0027554,C00663,2026-06-07,Late Delivery,50.47
R0005143,O0015744,C04916,2026-04-06,Damaged,30.43
R0005144,O0038870,C07659,2026-02-07,Damaged,30.65
R0005145,O0018238,C04618,2025-11-11,Late Delivery,51.46
R0005146,O0007829,C07282,2026-03-19,Not as Expected,177.49
R0005147,O0000962,C02818,2026-07-20,Late Delivery,268.0
R0005148,O0051058,C01311,2026-04-13,Wrong Item,72.76
R0005149,O0049887,C07427,2025-03-09,Not as Expected,66.67
R0005150,O0049329,C01926,2025-12-21,Late Delivery,12.4
R0005151,O0018706,C02308,2026-07-25,Damaged,49.04
R0005152,O0057045,C07735,2025-12-23,Late Delivery,236.51
R0005153,O0029230,C02920,2025-08-10,Late Delivery,258.72
R0005154,O0001346,C05082,2025-02-06,Not as Expected,19.19
R0005155,O0039549,C06348,2025-10-01,Damaged,46.98
R0005156,O0042146,C05573,2025-10-20,Damaged,96.92
R0005157,O0001486,C00290,2026-05-11,Wrong Item,74.38
R0005158,O0038459,C04680,2025-07-03,Not as Expected,228.42
R0005159,O0049136,C06336,2025-01-12,Not as Expected,108.14
R0005160,O0006116,C02422,2025-04-23,Damaged,37.77
R0005161,O0040555,C00315,2025-11-23,Damaged,21.46
R0005162,O0012956,C05861,2025-02-10,Not as Expected,48.9
R0005163,O0014752,C05812,2025-02-08,Not as Expected,89.29
R0005164,O0052131,C03227,2026-08-16,Changed Mind,438.27
R0005165,O0048141,C05522,2026-03-25,Not as Expected,49.06
R0005166,O0009295,C05940,2026-08-22,Late Delivery,6.02
R0005167,O0040683,C04951,2026-04-29,Wrong Item,119.57
R0005168,O0015214,C00505,2025-08-04,Wrong Item,483.09
R0005169,O0057054,C01564,2026-02-04,Damaged,474.99
R0005170,O0036653,C07254,2026-03-15,Late Delivery,6.45
R0005171,O0012335,C07470,2025-01-30,Late Delivery,98.22
R0005172,O0059540,C05869,2025-08-13,Wrong Item,73.4
R0005173,O0004590,C01755,2025-08-09,Late Delivery,108.37
R0005174,O0041509,C07991,2025-02-15,Wrong Item,13.11
R0005175,O0058010,C07220,2026-07-29,Changed Mind,145.41
R0005176,O0000599,C02827,2026-04-11,Changed Mind,36.07
R0005177,O0024462,C03855,2025-09-28,Damaged,34.04
R0005178,O0020113,C00738,2025-12-29,Changed Mind,33.07
R0005179,O0058406,C02098,2026-05-01,Damaged,69.16
R0005180,O0035392,C07969,2026-04-22,Damaged,101.7
R0005181,O0018814,C00313,2026-06-22,Changed Mind,104.37
R0005182,O0013761,C04562,2026-08-17,Damaged,164.25
R0005183,O0050363,C03382,2025-07-05,Changed Mind,48.92
R0005184,O0034892,C05564,2025-10-29,Wrong Item,183.12
R0005185,O0021558,C07557,2025-02-11,Wrong Item,118.69
R0005186,O0043576,C00232,2026-04-05,Late Delivery,132.48
R0005187,O0057614,C03656,2025-12-20,Not as Expected,38.87
R0005188,O0025706,C06547,2026-08-02,Not as Expected,102.84
R0005189,O0010134,C03382,2025-04-10,Wrong Item,149.04
R0005190,O0058483,C07099,2025-09-07,Wrong Item,140.78
R0005191,O0053491,C02217,2025-12-13,Late Delivery,28.3
R0005192,O0057818,C03742,2025-11-24,Damaged,52.52
R0005193,O0013602,C02443,2025-03-27,Changed Mind,31.7
R0005194,O0015749,C03053,2026-07-25,Late Delivery,592.33
R0005195,O0053192,C03993,2026-03-08,Damaged,84.31
R0005196,O0037221,C00784,2025-08-03,Not as Expected,77.22
R0005197,O0020789,C00994,2026-05-21,Damaged,464.33
R0005198,O0016520,C05955,2025-11-12,Wrong Item,40.06
R0005199,O0009011,C07666,2025-05-11,Wrong Item,79.02
R0005200,O0015230,C01667,2025-07-01,Changed Mind,172.6
R0005201,O0056422,C00930,2025-09-09,Changed Mind,29.87
R0005202,O0019474,C07161,2025-07-16,Changed Mind,31.57
R0005203,O0001679,C05277,2026-02-02,Damaged,1657.07
R0005204,O0016219,C04988,2026-04-18,Changed Mind,59.55
R0005205,O0018521,C03895,2025-12-07,Damaged,11.23
R0005206,O0026492,C02180,2025-09-07,Damaged,16.13
R0005207,O0009609,C00214,2025-11-03,Damaged,96.11
R0005208,O0000756,C02952,2026-04-25,Changed Mind,11.08
R0005209,O0008370,C06486,2026-04-20,Late Delivery,165.89
R0005210,O0027690,C02676,2025-05-08,Damaged,181.56
R0005211,O0046236,C05574,2026-09-10,Not as Expected,200.88
R0005212,O0014816,C03522,2026-04-05,Wrong Item,630.79
R0005213,O0008862,C06577,2025-11-21,Damaged,3010.15
R0005214,O0045197,C05320,2026-04-09,Late Delivery,87.87
R0005215,O0054790,C04139,2025-11-05,Wrong Item,45.62
R0005216,O0027942,C02397,2025-01-17,Damaged,85.64
R0005217,O0030587,C01003,2025-09-20,Late Delivery,21.97
R0005218,O0049018,C03169,2026-05-16,Late Delivery,62.27
R0005219,O0006103,C05028,2025-05-12,Damaged,49.28
R0005220,O0058942,C07806,2026-06-14,Late Delivery,383.34
R0005221,O0010930,C03816,2026-01-01,Late Delivery,91.61
R0005222,O0059580,C05778,2026-04-16,Not as Expected,92.36
R0005223,O0018404,C06225,2025-07-17,Not as Expected,59.54
R0005224,O0041276,C05666,2025-08-14,Not as Expected,23.18
R0005225,O0035314,C07211,2025-02-21,Late Delivery,158.93
R0005226,O0019283,C06641,2025-04-25,Late Delivery,35.64
R0005227,O0021985,C00318,2025-11-29,Not as Expected,25.99
R0005228,O0031851,C01839,2026-08-27,Damaged,59.57
R0005229,O0031933,C06078,2026-04-14,Not as Expected,117.62
R0005230,O0057760,C04666,2026-01-28,Not as Expected,81.89
R0005231,O0031750,C05833,2026-05-08,Not as Expected,89.73
R0005232,O0043227,C03231,2025-12-20,Late Delivery,62.34
R0005233,O0000674,C01615,2025-07-23,Not as Expected,24.38
R0005234,O0034612,C03762,2025-06-20,Not as Expected,64.57
R0005235,O0005100,C04735,2025-10-23,Wrong Item,48.59
R0005236,O0002024,C04707,2025-01-26,Changed Mind,13.34
R0005237,O0021460,C00179,2025-12-22,Changed Mind,10.93
R0005238,O0056690,C06381,2025-09-04,Wrong Item,173.94
R0005239,O0007821,C06191,2025-03-25,Damaged,101.27
R0005240,O0002329,C03476,2025-09-28,Changed Mind,26.11
R0005241,O0051475,C05534,2026-07-05,Late Delivery,146.74
R0005242,O0011110,C01777,2025-03-24,Not as Expected,116.16
R0005243,O0005742,C04443,2026-02-07,Wrong Item,259.46
R0005244,O0012342,C06294,2026-03-07,Not as Expected,52.11
R0005245,O0055116,C02515,2025-12-25,Late Delivery,54.23
R0005246,O0005026,C03779,2025-03-21,Wrong Item,5.0
R0005247,O0046757,C06666,2025-11-01,Late Delivery,328.6
R0005248,O0032536,C07401,2026-02-24,Changed Mind,42.28
R0005249,O0006600,C06899,2025-11-07,Damaged,165.9
R0005250,O0023506,C04086,2026-04-06,Changed Mind,234.81
R0005251,O0037347,C07783,2025-07-26,Damaged,140.85
R0005252,O0018974,C03776,2026-05-04,Changed Mind,23.84
R0005253,O0050426,C04908,2025-05-21,Damaged,50.51
R0005254,O0033182,C07826,2025-04-21,Not as Expected,100.73
R0005255,O0000418,C03444,2026-04-22,Late Delivery,106.84
R0005256,O0009560,C00479,2026-03-18,Damaged,26.0
R0005257,O0053037,C01819,2026-05-02,Not as Expected,388.9
R0005258,O0009056,C02950,2025-04-05,Late Delivery,206.57
R0005259,O0035829,C03449,2026-05-18,Changed Mind,89.81
R0005260,O0017479,C00459,2025-07-14,Late Delivery,13.21
R0005261,O0035113,C02030,2025-03-13,Not as Expected,65.28
R0005262,O0031770,C05277,2025-01-21,Changed Mind,194.29
R0005263,O0053086,C01904,2025-02-24,Not as Expected,3.94
R0005264,O0003606,C02319,2026-07-16,Not as Expected,17.56
R0005265,O0022159,C04958,2026-04-23,Not as Expected,119.88
R0005266,O0055748,C05424,2025-11-26,Wrong Item,233.36
R0005267,O0026372,C00438,2025-02-21,Damaged,147.26
R0005268,O0028025,C06330,2026-07-01,Late Delivery,54.37
R0005269,O0004440,C03164,2025-09-19,Changed Mind,391.98
R0005270,O0014484,C07862,2025-06-04,Late Delivery,82.82
R0005271,O0021531,C06316,2026-02-08,Late Delivery,63.67
R0005272,O0004236,C00110,2026-07-29,Changed Mind,54.7
R0005273,O0011448,C05744,2026-03-23,Changed Mind,190.04
R0005274,O0043296,C04314,2026-07-10,Damaged,14.43
R0005275,O0024314,C00357,2025-10-23,Changed Mind,51.43
R0005276,O0002239,C05099,2025-11-14,Damaged,96.3
R0005277,O0055027,C00399,2026-08-19,Not as Expected,113.89
R0005278,O0036408,C00266,2025-09-04,Not as Expected,31.24
R0005279,O0035784,C04280,2026-05-30,Changed Mind,162.68
R0005280,O0022364,C00047,2026-01-04,Late Delivery,90.69
R0005281,O0055918,C05811,2026-08-06,Wrong Item,36.54
R0005282,O0014369,C06149,2025-05-02,Damaged,184.32
R0005283,O0043206,C00038,2026-06-28,Changed Mind,21.13
R0005284,O0052586,C02726,2026-08-31,Late Delivery,37.97
R0005285,O0053448,C03757,2025-02-25,Late Delivery,19.36
R0005286,O0002204,C03113,2025-09-20,Late Delivery,24.46
R0005287,O0003369,C02583,2026-07-02,Late Delivery,25.51
R0005288,O0007178,C06149,2025-05-25,Wrong Item,71.58
R0005289,O0046427,C07410,2025-11-04,Damaged,21.29
R0005290,O0017823,C06869,2026-05-24,Damaged,36.71
R0005291,O0059366,C03512,2026-08-11,Changed Mind,1677.55
R0005292,O0024838,C02757,2026-01-19,Damaged,37.84
R0005293,O0008990,C04202,2025-09-22,Changed Mind,12.83
R0005294,O0035928,C04356,2025-09-19,Late Delivery,267.29
R0005295,O0015527,C01277,2026-06-06,Wrong Item,52.85
R0005296,O0027449,C01565,2025-03-24,Wrong Item,61.31
R0005297,O0005219,C01038,2025-05-17,Damaged,56.97
R0005298,O0037406,C00247,2025-08-19,Damaged,204.91
R0005299,O0033101,C03159,2025-08-13,Changed Mind,6.29
R0005300,O0029801,C07185,2025-08-07,Damaged,221.13
R0005301,O0010340,C04832,2025-06-29,Changed Mind,88.68
R0005302,O0028419,C01421,2025-05-24,Changed Mind,178.1
R0005303,O0051594,C06054,2025-09-23,Late Delivery,46.25
R0005304,O0033224,C01907,2026-08-17,Changed Mind,96.48
R0005305,O0046799,C01743,2025-09-13,Late Delivery,261.13
R0005306,O0012104,C00708,2026-02-13,Late Delivery,79.48
R0005307,O0048200,C04793,2026-08-15,Wrong Item,24.61
R0005308,O0003669,C05117,2026-01-10,Changed Mind,80.29
R0005309,O0052494,C05401,2025-11-17,Wrong Item,13.15
R0005310,O0043711,C02082,2025-06-11,Not as Expected,371.67
R0005311,O0038039,C03085,2026-01-26,Wrong Item,19.58
R0005312,O0051950,C05670,2025-11-22,Changed Mind,199.95
R0005313,O0003185,C07949,2025-08-26,Changed Mind,52.43
R0005314,O0031879,C06826,2026-03-15,Damaged,176.93
R0005315,O0026460,C04467,2026-08-05,Wrong Item,68.38
R0005316,O0025734,C00884,2025-03-18,Damaged,22.24
R0005317,O0008947,C04219,2025-12-10,Not as Expected,337.25
R0005318,O0001659,C01054,2026-06-21,Wrong Item,100.33
R0005319,O0050059,C00748,2025-07-22,Not as Expected,45.08
R0005320,O0018855,C05647,2025-06-07,Not as Expected,660.41
R0005321,O0049644,C01564,2026-08-27,Late Delivery,59.2
R0005322,O0021272,C01512,2026-05-16,Late Delivery,335.02
R0005323,O0035630,C07285,2025-06-29,Damaged,152.41
R0005324,O0047814,C01998,2026-01-16,Damaged,61.16
R0005325,O0052344,C03797,2026-04-30,Not as Expected,217.11
R0005326,O0012968,C01721,2025-09-21,Changed Mind,148.14
R0005327,O0025591,C07885,2026-04-12,Wrong Item,108.82
R0005328,O0057275,C07674,2026-09-13,Late Delivery,18.39
R0005329,O0016123,C00612,2025-11-03,Changed Mind,31.05
R0005330,O0015967,C02717,2026-04-08,Changed Mind,6.48
R0005331,O0029873,C02413,2025-09-10,Late Delivery,50.26
R0005332,O0056626,C00926,2026-09-14,Wrong Item,68.85
R0005333,O0059598,C06404,2026-03-01,Damaged,18.25
R0005334,O0045428,C07269,2025-10-11,Not as Expected,50.92
R0005335,O0029379,C06302,2025-02-02,Late Delivery,29.34
R0005336,O0042745,C00149,2025-09-04,Late Delivery,25.21
R0005337,O0015725,C05804,2025-06-13,Damaged,117.26
R0005338,O0046831,C01359,2026-03-24,Wrong Item,56.92
R0005339,O0052743,C01867,2025-04-14,Changed Mind,238.07
R0005340,O0023933,C03923,2025-12-22,Wrong Item,22.08
R0005341,O0045531,C04703,2025-06-26,Damaged,72.31
R0005342,O0030806,C05894,2025-11-25,Damaged,160.18
R0005343,O0057619,C05357,2026-02-02,Late Delivery,91.27
R0005344,O0053417,C02717,2025-12-08,Wrong Item,34.69
R0005345,O0017075,C06883,2025-04-07,Damaged,41.3
R0005346,O0045642,C02911,2025-11-22,Wrong Item,28.43
R0005347,O0016940,C05667,2025-03-30,Damaged,239.45
R0005348,O0024085,C04439,2026-05-16,Changed Mind,87.1
R0005349,O0012939,C02876,2025-09-19,Late Delivery,84.11
R0005350,O0009496,C03372,2025-03-17,Changed Mind,27.01
R0005351,O0057906,C06005,2025-04-02,Not as Expected,126.01
R0005352,O0037263,C03749,2026-03-07,Wrong Item,68.51
R0005353,O0028348,C04269,2025-12-24,Changed Mind,18.77
R0005354,O0019700,C01809,2026-05-24,Wrong Item,22.09
R0005355,O0014600,C05010,2026-03-29,Not as Expected,65.67
R0005356,O0035990,C06499,2025-06-05,Changed Mind,12.14
R0005357,O0022052,C05697,2025-04-01,Not as Expected,165.22
R0005358,O0017569,C00972,2025-10-05,Changed Mind,115.72
R0005359,O0027810,C07966,2025-09-11,Damaged,53.06
R0005360,O0005943,C02011,2026-01-01,Not as Expected,94.5
R0005361,O0004427,C04006,2025-08-21,Wrong Item,38.35
R0005362,O0052326,C03289,2026-08-25,Damaged,61.46
R0005363,O0005235,C05300,2025-08-03,Damaged,127.98
R0005364,O0009363,C07424,2025-05-05,Changed Mind,176.61
R0005365,O0038240,C03156,2026-03-08,Damaged,175.51
R0005366,O0021890,C04489,2026-03-22,Damaged,233.36
R0005367,O0044735,C05338,2025-08-07,Damaged,67.5
R0005368,O0028285,C06650,2026-04-17,Wrong Item,183.18
R0005369,O0022164,C07837,2025-11-13,Not as Expected,155.19
R0005370,O0021512,C02062,2025-10-02,Changed Mind,36.43
R0005371,O0052916,C04904,2026-04-08,Damaged,139.5
R0005372,O0055433,C05929,2025-12-02,Wrong Item,1062.3
R0005373,O0026506,C06803,2025-08-03,Wrong Item,84.55
R0005374,O0034696,C04016,2025-02-12,Damaged,60.05
R0005375,O0039290,C02091,2026-07-15,Wrong Item,131.38
R0005376,O0028530,C03584,2026-05-22,Not as Expected,62.87
R0005377,O0057528,C03793,2025-12-24,Damaged,19.69
R0005378,O0050516,C07424,2026-05-04,Late Delivery,25.61
R0005379,O0036455,C03288,2025-02-12,Damaged,48.09
R0005380,O0017107,C00976,2025-03-11,Not as Expected,63.14
R0005381,O0018199,C02911,2026-01-18,Wrong Item,19.26
R0005382,O0010515,C00954,2026-04-07,Wrong Item,7.11
R0005383,O0017536,C01092,2025-02-18,Changed Mind,135.33
R0005384,O0021372,C01897,2025-04-25,Not as Expected,3235.05
R0005385,O0007467,C00968,2025-09-12,Changed Mind,36.52
R0005386,O0001431,C05091,2025-11-08,Not as Expected,17.39
R0005387,O0058804,C01924,2026-06-30,Not as Expected,85.52
R0005388,O0046405,C02068,2025-02-06,Not as Expected,193.35
R0005389,O0039117,C07061,2025-07-14,Wrong Item,8.69
R0005390,O0024923,C03295,2025-09-05,Not as Expected,27.32
R0005391,O0004723,C03811,2026-03-15,Wrong Item,54.33
R0005392,O0055830,C05185,2025-08-30,Damaged,75.49
R0005393,O0045379,C06529,2025-12-06,Changed Mind,69.25
R0005394,O0034509,C00382,2026-07-21,Late Delivery,5.04
R0005395,O0041051,C06189,2026-09-13,Changed Mind,267.86
R0005396,O0003051,C03051,2026-01-24,Late Delivery,16.79
R0005397,O0055390,C02871,2025-11-05,Wrong Item,66.73
R0005398,O0008443,C01948,2026-08-26,Changed Mind,41.08
R0005399,O0004495,C01642,2026-06-25,Wrong Item,31.27
R0005400,O0058960,C06480,2025-02-18,Changed Mind,81.1
R0005401,O0036775,C03675,2025-07-09,Damaged,23.37
R0005402,O0021204,C01478,2026-06-02,Damaged,115.75
R0005403,O0029160,C03142,2025-12-02,Wrong Item,576.37
R0005404,O0005381,C01641,2025-07-04,Damaged,131.98
R0005405,O0044713,C03556,2025-10-29,Not as Expected,474.95
R0005406,O0051702,C07848,2026-04-01,Late Delivery,88.28
R0005407,O0027936,C07859,2026-03-17,Not as Expected,59.34
R0005408,O0047783,C00645,2025-11-13,Wrong Item,9.49
R0005409,O0052875,C01854,2025-10-15,Late Delivery,113.9
R0005410,O0008486,C07386,2025-12-23,Late Delivery,53.48
R0005411,O0033842,C03728,2025-06-02,Late Delivery,78.06
R0005412,O0025316,C01894,2025-02-09,Not as Expected,15.26
R0005413,O0034650,C03012,2026-09-05,Changed Mind,25.48
R0005414,O0008675,C06192,2025-04-05,Changed Mind,166.09
R0005415,O0009540,C00115,2025-05-01,Not as Expected,76.36
R0005416,O0029701,C05815,2025-01-19,Not as Expected,161.91
R0005417,O0030782,C04314,2025-11-01,Late Delivery,39.05
R0005418,O0022080,C04468,2026-04-29,Not as Expected,207.11
R0005419,O0042709,C05502,2025-06-10,Changed Mind,5.48
R0005420,O0046967,C04122,2026-02-03,Changed Mind,18.6
R0005421,O0051360,C00540,2025-10-22,Not as Expected,97.21
R0005422,O0049281,C04942,2025-10-12,Late Delivery,60.84
R0005423,O0045059,C04352,2025-04-19,Not as Expected,104.28
R0005424,O0033278,C04115,2025-11-10,Late Delivery,32.39
R0005425,O0015043,C00047,2026-07-24,Wrong Item,312.68
R0005426,O0041669,C04310,2026-08-16,Not as Expected,74.76
R0005427,O0014122,C05886,2025-05-29,Wrong Item,448.05
R0005428,O0006507,C06656,2025-07-07,Not as Expected,49.89
R0005429,O0046070,C00577,2025-08-21,Not as Expected,95.07
R0005430,O0010094,C05019,2025-11-17,Not as Expected,276.73
R0005431,O0024460,C07835,2025-02-09,Wrong Item,39.79
R0005432,O0035853,C00550,2026-01-01,Late Delivery,14.74
R0005433,O0057288,C03230,2026-09-03,Wrong Item,21.67
R0005434,O0046682,C04704,2025-11-12,Wrong Item,568.44
R0005435,O0040711,C07478,2026-03-15,Changed Mind,18.99
R0005436,O0054733,C01621,2025-06-30,Not as Expected,15.86
R0005437,O0046871,C04040,2026-07-02,Wrong Item,518.3
R0005438,O0017606,C01580,2026-05-10,Damaged,10.44
R0005439,O0030627,C03568,2025-12-06,Wrong Item,145.71
R0005440,O0025128,C05361,2025-09-30,Wrong Item,64.67
R0005441,O0027472,C04121,2026-01-23,Not as Expected,151.41
R0005442,O0003022,C02850,2026-01-18,Damaged,220.53
R0005443,O0029424,C07236,2026-06-23,Damaged,10.69
R0005444,O0008492,C03639,2026-08-28,Late Delivery,113.93
R0005445,O0033528,C02299,2025-02-08,Not as Expected,130.95
R0005446,O0031674,C06818,2025-06-06,Late Delivery,23.99
R0005447,O0046736,C02064,2025-07-22,Wrong Item,9.95
R0005448,O0024131,C07006,2026-01-30,Wrong Item,33.19
R0005449,O0055730,C04891,2025-11-03,Damaged,231.86
R0005450,O0031799,C00380,2026-06-21,Damaged,202.44
R0005451,O0053533,C05473,2025-07-20,Late Delivery,76.51
R0005452,O0056077,C02864,2025-02-25,Late Delivery,26.96
R0005453,O0002705,C05759,2025-11-19,Wrong Item,34.82
R0005454,O0045662,C01637,2026-03-10,Damaged,399.83
R0005455,O0017469,C04679,2026-06-24,Late Delivery,10.1
R0005456,O0041536,C01090,2026-05-11,Changed Mind,746.05
R0005457,O0004313,C02930,2026-05-01,Wrong Item,961.17
R0005458,O0006470,C05315,2026-05-13,Wrong Item,245.84
R0005459,O0010125,C06430,2025-04-05,Late Delivery,32.77
R0005460,O0045430,C05593,2025-04-15,Changed Mind,61.09
R0005461,O0026877,C07199,2025-05-30,Changed Mind,230.64
R0005462,O0047426,C05094,2026-05-03,Damaged,21.49
R0005463,O0041629,C02626,2026-02-17,Wrong Item,11.51
R0005464,O0001657,C05969,2025-07-08,Late Delivery,60.08
R0005465,O0005913,C03511,2025-12-15,Late Delivery,364.81
R0005466,O0057723,C05063,2025-03-07,Damaged,322.91
R0005467,O0004770,C04575,2026-04-27,Late Delivery,29.7
R0005468,O0007769,C06952,2025-09-13,Not as Expected,15.4
R0005469,O0010027,C05474,2025-02-24,Not as Expected,28.92
R0005470,O0020758,C02402,2025-05-07,Late Delivery,90.39
R0005471,O0003322,C03959,2025-09-14,Wrong Item,6.01
R0005472,O0012925,C02015,2025-01-20,Damaged,62.6
R0005473,O0031544,C06069,2025-08-30,Changed Mind,67.19
R0005474,O0001166,C01302,2025-12-07,Damaged,574.02
R0005475,O0023459,C04808,2025-12-20,Wrong Item,14.84
R0005476,O0039089,C04257,2026-03-29,Damaged,103.51
R0005477,O0041091,C06644,2026-09-17,Not as Expected,18.36
R0005478,O0019762,C07307,2026-09-02,Changed Mind,67.48
R0005479,O0032543,C00270,2025-04-21,Not as Expected,144.64
R0005480,O0046269,C01967,2026-09-10,Not as Expected,75.62
R0005481,O0028485,C07518,2025-12-03,Changed Mind,167.48
R0005482,O0005204,C04508,2025-04-18,Wrong Item,48.44
R0005483,O0002547,C00368,2025-03-18,Changed Mind,48.18
R0005484,O0054535,C01049,2025-11-04,Late Delivery,53.83
R0005485,O0004477,C05963,2025-05-25,Late Delivery,96.74
R0005486,O0022631,C01388,2025-02-18,Damaged,28.76
R0005487,O0037772,C03359,2026-05-27,Late Delivery,22.13
R0005488,O0014826,C04409,2026-02-10,Late Delivery,607.18
R0005489,O0059305,C02627,2025-08-29,Damaged,67.41
R0005490,O0042327,C05269,2025-08-18,Damaged,87.11
R0005491,O0005841,C01589,2025-08-14,Wrong Item,33.59
R0005492,O0010851,C07265,2026-05-30,Late Delivery,98.01
R0005493,O0057135,C06469,2025-08-22,Changed Mind,129.66
R0005494,O0003039,C05262,2025-09-24,Wrong Item,6.75
R0005495,O0025739,C01720,2025-06-08,Changed Mind,150.05
R0005496,O0011162,C05575,2025-11-27,Changed Mind,3.39
R0005497,O0036241,C06840,2025-04-10,Not as Expected,93.47
R0005498,O0048292,C05810,2026-03-07,Damaged,16.8
R0005499,O0046311,C04640,2025-09-09,Changed Mind,67.7
R0005500,O0029150,C01694,2025-07-27,Late Delivery,29.82
R0005501,O0000885,C05556,2025-10-02,Changed Mind,115.26
R0005502,O0031289,C05896,2026-06-28,Damaged,32.66
R0005503,O0030720,C06338,2025-10-24,Damaged,240.49
R0005504,O0024639,C04057,2026-07-04,Not as Expected,42.1
R0005505,O0003210,C07390,2026-04-20,Late Delivery,122.1
R0005506,O0029997,C02786,2026-01-25,Damaged,84.5
R0005507,O0034322,C00860,2025-02-17,Wrong Item,21.52
R0005508,O0018274,C01307,2025-12-27,Damaged,87.12
R0005509,O0029389,C04294,2026-08-29,Changed Mind,105.37
R0005510,O0038571,C02085,2026-03-17,Late Delivery,55.4
R0005511,O0031900,C05865,2026-01-25,Wrong Item,341.01
R0005512,O0013285,C06268,2025-07-09,Not as Expected,695.75
R0005513,O0007193,C01169,2026-08-25,Late Delivery,28.21
R0005514,O0014023,C03532,2025-05-09,Damaged,383.62
R0005515,O0057453,C03538,2026-04-28,Damaged,282.11
R0005516,O0043304,C06154,2025-06-03,Late Delivery,102.98
R0005517,O0037813,C06028,2025-07-26,Wrong Item,74.47
R0005518,O0040952,C00422,2026-02-05,Damaged,235.79
R0005519,O0055790,C06954,2026-02-11,Changed Mind,29.45
R0005520,O0010811,C03677,2026-04-28,Damaged,184.03
R0005521,O0023788,C02719,2025-07-24,Changed Mind,161.29
R0005522,O0022662,C07456,2026-07-30,Late Delivery,8.18
R0005523,O0049648,C06660,2026-03-10,Damaged,109.38
R0005524,O0025909,C06679,2025-06-12,Changed Mind,40.93
R0005525,O0046740,C04103,2026-06-14,Changed Mind,147.72
R0005526,O0007706,C04035,2025-05-24,Changed Mind,119.1
R0005527,O0047897,C05977,2026-04-20,Late Delivery,176.73
R0005528,O0037638,C04679,2025-10-05,Not as Expected,69.08
R0005529,O0050829,C02866,2025-05-08,Damaged,136.82
R0005530,O0016812,C04520,2026-03-18,Late Delivery,50.01
R0005531,O0043718,C03231,2025-08-12,Wrong Item,153.79
R0005532,O0058764,C02783,2026-05-24,Late Delivery,19.94
R0005533,O0042003,C00780,2026-09-21,Late Delivery,158.45
R0005534,O0023057,C04863,2026-08-03,Wrong Item,111.77
R0005535,O0026065,C01191,2025-04-30,Changed Mind,28.59
R0005536,O0048089,C03492,2025-12-19,Not as Expected,22.74
R0005537,O0028879,C01379,2025-04-12,Not as Expected,24.0
R0005538,O0010133,C03544,2025-08-21,Late Delivery,242.03
R0005539,O0012438,C00170,2025-03-12,Late Delivery,123.73
R0005540,O0043600,C07860,2026-08-29,Late Delivery,108.92
R0005541,O0055451,C02344,2025-08-03,Late Delivery,357.69
R0005542,O0018692,C01709,2025-06-29,Wrong Item,140.16
R0005543,O0032855,C04699,2025-12-25,Wrong Item,720.68
R0005544,O0003556,C01470,2025-04-14,Changed Mind,100.36
R0005545,O0009909,C00598,2026-03-26,Wrong Item,29.13
R0005546,O0040622,C00593,2025-05-08,Late Delivery,5.89
R0005547,O0014265,C03971,2025-05-29,Changed Mind,71.51
R0005548,O0022712,C06769,2025-02-15,Changed Mind,61.32
R0005549,O0054390,C06246,2025-02-07,Late Delivery,95.03
R0005550,O0056824,C03004,2025-06-21,Late Delivery,22.35
R0005551,O0025413,C03413,2026-03-10,Late Delivery,15.66
R0005552,O0034601,C06688,2026-05-05,Wrong Item,31.61
R0005553,O0001605,C04183,2025-11-07,Not as Expected,83.57
R0005554,O0002342,C04225,2026-04-24,Changed Mind,71.97
R0005555,O0051265,C01685,2025-06-09,Wrong Item,39.63
R0005556,O0052334,C04985,2026-08-14,Changed Mind,201.32
R0005557,O0015755,C07520,2025-12-07,Changed Mind,58.93
R0005558,O0044291,C04730,2025-05-01,Changed Mind,63.57
R0005559,O0035498,C02777,2025-04-02,Wrong Item,832.83
R0005560,O0040548,C03778,2025-11-25,Not as Expected,284.76
R0005561,O0021051,C01247,2025-10-09,Not as Expected,48.3
R0005562,O0013530,C05281,2026-01-08,Changed Mind,67.8
R0005563,O0057259,C01351,2026-01-15,Changed Mind,21.82
R0005564,O0054922,C02663,2025-06-15,Not as Expected,144.07
R0005565,O0040222,C02308,2026-08-08,Not as Expected,256.29
R0005566,O0057539,C02729,2025-09-28,Damaged,36.94
R0005567,O0049790,C04550,2025-12-22,Late Delivery,261.81
R0005568,O0052473,C07101,2025-02-25,Changed Mind,11.56
R0005569,O0009554,C03935,2025-09-20,Changed Mind,152.87
R0005570,O0039412,C05178,2025-11-29,Damaged,213.98
R0005571,O0018044,C02339,2025-11-18,Wrong Item,206.9
R0005572,O0028738,C06009,2025-08-24,Changed Mind,345.96
R0005573,O0045577,C02756,2025-11-22,Wrong Item,11.82
R0005574,O0030866,C05506,2026-06-04,Changed Mind,10.74
R0005575,O0059740,C03943,2026-06-11,Not as Expected,4.69
R0005576,O0009183,C03107,2025-02-26,Damaged,246.81
R0005577,O0049068,C00929,2026-07-24,Damaged,63.64
R0005578,O0044730,C06004,2025-03-26,Changed Mind,16.33
R0005579,O0003483,C05630,2025-01-20,Wrong Item,23.79
R0005580,O0041825,C00171,2025-09-24,Damaged,12.16
R0005581,O0015694,C02472,2026-03-15,Wrong Item,27.51
R0005582,O0020726,C05888,2026-07-03,Changed Mind,98.46
R0005583,O0056747,C01404,2025-05-06,Late Delivery,8.38
R0005584,O0059070,C01284,2026-03-13,Not as Expected,7.68
R0005585,O0058426,C00233,2025-12-15,Not as Expected,449.37
R0005586,O0020558,C06170,2025-05-05,Not as Expected,47.66
R0005587,O0048336,C00675,2026-06-28,Late Delivery,217.37
R0005588,O0043606,C05257,2026-03-23,Late Delivery,361.21
R0005589,O0041365,C03067,2026-07-21,Not as Expected,97.43
R0005590,O0009331,C00131,2026-09-09,Late Delivery,151.37
R0005591,O0023031,C06766,2025-05-18,Changed Mind,22.28
R0005592,O0046122,C07091,2025-06-09,Changed Mind,25.05
R0005593,O0048502,C05738,2025-10-31,Changed Mind,17.8
R0005594,O0021298,C02217,2026-01-01,Changed Mind,181.26
R0005595,O0049128,C03283,2025-09-12,Late Delivery,42.06
R0005596,O0036342,C00546,2025-04-22,Late Delivery,323.2
R0005597,O0042619,C07301,2025-05-07,Damaged,20.06
R0005598,O0034517,C02024,2025-04-03,Wrong Item,11.93
R0005599,O0036602,C07365,2025-03-31,Damaged,207.13
R0005600,O0043926,C00719,2026-09-05,Not as Expected,19.08
R0005601,O0032509,C00527,2026-08-10,Late Delivery,65.82
R0005602,O0002615,C07740,2025-11-28,Changed Mind,11.08
R0005603,O0014655,C07820,2026-06-22,Wrong Item,18.74
R0005604,O0027194,C02266,2025-05-27,Late Delivery,194.82
R0005605,O0056895,C03927,2025-07-04,Changed Mind,140.86
R0005606,O0055283,C05542,2025-07-28,Late Delivery,22.04
R0005607,O0059851,C00175,2025-08-08,Changed Mind,115.68
R0005608,O0011287,C05815,2025-07-24,Wrong Item,68.58
R0005609,O0014206,C06243,2025-09-05,Changed Mind,54.52
R0005610,O0008070,C01943,2026-03-19,Damaged,14.67
R0005611,O0018939,C01195,2026-07-21,Changed Mind,68.5
R0005612,O0013603,C06354,2025-10-21,Changed Mind,22.56
R0005613,O0045416,C03578,2026-07-14,Changed Mind,141.01
R0005614,O0018983,C02389,2025-10-06,Not as Expected,48.72
R0005615,O0056050,C04154,2025-11-07,Damaged,165.65
R0005616,O0048946,C00694,2026-08-16,Damaged,124.01
R0005617,O0002627,C00923,2025-02-16,Damaged,132.98
R0005618,O0036858,C05537,2026-08-03,Changed Mind,196.82
R0005619,O0010685,C04908,2025-04-07,Late Delivery,81.17
R0005620,O0031701,C05066,2026-02-25,Not as Expected,22.87
R0005621,O0019860,C05363,2025-03-22,Changed Mind,11.07
R0005622,O0054879,C01119,2026-08-26,Not as Expected,130.62
R0005623,O0004121,C06772,2026-05-22,Wrong Item,412.55
R0005624,O0047546,C07761,2025-05-09,Late Delivery,9.48
R0005625,O0051189,C07772,2025-08-26,Late Delivery,24.56
R0005626,O0016827,C02046,2026-02-12,Changed Mind,213.46
R0005627,O0007965,C05969,2025-12-28,Changed Mind,18.61
R0005628,O0048728,C00449,2025-12-29,Changed Mind,47.72
R0005629,O0012913,C04357,2026-09-10,Not as Expected,28.89
R0005630,O0058880,C05598,2025-12-01,Changed Mind,112.88
R0005631,O0048837,C07734,2026-08-09,Changed Mind,39.23
R0005632,O0019047,C05618,2025-08-19,Damaged,87.38
R0005633,O0042422,C01706,2025-08-01,Wrong Item,43.71
R0005634,O0000550,C06569,2025-08-06,Late Delivery,8.72
R0005635,O0046616,C02570,2026-01-03,Damaged,10.02
R0005636,O0023325,C03014,2026-01-07,Changed Mind,35.34
R0005637,O0043258,C00972,2026-02-08,Changed Mind,57.44
R0005638,O0021153,C01664,2026-09-04,Damaged,56.3
R0005639,O0031861,C07593,2025-05-08,Not as Expected,5.77
R0005640,O0013472,C01095,2025-06-24,Late Delivery,9.32
R0005641,O0003402,C05386,2025-09-02,Wrong Item,13.49
R0005642,O0024898,C06983,2025-02-09,Changed Mind,126.71
R0005643,O0008048,C05481,2025-10-13,Late Delivery,75.44
R0005644,O0022018,C06971,2026-07-02,Late Delivery,101.95
R0005645,O0052670,C03629,2025-11-15,Wrong Item,42.23
R0005646,O0020329,C01406,2025-09-09,Not as Expected,35.76
R0005647,O0047788,C03647,2026-01-07,Not as Expected,87.7
R0005648,O0016896,C06170,2025-09-19,Damaged,91.06
R0005649,O0019804,C03817,2026-04-30,Changed Mind,198.92
R0005650,O0033058,C00057,2025-07-01,Damaged,192.64
R0005651,O0043855,C05070,2026-05-10,Not as Expected,39.9
R0005652,O0053050,C01043,2025-07-14,Damaged,140.01
R0005653,O0034867,C00700,2026-01-07,Damaged,172.08
R0005654,O0056558,C00352,2026-05-17,Not as Expected,149.89
R0005655,O0039494,C02735,2026-02-09,Not as Expected,62.47
R0005656,O0010263,C07382,2026-06-20,Not as Expected,60.24
R0005657,O0042942,C03553,2026-06-26,Damaged,55.19
R0005658,O0055360,C05908,2025-04-30,Not as Expected,49.02
R0005659,O0023271,C02009,2026-05-08,Wrong Item,93.27
R0005660,O0046532,C00822,2025-09-29,Late Delivery,45.06
R0005661,O0059432,C00983,2025-05-12,Changed Mind,114.47
R0005662,O0044788,C07110,2025-10-07,Wrong Item,36.43
R0005663,O0034628,C01450,2025-09-30,Changed Mind,20.26
R0005664,O0032475,C02900,2025-11-05,Not as Expected,6.56
R0005665,O0006013,C03137,2025-05-12,Changed Mind,88.2
R0005666,O0028275,C04740,2026-09-04,Wrong Item,222.67
R0005667,O0026551,C07441,2026-02-04,Late Delivery,336.05
R0005668,O0051802,C03497,2025-12-28,Changed Mind,44.36
R0005669,O0046484,C03065,2026-07-04,Changed Mind,377.21
R0005670,O0053010,C03518,2025-12-02,Not as Expected,7.56
R0005671,O0030219,C00820,2025-07-02,Wrong Item,56.42
R0005672,O0033290,C01475,2026-08-31,Not as Expected,5.63
R0005673,O0012792,C05153,2026-04-24,Damaged,96.2
R0005674,O0021782,C02515,2026-05-12,Wrong Item,103.28
R0005675,O0028148,C07826,2025-05-23,Late Delivery,105.58
R0005676,O0036097,C03021,2025-08-09,Not as Expected,26.06
R0005677,O0008886,C01458,2025-12-27,Wrong Item,45.6
R0005678,O0003325,C06032,2026-01-21,Not as Expected,458.57
R0005679,O0058677,C07935,2026-01-29,Damaged,1313.46
R0005680,O0019772,C03361,2025-10-12,Damaged,122.81
R0005681,O0022752,C02124,2025-10-12,Not as Expected,31.38
R0005682,O0025025,C05456,2026-01-25,Late Delivery,34.74
R0005683,O0016195,C05303,2025-09-11,Late Delivery,64.75
R0005684,O0054745,C05211,2025-01-24,Not as Expected,18.38
R0005685,O0011242,C02762,2025-06-04,Changed Mind,156.77
R0005686,O0003247,C03121,2026-01-16,Late Delivery,113.05
R0005687,O0016683,C02662,2026-06-14,Not as Expected,66.12
R0005688,O0040831,C05971,2026-02-16,Not as Expected,62.57
R0005689,O0012680,C04488,2025-10-08,Not as Expected,18.32
R0005690,O0002201,C00007,2025-06-15,Damaged,14.77
R0005691,O0024003,C07201,2026-09-02,Late Delivery,82.6
R0005692,O0006672,C03101,2025-10-27,Not as Expected,409.24
R0005693,O0007549,C04927,2026-02-15,Wrong Item,18.05
R0005694,O0017477,C02334,2025-11-23,Not as Expected,269.8
R0005695,O0041489,C06480,2026-09-02,Damaged,395.48
R0005696,O0054086,C03455,2026-06-24,Wrong Item,41.39
R0005697,O0029590,C02249,2026-06-26,Late Delivery,311.4
R0005698,O0017689,C02127,2026-02-23,Late Delivery,149.52
R0005699,O0031135,C05817,2025-07-31,Late Delivery,40.7
R0005700,O0018412,C07281,2025-08-26,Late Delivery,32.37
R0005701,O0054819,C03241,2025-11-22,Wrong Item,32.88
R0005702,O0043622,C06453,2026-05-20,Changed Mind,81.79
R0005703,O0041569,C00419,2026-07-31,Changed Mind,108.74
R0005704,O0000987,C00571,2026-05-31,Changed Mind,39.34
R0005705,O0051343,C00047,2025-06-05,Wrong Item,26.73
R0005706,O0057211,C07392,2025-03-25,Changed Mind,37.33
R0005707,O0044071,C02306,2026-03-14,Not as Expected,22.08
R0005708,O0040706,C07421,2026-01-10,Changed Mind,22.67
R0005709,O0044903,C00326,2026-04-05,Wrong Item,95.91
R0005710,O0015706,C03450,2025-03-24,Changed Mind,187.93
R0005711,O0001195,C02439,2025-05-27,Late Delivery,83.81
R0005712,O0058728,C06068,2025-05-30,Wrong Item,190.95
R0005713,O0040377,C00969,2026-07-16,Wrong Item,29.98
R0005714,O0007123,C00443,2025-03-19,Changed Mind,36.41
R0005715,O0014129,C01954,2026-07-10,Changed Mind,422.25
R0005716,O0055448,C02795,2026-08-03,Wrong Item,32.33
R0005717,O0037685,C01683,2025-12-27,Changed Mind,71.06
R0005718,O0049098,C01795,2025-02-10,Late Delivery,436.02
R0005719,O0051101,C06521,2025-03-17,Damaged,178.03
R0005720,O0041704,C07669,2025-12-10,Wrong Item,86.89
R0005721,O0031968,C06839,2026-07-20,Wrong Item,103.31
R0005722,O0049057,C07739,2025-07-23,Wrong Item,52.82
R0005723,O0058000,C05393,2025-11-22,Changed Mind,22.88
R0005724,O0022640,C06268,2025-08-07,Wrong Item,81.05
R0005725,O0000041,C05490,2025-12-11,Late Delivery,24.16
R0005726,O0053759,C01114,2026-02-14,Late Delivery,18.86
R0005727,O0024388,C07618,2025-10-18,Changed Mind,132.67
R0005728,O0052644,C02982,2026-07-23,Changed Mind,77.61
R0005729,O0020843,C04593,2025-11-30,Wrong Item,48.57
R0005730,O0031446,C03546,2025-10-21,Wrong Item,122.37
R0005731,O0015161,C06600,2025-03-09,Damaged,45.81
R0005732,O0051107,C00130,2025-09-02,Late Delivery,111.28
R0005733,O0030110,C07167,2026-06-16,Damaged,3.98
R0005734,O0036293,C05111,2026-04-10,Late Delivery,72.76
R0005735,O0026805,C07510,2025-10-18,Wrong Item,91.77
R0005736,O0051076,C01130,2025-12-03,Changed Mind,346.99
R0005737,O0003955,C05370,2025-06-19,Wrong Item,99.94
R0005738,O0023025,C00342,2025-12-27,Late Delivery,9.91
R0005739,O0003686,C01610,2025-11-30,Changed Mind,5.44
R0005740,O0031036,C02108,2025-12-24,Changed Mind,56.38
R0005741,O0056476,C06987,2025-03-02,Changed Mind,2317.03
R0005742,O0048119,C00542,2025-12-16,Wrong Item,353.69
R0005743,O0015483,C00590,2025-12-19,Late Delivery,4.72
R0005744,O0035984,C07659,2026-07-08,Wrong Item,87.05
R0005745,O0018076,C00321,2025-04-30,Wrong Item,98.47
R0005746,O0017403,C06758,2025-08-31,Late Delivery,217.72
R0005747,O0043189,C02281,2026-05-10,Wrong Item,45.96
R0005748,O0040976,C06544,2026-05-04,Damaged,160.25
R0005749,O0053266,C03683,2025-01-30,Not as Expected,18.19
R0005750,O0026121,C01805,2025-01-15,Late Delivery,32.28
R0005751,O0039650,C07824,2026-04-08,Wrong Item,13.22
R0005752,O0011934,C07293,2025-01-16,Damaged,245.35
R0005753,O0011065,C03284,2025-12-15,Not as Expected,186.5
R0005754,O0043152,C00509,2025-11-04,Late Delivery,146.93
R0005755,O0004992,C00597,2025-06-05,Changed Mind,14.02
R0005756,O0055395,C03221,2025-12-08,Late Delivery,63.12
R0005757,O0009528,C00261,2025-08-07,Not as Expected,147.34
R0005758,O0055675,C05641,2025-07-27,Late Delivery,5.52
R0005759,O0016063,C00828,2025-07-05,Not as Expected,103.42
R0005760,O0058671,C06404,2026-08-25,Wrong Item,13.8
R0005761,O0029311,C00604,2025-08-11,Damaged,245.07
R0005762,O0059085,C06781,2025-10-09,Not as Expected,101.58
R0005763,O0026391,C03789,2025-08-20,Changed Mind,57.35
R0005764,O0001132,C06190,2025-07-30,Changed Mind,9.01
R0005765,O0050110,C02548,2026-07-24,Not as Expected,3470.34
R0005766,O0048273,C05776,2025-07-12,Wrong Item,44.55
R0005767,O0028431,C06211,2026-03-20,Late Delivery,100.68
R0005768,O0058078,C01052,2026-09-17,Not as Expected,69.25
R0005769,O0033035,C07027,2025-03-09,Late Delivery,26.13
R0005770,O0014612,C05971,2025-03-03,Changed Mind,80.86
R0005771,O0056864,C03740,2025-09-20,Wrong Item,57.52
R0005772,O0019226,C03118,2026-01-28,Wrong Item,7.63
R0005773,O0058890,C05430,2025-09-04,Wrong Item,375.74
R0005774,O0009550,C02768,2025-04-02,Damaged,11.87
R0005775,O0019113,C03646,2025-10-14,Changed Mind,121.4
R0005776,O0056027,C03897,2025-12-28,Not as Expected,106.28
R0005777,O0043616,C07184,2026-09-03,Damaged,56.8
R0005778,O0029489,C03850,2026-08-05,Late Delivery,33.68
R0005779,O0013360,C04789,2026-03-01,Late Delivery,24.69
R0005780,O0056479,C04860,2025-05-23,Not as Expected,176.77
R0005781,O0006017,C04528,2025-04-06,Wrong Item,148.26
R0005782,O0036556,C05357,2025-03-11,Wrong Item,15.89
R0005783,O0026592,C03078,2025-06-29,Late Delivery,10.08
R0005784,O0034385,C05286,2026-04-24,Not as Expected,227.01
R0005785,O0058706,C03724,2025-04-25,Not as Expected,22.38
R0005786,O0043816,C05398,2026-08-19,Damaged,53.14
R0005787,O0035366,C04901,2025-06-06,Wrong Item,27.69
R0005788,O0027463,C04413,2026-08-18,Wrong Item,78.31
R0005789,O0035297,C02374,2025-07-08,Wrong Item,451.8
R0005790,O0017709,C05602,2026-04-17,Changed Mind,53.46
R0005791,O0027935,C07536,2025-02-14,Not as Expected,56.17
R0005792,O0042205,C01455,2025-05-20,Wrong Item,23.57
R0005793,O0021174,C00250,2025-03-03,Late Delivery,13.35
R0005794,O0026222,C00568,2026-07-08,Changed Mind,208.11
R0005795,O0017898,C03772,2025-02-18,Late Delivery,38.79
R0005796,O0050824,C03608,2026-05-20,Late Delivery,51.73
R0005797,O0017207,C04344,2025-03-03,Changed Mind,128.69
R0005798,O0049861,C04258,2025-11-15,Changed Mind,326.58
R0005799,O0032470,C06484,2026-03-28,Late Delivery,54.68
R0005800,O0013052,C01790,2025-03-13,Changed Mind,45.71
R0005801,O0035186,C06692,2026-01-24,Not as Expected,816.46
R0005802,O0052325,C05178,2026-07-16,Late Delivery,215.7
R0005803,O0044101,C01028,2026-09-02,Damaged,44.66
R0005804,O0024330,C06694,2025-02-04,Wrong Item,1870.36
R0005805,O0056776,C07071,2025-04-21,Wrong Item,16.55
R0005806,O0002940,C02788,2026-02-07,Changed Mind,172.93
R0005807,O0036126,C02364,2025-09-30,Wrong Item,169.76
R0005808,O0025800,C06512,2025-06-25,Wrong Item,44.79
R0005809,O0025421,C01794,2026-03-09,Damaged,96.26
R0005810,O0011814,C04715,2025-03-18,Changed Mind,172.09
R0005811,O0028734,C01417,2025-11-15,Wrong Item,17.54
R0005812,O0013084,C07921,2025-10-18,Not as Expected,95.48
R0005813,O0020169,C07282,2026-04-23,Damaged,70.16
R0005814,O0036261,C03850,2025-04-19,Damaged,6.88
R0005815,O0034934,C03382,2025-08-21,Wrong Item,31.63
R0005816,O0025496,C05100,2025-10-12,Not as Expected,347.54
R0005817,O0046095,C04837,2026-06-27,Wrong Item,240.25
R0005818,O0048358,C07002,2025-05-30,Late Delivery,37.03
R0005819,O0025632,C04714,2026-01-30,Damaged,190.08
R0005820,O0051402,C01087,2025-07-02,Damaged,35.22
R0005821,O0053548,C01124,2026-04-19,Changed Mind,63.52
R0005822,O0049583,C07262,2026-05-05,Wrong Item,26.61
R0005823,O0056153,C06967,2026-04-08,Changed Mind,113.22
R0005824,O0052391,C02401,2026-02-10,Changed Mind,67.6
R0005825,O0022999,C01542,2026-02-18,Late Delivery,6.87
R0005826,O0048312,C06769,2026-09-16,Not as Expected,3.11
R0005827,O0018853,C07318,2026-04-30,Not as Expected,55.95
R0005828,O0034222,C06354,2026-07-01,Damaged,133.15
R0005829,O0021629,C06501,2025-10-05,Late Delivery,93.07
R0005830,O0045605,C07532,2026-01-30,Late Delivery,42.73
R0005831,O0007162,C04846,2026-04-24,Late Delivery,17.8
R0005832,O0047021,C07185,2026-05-12,Changed Mind,46.96
R0005833,O0027582,C05833,2025-03-22,Damaged,60.21
R0005834,O0052402,C06515,2026-09-09,Wrong Item,40.41
R0005835,O0042145,C03583,2026-08-05,Damaged,883.25
R0005836,O0052876,C00984,2025-06-10,Damaged,72.18
R0005837,O0047180,C01954,2025-07-31,Wrong Item,45.46
R0005838,O0042756,C04025,2026-05-23,Not as Expected,55.26
R0005839,O0037664,C05973,2025-04-12,Not as Expected,444.51
R0005840,O0056449,C00697,2026-02-15,Wrong Item,110.76
R0005841,O0001999,C07857,2026-07-10,Damaged,218.01
R0005842,O0007694,C00675,2025-08-19,Late Delivery,32.72
R0005843,O0039291,C01670,2025-02-19,Changed Mind,31.41
R0005844,O0045492,C01949,2025-08-13,Not as Expected,27.67
R0005845,O0039050,C03371,2026-02-27,Damaged,56.02
R0005846,O0040037,C05544,2025-04-30,Late Delivery,98.2
R0005847,O0030284,C01472,2025-08-28,Changed Mind,14.76
R0005848,O0055708,C05806,2026-01-14,Changed Mind,9.83
R0005849,O0018993,C06475,2025-05-29,Wrong Item,126.57
R0005850,O0056608,C00924,2026-07-19,Changed Mind,9.28
R0005851,O0039999,C00833,2025-06-08,Changed Mind,3.69
R0005852,O0037187,C06719,2025-11-28,Late Delivery,204.49
R0005853,O0052093,C07856,2025-02-02,Wrong Item,37.69
R0005854,O0008853,C00092,2025-07-22,Wrong Item,284.0
R0005855,O0000700,C07848,2026-07-30,Changed Mind,123.59
R0005856,O0031594,C01988,2026-01-31,Late Delivery,312.95
R0005857,O0007097,C07295,2025-10-24,Wrong Item,137.21
R0005858,O0036716,C00274,2026-08-03,Wrong Item,33.21
R0005859,O0033128,C03152,2026-06-12,Late Delivery,24.23
R0005860,O0024798,C02578,2025-11-09,Not as Expected,15.11
R0005861,O0038607,C03615,2025-11-29,Changed Mind,387.52
R0005862,O0030516,C07562,2026-01-29,Not as Expected,72.98
R0005863,O0029198,C03464,2025-09-11,Wrong Item,70.5
R0005864,O0043430,C03163,2026-02-13,Late Delivery,180.67
R0005865,O0000832,C00737,2025-09-29,Wrong Item,70.29
R0005866,O0009800,C00864,2026-06-23,Not as Expected,238.45
R0005867,O0000710,C06700,2026-02-24,Wrong Item,22.25
R0005868,O0041599,C05989,2025-09-21,Damaged,179.25
R0005869,O0048874,C05202,2025-09-03,Damaged,35.5
R0005870,O0009447,C04948,2025-04-17,Damaged,150.12
R0005871,O0001446,C00668,2026-02-06,Wrong Item,253.67
R0005872,O0048786,C02864,2025-05-16,Wrong Item,91.28
R0005873,O0039663,C04356,2026-03-08,Changed Mind,55.13
R0005874,O0032925,C02294,2026-03-13,Changed Mind,220.54
R0005875,O0023130,C04084,2026-06-11,Not as Expected,16.65
R0005876,O0050812,C00328,2025-09-29,Late Delivery,168.38
R0005877,O0021912,C06397,2025-06-20,Wrong Item,135.02
R0005878,O0036731,C00858,2025-04-30,Not as Expected,185.56
R0005879,O0055921,C04743,2025-02-11,Late Delivery,12.43
R0005880,O0009399,C05322,2025-07-03,Late Delivery,50.28
R0005881,O0006172,C05659,2026-02-02,Damaged,2.67
R0005882,O0018231,C02612,2026-03-05,Late Delivery,34.54
R0005883,O0022957,C03485,2025-08-11,Damaged,25.48
R0005884,O0039248,C02542,2025-03-05,Damaged,230.45
R0005885,O0050853,C07857,2025-03-21,Not as Expected,276.85
R0005886,O0046717,C00126,2025-12-27,Damaged,286.22
R0005887,O0006491,C06866,2026-06-20,Damaged,217.72
R0005888,O0013893,C02883,2026-06-07,Damaged,102.79
R0005889,O0046319,C06468,2026-01-27,Damaged,14.94
R0005890,O0023066,C03572,2026-04-12,Not as Expected,124.61
R0005891,O0036033,C03533,2026-02-16,Damaged,9.15
R0005892,O0034456,C02583,2025-12-06,Late Delivery,87.98
R0005893,O0021251,C01869,2026-03-07,Damaged,61.3
R0005894,O0007881,C07881,2026-02-16,Changed Mind,95.36
R0005895,O0027572,C07890,2025-09-29,Late Delivery,117.81
R0005896,O0004479,C04716,2025-06-19,Changed Mind,370.53
R0005897,O0005336,C01775,2026-01-12,Changed Mind,219.27
R0005898,O0001201,C07520,2025-03-18,Changed Mind,31.86
R0005899,O0053311,C03570,2025-10-07,Wrong Item,85.64
R0005900,O0052028,C01452,2025-08-29,Damaged,209.36
R0005901,O0055685,C05450,2026-03-18,Late Delivery,194.35
R0005902,O0045365,C00785,2025-09-12,Late Delivery,40.05
R0005903,O0050382,C07562,2025-11-01,Changed Mind,87.33
R0005904,O0039973,C05599,2026-07-08,Changed Mind,84.0
R0005905,O0039519,C01240,2026-03-24,Changed Mind,32.94
R0005906,O0041900,C02495,2025-02-23,Late Delivery,32.85
R0005907,O0007084,C03286,2025-05-30,Damaged,282.66
R0005908,O0051478,C05345,2026-08-12,Damaged,238.65
R0005909,O0034421,C01971,2026-01-18,Wrong Item,182.26
R0005910,O0012070,C04025,2025-01-15,Damaged,32.26
R0005911,O0002189,C07465,2026-08-17,Changed Mind,31.09
R0005912,O0029359,C07463,2025-10-07,Not as Expected,103.63
R0005913,O0050680,C02831,2026-04-17,Damaged,86.75
R0005914,O0028003,C01419,2026-09-10,Damaged,176.11
R0005915,O0010940,C00742,2025-02-14,Wrong Item,396.11
R0005916,O0024321,C05822,2026-09-01,Wrong Item,24.02
R0005917,O0017151,C00274,2025-06-28,Late Delivery,23.77
R0005918,O0037797,C03123,2026-02-04,Wrong Item,23.91
R0005919,O0033053,C03036,2026-08-02,Late Delivery,98.24
R0005920,O0018195,C05671,2026-04-06,Not as Expected,38.87
R0005921,O0058180,C00906,2025-04-29,Not as Expected,73.2
R0005922,O0058197,C02973,2026-03-08,Not as Expected,108.68
R0005923,O0017427,C06861,2025-08-26,Not as Expected,37.47
R0005924,O0052014,C02118,2025-09-09,Late Delivery,6.91
R0005925,O0042289,C07023,2025-10-30,Wrong Item,7.66
R0005926,O0035091,C01803,2025-12-14,Late Delivery,18.33
R0005927,O0015836,C02886,2025-05-16,Damaged,65.38
R0005928,O0021941,C01120,2025-07-16,Not as Expected,8.73
R0005929,O0029377,C03076,2026-02-04,Damaged,75.11
R0005930,O0043568,C01454,2025-01-20,Not as Expected,8.37
R0005931,O0041169,C06004,2025-08-29,Damaged,185.44
R0005932,O0005554,C05045,2026-03-23,Late Delivery,306.7
R0005933,O0016440,C05862,2025-03-14,Changed Mind,22.0
R0005934,O0056377,C01529,2026-06-28,Changed Mind,64.16
R0005935,O0029473,C05695,2026-08-13,Late Delivery,15.8
R0005936,O0037673,C02878,2025-08-09,Not as Expected,2.75
R0005937,O0049503,C06975,2026-06-20,Damaged,14.68
R0005938,O0045017,C03792,2026-08-11,Not as Expected,127.27
R0005939,O0007070,C06709,2026-08-28,Not as Expected,90.94
R0005940,O0029407,C07431,2025-03-25,Damaged,2163.4
R0005941,O0051966,C06727,2026-05-15,Wrong Item,21.23
R0005942,O0052887,C04233,2026-05-24,Changed Mind,552.74
R0005943,O0026168,C00425,2026-04-01,Damaged,90.73
R0005944,O0013681,C00672,2025-08-03,Damaged,236.62
R0005945,O0031533,C05213,2026-08-23,Late Delivery,49.1
R0005946,O0028906,C02099,2026-09-07,Changed Mind,70.61
R0005947,O0049410,C06109,2026-07-01,Damaged,58.11
R0005948,O0049293,C03820,2026-09-07,Not as Expected,545.38
R0005949,O0006302,C01355,2026-06-06,Changed Mind,20.4
R0005950,O0006756,C06394,2026-06-08,Damaged,8.49
R0005951,O0045191,C06481,2025-06-22,Not as Expected,134.69
R0005952,O0021971,C01879,2026-09-03,Late Delivery,50.04
R0005953,O0039154,C07153,2025-11-25,Changed Mind,139.76
R0005954,O0045821,C01010,2026-08-31,Wrong Item,37.19
R0005955,O0047881,C02067,2026-02-23,Not as Expected,57.28
R0005956,O0032076,C07444,2025-07-08,Not as Expected,134.76
R0005957,O0040344,C04897,2026-03-28,Wrong Item,19.12
R0005958,O0024384,C04367,2025-10-14,Damaged,34.67
R0005959,O0026987,C07173,2025-05-21,Late Delivery,117.92
R0005960,O0037578,C07886,2026-08-15,Damaged,72.3
R0005961,O0038944,C01790,2025-01-31,Wrong Item,33.3
R0005962,O0001912,C04759,2025-09-24,Wrong Item,106.43
R0005963,O0011749,C03966,2026-08-06,Not as Expected,49.92
R0005964,O0030550,C06453,2026-01-07,Damaged,52.15
R0005965,O0058536,C07154,2026-04-07,Late Delivery,744.67
R0005966,O0049753,C07198,2025-02-01,Damaged,293.54
R0005967,O0057027,C03423,2026-05-03,Damaged,117.01
R0005968,O0009001,C05537,2026-02-21,Wrong Item,58.19
R0005969,O0035202,C06269,2025-10-27,Not as Expected,111.31
R0005970,O0050509,C07258,2026-03-05,Wrong Item,26.6
R0005971,O0056056,C04406,2026-02-24,Damaged,77.0
R0005972,O0008852,C02104,2026-02-06,Not as Expected,158.06
R0005973,O0043251,C02954,2025-09-05,Not as Expected,19.56
R0005974,O0024071,C06656,2025-02-08,Wrong Item,107.45
R0005975,O0059527,C00158,2025-07-10,Not as Expected,126.11
R0005976,O0015752,C06181,2025-12-10,Not as Expected,229.24
R0005977,O0044765,C04231,2025-08-16,Changed Mind,179.21
R0005978,O0045244,C05589,2025-11-16,Wrong Item,20.35
R0005979,O0007074,C05427,2026-09-04,Changed Mind,24.15
R0005980,O0048578,C00683,2026-01-13,Late Delivery,48.17
R0005981,O0050958,C06908,2025-11-08,Damaged,15.84
R0005982,O0000993,C07738,2025-04-08,Changed Mind,10.24
R0005983,O0053334,C06734,2026-08-22,Changed Mind,49.69
R0005984,O0025121,C02764,2026-03-18,Damaged,50.53
R0005985,O0000788,C06888,2026-05-31,Not as Expected,22.88
R0005986,O0046022,C07109,2026-07-15,Changed Mind,69.62
R0005987,O0021143,C01987,2025-02-10,Late Delivery,125.43
R0005988,O0049824,C07790,2025-02-13,Damaged,194.8
R0005989,O0030501,C05766,2026-07-05,Damaged,75.56
R0005990,O0035376,C03378,2026-02-01,Damaged,17.36
R0005991,O0020418,C03692,2025-10-09,Damaged,110.23
R0005992,O0033286,C03299,2026-04-14,Damaged,32.47
R0005993,O0026789,C00793,2026-03-25,Wrong Item,8.76
R0005994,O0029948,C01793,2025-10-30,Wrong Item,66.53
R0005995,O0055998,C01359,2025-03-23,Damaged,4.07
R0005996,O0057846,C03220,2026-05-30,Changed Mind,369.49
R0005997,O0015185,C05231,2025-10-08,Not as Expected,119.29
R0005998,O0019742,C03286,2025-11-24,Late Delivery,48.35
R0005999,O0016423,C04124,2026-05-24,Changed Mind,28.76
R0006000,O0009588,C03664,2025-10-31,Changed Mind,44.75
